text,label,start,end,doc_id,filename
net-zero,CARDINAL,70,78,doc_001,Ammonia White Paper
CCS Carbon,ORG,230,240,doc_001,Ammonia White Paper
CCUS Carbon,PRODUCT,261,272,doc_001,Ammonia White Paper
CO 2e Carbon,PRODUCT,355,367,doc_001,Ammonia White Paper
HFO Heavy,PRODUCT,387,396,doc_001,Ammonia White Paper
FS Flow,ORG,432,439,doc_001,Ammonia White Paper
FSS Fuel,ORG,447,455,doc_001,Ammonia White Paper
FVT Fuel,ORG,470,478,doc_001,Ammonia White Paper
GHG Greenhouse,ORG,491,505,doc_001,Ammonia White Paper
HP High,PRODUCT,555,562,doc_001,Ammonia White Paper
LGI Liquid,ORG,572,582,doc_001,Ammonia White Paper
LH 2 Liquid,WORK_OF_ART,597,608,doc_001,Ammonia White Paper
LNG,ORG,618,621,doc_001,Ammonia White Paper
MGO Marine,ORG,710,720,doc_001,Ammonia White Paper
NG Natural,ORG,764,774,doc_001,Ammonia White Paper
3 Ammonia PEM Proton,PRODUCT,821,841,doc_001,Ammonia White Paper
PV Photovoltaic,FAC,882,897,doc_001,Ammonia White Paper
Selective,NORP,931,940,doc_001,Ammonia White Paper
SMR Steam,ORG,962,971,doc_001,Ammonia White Paper
fig,ORG,1087,1090,doc_001,Ammonia White Paper
zero,CARDINAL,1480,1484,doc_001,Ammonia White Paper
Christian Rufer,PERSON,1652,1667,doc_001,Ammonia White Paper
Schweiz AG,PERSON,1691,1701,doc_001,Ammonia White Paper
Switzerland,GPE,1703,1709,doc_001,Ammonia White Paper
Business Development,ORG,1757,1779,doc_001,Ammonia White Paper
October 2024,DATE,1792,1804,doc_001,Ammonia White Paper
2050,DATE,1893,1897,doc_001,Ammonia White Paper
Zero,CARDINAL,2989,2993,doc_001,Ammonia White Paper
Nitrogen,ORG,3260,3268,doc_001,Ammonia White Paper
18.6,CARDINAL,3998,4002,doc_001,Ammonia White Paper
nearly 70 %,PERCENT,4397,4408,doc_001,Ammonia White Paper
about 3 %,PERCENT,4464,4473,doc_001,Ammonia White Paper
2020 2025,DATE,4918,4927,doc_001,Ammonia White Paper
2030 2035 2040,DATE,4928,4942,doc_001,Ammonia White Paper
2045 2050800,DATE,4943,4955,doc_001,Ammonia White Paper
2020,DATE,5197,5201,doc_001,Ammonia White Paper
approximately 183 million metric tons,QUANTITY,5230,5268,doc_001,Ammonia White Paper
IRENA & AEA 2022,ORG,5274,5290,doc_001,Ammonia White Paper
over 290,CARDINAL,6079,6087,doc_001,Ammonia White Paper
2023,CARDINAL,6167,6171,doc_001,Ammonia White Paper
MAN Energy Solutions,ORG,7428,7448,doc_001,Ammonia White Paper
two,CARDINAL,7593,7596,doc_001,Ammonia White Paper
four,CARDINAL,7608,7612,doc_001,Ammonia White Paper
up to 26,CARDINAL,7655,7663,doc_001,Ammonia White Paper
44 %,PERCENT,7941,7945,doc_001,Ammonia White Paper
about 200 million tons,QUANTITY,8025,8048,doc_001,Ammonia White Paper
Raucci,PERSON,8093,8099,doc_001,Ammonia White Paper
2023,DATE,8107,8111,doc_001,Ammonia White Paper
Tab,PERSON,8114,8117,doc_001,Ammonia White Paper
fuelsPropertyAmmonia,GPE,8145,8165,doc_001,Ammonia White Paper
LNG)Heavy,NORP,8228,8237,doc_001,Ammonia White Paper
18.6 42.7,CARDINAL,8351,8360,doc_001,Ammonia White Paper
19.9,CARDINAL,8369,8373,doc_001,Ammonia White Paper
46 120,CARDINAL,8374,8380,doc_001,Ammonia White Paper
"36,500",CARDINAL,8425,8431,doc_001,Ammonia White Paper
"26,700",CARDINAL,8439,8445,doc_001,Ammonia White Paper
MGO,ORG,8470,8473,doc_001,Ammonia White Paper
100 %,PERCENT,8476,8481,doc_001,Ammonia White Paper
280 %,PERCENT,8482,8487,doc_001,Ammonia White Paper
170 %,PERCENT,8494,8499,doc_001,Ammonia White Paper
97 %,PERCENT,8500,8504,doc_001,Ammonia White Paper
240 %,PERCENT,8505,8510,doc_001,Ammonia White Paper
130 %,PERCENT,8511,8516,doc_001,Ammonia White Paper
420 %,PERCENT,8517,8522,doc_001,Ammonia White Paper
651 250,CARDINAL,8612,8619,doc_001,Ammonia White Paper
7.2,CARDINAL,8681,8684,doc_001,Ammonia White Paper
40 36,DATE,8685,8690,doc_001,Ammonia White Paper
34 37- 43,DATE,8696,8705,doc_001,Ammonia White Paper
kg CO 2,PERSON,8734,8741,doc_001,Ammonia White Paper
2 %,PERCENT,8879,8882,doc_001,Ammonia White Paper
0.1- 0.5,CARDINAL,8883,8891,doc_001,Ammonia White Paper
3 %,PERCENT,8898,8901,doc_001,Ammonia White Paper
0.5,CARDINAL,8911,8914,doc_001,Ammonia White Paper
Pros,PERSON,9266,9270,doc_001,Ammonia White Paper
CO 2,PRODUCT,9415,9419,doc_001,Ammonia White Paper
2021,DATE,10757,10761,doc_001,Ammonia White Paper
FVT FSSRecirculation,ORG,10987,11007,doc_001,Ammonia White Paper
Fig,PERSON,11016,11019,doc_001,Ammonia White Paper
One,CARDINAL,11088,11091,doc_001,Ammonia White Paper
Hydraulic,NORP,11172,11181,doc_001,Ammonia White Paper
First,ORDINAL,11532,11537,doc_001,Ammonia White Paper
Second,ORDINAL,11627,11633,doc_001,Ammonia White Paper
Third,ORDINAL,11777,11782,doc_001,Ammonia White Paper
Fourth,ORDINAL,11954,11960,doc_001,Ammonia White Paper
Raucci,PRODUCT,12088,12094,doc_001,Ammonia White Paper
MAN’s Research Centre,ORG,12313,12335,doc_001,Ammonia White Paper
Copenhagen,ORG,12339,12349,doc_001,Ammonia White Paper
July 2023,DATE,12354,12363,doc_001,Ammonia White Paper
FSS,ORG,12428,12431,doc_001,Ammonia White Paper
crackersHydrogen carrier,PERSON,13010,13034,doc_001,Ammonia White Paper
Europe,LOC,13628,13634,doc_001,Ammonia White Paper
Japan,GPE,13639,13644,doc_001,Ammonia White Paper
Trangwachirachai,GPE,14079,14095,doc_001,Ammonia White Paper
30 bar < 10,QUANTITY,14897,14908,doc_001,Ammonia White Paper
H₂ NH₃ Products CO,PERSON,14966,14984,doc_001,Ammonia White Paper
Tropsch Fuels,PERSON,15184,15197,doc_001,Ammonia White Paper
Dimethyl,PERSON,15200,15208,doc_001,Ammonia White Paper
DME,ORG,15216,15219,doc_001,Ammonia White Paper
Oxo,GPE,15222,15225,doc_001,Ammonia White Paper
LGI,ORG,15407,15410,doc_001,Ammonia White Paper
MGO -Ammonia,ORG,15509,15522,doc_001,Ammonia White Paper
Mitsui E&S,PERSON,15620,15630,doc_001,Ammonia White Paper
2024,DATE,15763,15767,doc_001,Ammonia White Paper
Syngas,LOC,16206,16212,doc_001,Ammonia White Paper
500 °C400,CARDINAL,16247,16256,doc_001,Ammonia White Paper
Haber-Bosch,ORG,16291,16302,doc_001,Ammonia White Paper
approximately 190 million metric tons,QUANTITY,16466,16503,doc_001,Ammonia White Paper
about 8.6,CARDINAL,16527,16536,doc_001,Ammonia White Paper
Today,DATE,16585,16590,doc_001,Ammonia White Paper
2.4 tons,QUANTITY,16653,16661,doc_001,Ammonia White Paper
CO 2e,PRODUCT,16666,16671,doc_001,Ammonia White Paper
BAT,ORG,16717,16720,doc_001,Ammonia White Paper
about 30,CARDINAL,16765,16773,doc_001,Ammonia White Paper
1.7 tons,QUANTITY,16834,16842,doc_001,Ammonia White Paper
about 0.6 tons,QUANTITY,16907,16921,doc_001,Ammonia White Paper
0.6 tons,QUANTITY,17074,17082,doc_001,Ammonia White Paper
0.2 tons,QUANTITY,17100,17108,doc_001,Ammonia White Paper
CO 2e,ORG,17112,17117,doc_001,Ammonia White Paper
The Haber-Bosch,PERSON,17141,17156,doc_001,Ammonia White Paper
650 °C,CARDINAL,17328,17334,doc_001,Ammonia White Paper
400 bar,QUANTITY,17612,17619,doc_001,Ammonia White Paper
"1,200",CARDINAL,18212,18217,doc_001,Ammonia White Paper
"1,000",CARDINAL,18221,18226,doc_001,Ammonia White Paper
diagram13,PRODUCT,18363,18372,doc_001,Ammonia White Paper
2O→CO+3H 22,DATE,18966,18977,doc_001,Ammonia White Paper
35 bar,QUANTITY,19244,19250,doc_001,Ammonia White Paper
argon,ORG,19714,19719,doc_001,Ammonia White Paper
-CO₂,PERSON,19780,19784,doc_001,Ammonia White Paper
ATR,ORG,19940,19943,doc_001,Ammonia White Paper
1500 ton,QUANTITY,20045,20053,doc_001,Ammonia White Paper
exchangerHP,ORG,20137,20148,doc_001,Ammonia White Paper
2CO,CARDINAL,20302,20305,doc_001,Ammonia White Paper
POX,ORG,20772,20775,doc_001,Ammonia White Paper
SMR.Air,ORG,21112,21119,doc_001,Ammonia White Paper
about 5.5,CARDINAL,21217,21226,doc_001,Ammonia White Paper
MW PEM,ORG,22005,22011,doc_001,Ammonia White Paper
ExpanderThermal,ORG,22134,22149,doc_001,Ammonia White Paper
Heat pump15 Hydrogen,FAC,22356,22376,doc_001,Ammonia White Paper
30 to 35,CARDINAL,23170,23178,doc_001,Ammonia White Paper
MAN Energy Solutions',ORG,24352,24373,doc_001,Ammonia White Paper
Quest One,ORG,24387,24396,doc_001,Ammonia White Paper
95 %,PERCENT,25021,25025,doc_001,Ammonia White Paper
CCS Electrolysis Energy,ORG,25056,25079,doc_001,Ammonia White Paper
21 25.8,QUANTITY,25118,25125,doc_001,Ammonia White Paper
25.8,CARDINAL,25134,25138,doc_001,Ammonia White Paper
18.6 0,CARDINAL,25139,25145,doc_001,Ammonia White Paper
11.1,CARDINAL,25151,25155,doc_001,Ammonia White Paper
2.1,DATE,25156,25159,doc_001,Ammonia White Paper
2.1,CARDINAL,25170,25173,doc_001,Ammonia White Paper
15.1 0,CARDINAL,25174,25180,doc_001,Ammonia White Paper
4.9 36,DATE,25209,25215,doc_001,Ammonia White Paper
0 2.6,CARDINAL,25239,25244,doc_001,Ammonia White Paper
32.4,CARDINAL,25256,25260,doc_001,Ammonia White Paper
28.9,CARDINAL,25261,25265,doc_001,Ammonia White Paper
33.1,CARDINAL,25271,25275,doc_001,Ammonia White Paper
29.4,CARDINAL,25276,25280,doc_001,Ammonia White Paper
38.6 36,DATE,25281,25288,doc_001,Ammonia White Paper
41.2 34.4,CARDINAL,25316,25325,doc_001,Ammonia White Paper
3 1.8,PRODUCT,25360,25365,doc_001,Ammonia White Paper
1.5,CARDINAL,25366,25369,doc_001,Ammonia White Paper
3.2,CARDINAL,25370,25373,doc_001,Ammonia White Paper
0.2,CARDINAL,25374,25377,doc_001,Ammonia White Paper
Plant &,ORG,25438,25445,doc_001,Ammonia White Paper
0.025 0.025 0.028,MONEY,25458,25475,doc_001,Ammonia White Paper
0.2 0.17,CARDINAL,25519,25527,doc_001,Ammonia White Paper
1.79 1.85,CARDINAL,25587,25596,doc_001,Ammonia White Paper
3.93,PRODUCT,25597,25601,doc_001,Ammonia White Paper
0.37,CARDINAL,25602,25606,doc_001,Ammonia White Paper
1.23 4.3,CARDINAL,25612,25620,doc_001,Ammonia White Paper
1.98,CARDINAL,25655,25659,doc_001,Ammonia White Paper
3.57,CARDINAL,25665,25669,doc_001,Ammonia White Paper
2024b,DATE,28527,28532,doc_001,Ammonia White Paper
2024a,DATE,28917,28922,doc_001,Ammonia White Paper
2024d,DATE,29206,29211,doc_001,Ammonia White Paper
2018,DATE,29280,29284,doc_001,Ammonia White Paper
2024e,DATE,29340,29345,doc_001,Ammonia White Paper
2024f,DATE,29433,29438,doc_001,Ammonia White Paper
Bibliography Cetinkaya,ORG,29823,29845,doc_001,Ammonia White Paper
Dincer,PERSON,29851,29857,doc_001,Ammonia White Paper
Naterer,ORG,29863,29870,doc_001,Ammonia White Paper
G.F.,GPE,29872,29876,doc_001,Ammonia White Paper
2012,DATE,29878,29882,doc_001,Ammonia White Paper
International Journal,ORG,29947,29968,doc_001,Ammonia White Paper
Hydrogen Energy,ORG,29973,29988,doc_001,Ammonia White Paper
Norway,GPE,30106,30112,doc_001,Ammonia White Paper
Det Norske Veritas,PERSON,30114,30132,doc_001,Ammonia White Paper
IEA,PERSON,30153,30156,doc_001,Ammonia White Paper
Ammonia Technology Roadmap,ORG,30165,30191,doc_001,Ammonia White Paper
France,GPE,30193,30198,doc_001,Ammonia White Paper
International Energy Agency,ORG,30208,30235,doc_001,Ammonia White Paper
Abu Dhabi,ORG,30599,30608,doc_001,Ammonia White Paper
International Renewable Energy Agency,ORG,30615,30652,doc_001,Ammonia White Paper
IRENA & AEA,ORG,30673,30684,doc_001,Ammonia White Paper
2022,DATE,30686,30690,doc_001,Ammonia White Paper
Innovation Outlook: Renewable Ammonia,PERSON,30693,30730,doc_001,Ammonia White Paper
Brooklyn,GPE,30788,30796,doc_001,Ammonia White Paper
United States,GPE,30798,30801,doc_001,Ammonia White Paper
Ammonia Energy Association,ORG,30803,30829,doc_001,Ammonia White Paper
Expected,NORP,30982,30990,doc_001,Ammonia White Paper
2011,DATE,31056,31060,doc_001,Ammonia White Paper
Augsburg,ORG,31171,31179,doc_001,Ammonia White Paper
MAN B&W,ORG,31331,31338,doc_001,Ammonia White Paper
Denmark,GPE,31391,31398,doc_001,Ammonia White Paper
2023a,DATE,31518,31523,doc_001,Ammonia White Paper
Augsburg,GPE,31609,31617,doc_001,Ammonia White Paper
2023b,DATE,31665,31670,doc_001,Ammonia White Paper
2024c,DATE,32006,32011,doc_001,Ammonia White Paper
Haber-Bosch,PERSON,32145,32156,doc_001,Ammonia White Paper
UN Trade and Development,ORG,32827,32851,doc_001,Ammonia White Paper
C. & Karan,ORG,32952,32962,doc_001,Ammonia White Paper
United Kingdom,GPE,33028,33034,doc_001,Ammonia White Paper
Lloyd’s Register,ORG,33040,33056,doc_001,Ammonia White Paper
Littlefield,GPE,33158,33169,doc_001,Ammonia White Paper
Skone,ORG,33186,33191,doc_001,Ammonia White Paper
T. J.,PERSON,33193,33198,doc_001,Ammonia White Paper
2019,DATE,33200,33204,doc_001,Ammonia White Paper
Pittsburgh,GPE,33318,33328,doc_001,Ammonia White Paper
National Energy Technology Laboratory,ORG,33335,33372,doc_001,Ammonia White Paper
Rouwenhorst,GPE,33415,33426,doc_001,Ammonia White Paper
Lefferts,PERSON,33432,33440,doc_001,Ammonia White Paper
Faria Albanese,PERSON,33446,33460,doc_001,Ammonia White Paper
J.A.,GPE,33462,33466,doc_001,Ammonia White Paper
Net-Zero Industry,ORG,33653,33670,doc_001,Ammonia White Paper
Cologny,ORG,33720,33727,doc_001,Ammonia White Paper
Tamadon,GPE,33793,33800,doc_001,Ammonia White Paper
Pons,PERSON,33806,33810,doc_001,Ammonia White Paper
Natural Gas Steam Reforming,ORG,33872,33899,doc_001,Ammonia White Paper
Biomass Gasification,ORG,33905,33925,doc_001,Ammonia White Paper
Carbon Border Adjustment,PERSON,0,25,doc_002,Carbon Border Adjustment Mechanism
European Union,ORG,90,92,doc_002,Carbon Border Adjustment Mechanism
EU Commission,ORG,93,106,doc_002,Carbon Border Adjustment Mechanism
Belgium,GPE,108,116,doc_002,Carbon Border Adjustment Mechanism
March 2023,DATE,119,129,doc_002,Carbon Border Adjustment Mechanism
Europe,LOC,389,395,doc_002,Carbon Border Adjustment Mechanism
2European Green Deal,PRODUCT,418,438,doc_002,Carbon Border Adjustment Mechanism
Social Climate Fund,ORG,946,966,doc_002,Carbon Border Adjustment Mechanism
European,NORP,1227,1235,doc_002,Carbon Border Adjustment Mechanism
Carbon Border Adjustment Mechanism,LAW,1415,1419,doc_002,Carbon Border Adjustment Mechanism
Contribute,ORG,1662,1672,doc_002,Carbon Border Adjustment Mechanism
2050,DATE,1741,1745,doc_002,Carbon Border Adjustment Mechanism
Four,CARDINAL,1808,1812,doc_002,Carbon Border Adjustment Mechanism
Mirror EU,ORG,1836,1845,doc_002,Carbon Border Adjustment Mechanism
WTO,ORG,2007,2010,doc_002,Carbon Border Adjustment Mechanism
Carbon,CARDINAL,2374,2381,doc_002,Carbon Border Adjustment Mechanism
annual,DATE,2561,2567,doc_002,Carbon Border Adjustment Mechanism
Background,PERSON,2582,2592,doc_002,Carbon Border Adjustment Mechanism
The EUEmissions Trading System,ORG,2607,2637,doc_002,Carbon Border Adjustment Mechanism
2024,DATE,2759,2763,doc_002,Carbon Border Adjustment Mechanism
2027,DATE,2787,2791,doc_002,Carbon Border Adjustment Mechanism
each year,DATE,2871,2880,doc_002,Carbon Border Adjustment Mechanism
EU,NORP,3239,3242,doc_002,Carbon Border Adjustment Mechanism
third,ORDINAL,3746,3751,doc_002,Carbon Border Adjustment Mechanism
first,ORDINAL,3905,3910,doc_002,Carbon Border Adjustment Mechanism
FERTILISER,ORG,3920,3930,doc_002,Carbon Border Adjustment Mechanism
45%,PERCENT,4115,4118,doc_002,Carbon Border Adjustment Mechanism
second,ORDINAL,4180,4186,doc_002,Carbon Border Adjustment Mechanism
October 2023 -,DATE,4350,4365,doc_002,Carbon Border Adjustment Mechanism
December 2025Post,DATE,4365,4382,doc_002,Carbon Border Adjustment Mechanism
January 2026,DATE,4404,4416,doc_002,Carbon Border Adjustment Mechanism
CBAM Committee Phase,ORG,4492,4512,doc_002,Carbon Border Adjustment Mechanism
CBAM Review Scope,ORG,4548,4566,doc_002,Carbon Border Adjustment Mechanism
2026 2027,DATE,4659,4668,doc_002,Carbon Border Adjustment Mechanism
2029 2030 2031 2032 2033 2034,DATE,4674,4703,doc_002,Carbon Border Adjustment Mechanism
2.5p.p.2.5p.p.5p.p.12.5,CARDINAL,4704,4727,doc_002,Carbon Border Adjustment Mechanism
2.5%,PERCENT,4771,4775,doc_002,Carbon Border Adjustment Mechanism
10%,PERCENT,4779,4782,doc_002,Carbon Border Adjustment Mechanism
22.5%48.5%,PERCENT,4783,4793,doc_002,Carbon Border Adjustment Mechanism
61%,PERCENT,4794,4797,doc_002,Carbon Border Adjustment Mechanism
73.5%86%,PERCENT,4798,4806,doc_002,Carbon Border Adjustment Mechanism
100%,PERCENT,4807,4811,doc_002,Carbon Border Adjustment Mechanism
2028,DATE,4823,4827,doc_002,Carbon Border Adjustment Mechanism
DownstreamScope,ORG,4923,4938,doc_002,Carbon Border Adjustment Mechanism
Emissions under,ORG,5382,5397,doc_002,Carbon Border Adjustment Mechanism
October 2023,DATE,6028,6040,doc_002,Carbon Border Adjustment Mechanism
2025,DATE,6051,6055,doc_002,Carbon Border Adjustment Mechanism
the preceding quarter,DATE,6137,6158,doc_002,Carbon Border Adjustment Mechanism
EUR,ORG,6870,6873,doc_002,Carbon Border Adjustment Mechanism
Article 23 of Council Regulation,LAW,6911,6943,doc_002,Carbon Border Adjustment Mechanism
European Commission,ORG,6945,6947,doc_002,Carbon Border Adjustment Mechanism
1186/2009,DATE,6953,6962,doc_002,Carbon Border Adjustment Mechanism
two years,DATE,8145,8155,doc_002,Carbon Border Adjustment Mechanism
January 2028,DATE,8230,8242,doc_002,Carbon Border Adjustment Mechanism
List of Implementing and Delegated Acts,WORK_OF_ART,8978,9017,doc_002,Carbon Border Adjustment Mechanism
2(2,CARDINAL,9043,9046,doc_002,Carbon Border Adjustment Mechanism
5(6,CARDINAL,9061,9064,doc_002,Carbon Border Adjustment Mechanism
6(6,CARDINAL,9103,9106,doc_002,Carbon Border Adjustment Mechanism
21(3,CARDINAL,9369,9373,doc_002,Carbon Border Adjustment Mechanism
31(2,CARDINAL,9468,9472,doc_002,Carbon Border Adjustment Mechanism
18(3,CARDINAL,9648,9652,doc_002,Carbon Border Adjustment Mechanism
25CBAM,CARDINAL,9982,9988,doc_002,Carbon Border Adjustment Mechanism
OECD,ORG,10293,10297,doc_002,Carbon Border Adjustment Mechanism
ClubGlobal,PRODUCT,10404,10414,doc_002,Carbon Border Adjustment Mechanism
five,CARDINAL,10583,10587,doc_002,Carbon Border Adjustment Mechanism
Transitional PhaseThe CBAM,ORG,11034,11060,doc_002,Carbon Border Adjustment Mechanism
CBAMETSETS,ORG,11230,11240,doc_002,Carbon Border Adjustment Mechanism
Emissions Trading System,LAW,11320,11323,doc_002,Carbon Border Adjustment Mechanism
Sinter CokeIron,ORG,11791,11806,doc_002,Carbon Border Adjustment Mechanism
Complex,NORP,12030,12037,doc_002,Carbon Border Adjustment Mechanism
CO2 CO2 CO2An,ORG,12050,12063,doc_002,Carbon Border Adjustment Mechanism
Commission Implementing Regulation,ORG,12183,12217,doc_002,Carbon Border Adjustment Mechanism
2018/2067,DATE,12224,12233,doc_002,Carbon Border Adjustment Mechanism
prepare,ORG,12446,12454,doc_002,Carbon Border Adjustment Mechanism
CO2,PRODUCT,12674,12677,doc_002,Carbon Border Adjustment Mechanism
weekly,DATE,12892,12898,doc_002,Carbon Border Adjustment Mechanism
•When,PERSON,13111,13116,doc_002,Carbon Border Adjustment Mechanism
International Energy Agency,ORG,13702,13705,doc_002,Carbon Border Adjustment Mechanism
33Default,CARDINAL,13801,13810,doc_002,Carbon Border Adjustment Mechanism
Next,ORG,13818,13822,doc_002,Carbon Border Adjustment Mechanism
35Formal,CARDINAL,13829,13837,doc_002,Carbon Border Adjustment Mechanism
•May,PERSON,13848,13852,doc_002,Carbon Border Adjustment Mechanism
October,DATE,13962,13969,doc_002,Carbon Border Adjustment Mechanism
2023Review,CARDINAL,13971,13981,doc_002,Carbon Border Adjustment Mechanism
2020,DATE,14093,14097,doc_002,Carbon Border Adjustment Mechanism
4.0,CARDINAL,14182,14185,doc_002,Carbon Border Adjustment Mechanism
Key Solution,GPE,38,50,doc_003,Carbon Capture in Industry - Policy Brief
Franz Josef,PERSON,99,110,doc_003,Carbon Capture in Industry - Policy Brief
"April 4, 2025",DATE,123,136,doc_003,Carbon Capture in Industry - Policy Brief
Preliminary Remarks,PERSON,137,156,doc_003,Carbon Capture in Industry - Policy Brief
Franz Josef Radermacher,PERSON,158,181,doc_003,Carbon Capture in Industry - Policy Brief
Tobias Orthen,PERSON,186,199,doc_003,Carbon Capture in Industry - Policy Brief
GES,ORG,206,209,doc_003,Carbon Capture in Industry - Policy Brief
FAW,ORG,214,217,doc_003,Carbon Capture in Industry - Policy Brief
the Council of Engineers for the Energy Transition (CEET,ORG,238,294,doc_003,Carbon Capture in Industry - Policy Brief
the CEET’s Policy Brief,ORG,341,364,doc_003,Carbon Capture in Industry - Policy Brief
Carbon Capture and,ORG,368,386,doc_003,Carbon Capture in Industry - Policy Brief
Usage/Storage,ORG,387,400,doc_003,Carbon Capture in Industry - Policy Brief
First,ORDINAL,441,446,doc_003,Carbon Capture in Industry - Policy Brief
T. Orthen,PERSON,514,523,doc_003,Carbon Capture in Industry - Policy Brief
29th,ORDINAL,531,535,doc_003,Carbon Capture in Industry - Policy Brief
UN Climate Conference,ORG,536,557,doc_003,Carbon Capture in Industry - Policy Brief
2024,DATE,566,570,doc_003,Carbon Capture in Industry - Policy Brief
CEET,PERSON,576,580,doc_003,Carbon Capture in Industry - Policy Brief
net-zero,CARDINAL,733,741,doc_003,Carbon Capture in Industry - Policy Brief
2050,DATE,755,759,doc_003,Carbon Capture in Industry - Policy Brief
September 2021,DATE,786,800,doc_003,Carbon Capture in Industry - Policy Brief
Gerd Müller,PERSON,826,837,doc_003,Carbon Capture in Industry - Policy Brief
the United Nations Industrial Development Organization (UNIDO,ORG,859,920,doc_003,Carbon Capture in Industry - Policy Brief
Jeffrey Sachs,PERSON,937,950,doc_003,Carbon Capture in Industry - Policy Brief
the UN Sustainable Development Solutions Network,ORG,965,1013,doc_003,Carbon Capture in Industry - Policy Brief
2022,DATE,1142,1146,doc_003,Carbon Capture in Industry - Policy Brief
mid-century,DATE,1973,1984,doc_003,Carbon Capture in Industry - Policy Brief
CO₂,NORP,2086,2089,doc_003,Carbon Capture in Industry - Policy Brief
three,CARDINAL,2224,2229,doc_003,Carbon Capture in Industry - Policy Brief
Capture - CO₂,ORG,2245,2258,doc_003,Carbon Capture in Industry - Policy Brief
Carbon Capture,ORG,2740,2754,doc_003,Carbon Capture in Industry - Policy Brief
Current State of CCS,ORG,3014,3034,doc_003,Carbon Capture in Industry - Policy Brief
Global Growth and Industry Adoption CCS,ORG,3036,3075,doc_003,Carbon Capture in Industry - Policy Brief
recent years,DATE,3112,3124,doc_003,Carbon Capture in Industry - Policy Brief
over 500,CARDINAL,3226,3234,doc_003,Carbon Capture in Industry - Policy Brief
• Cement and Steel Production - These,ORG,3485,3522,doc_003,Carbon Capture in Industry - Policy Brief
nearly 15%,PERCENT,3546,3556,doc_003,Carbon Capture in Industry - Policy Brief
Cement and Steel,ORG,3966,3982,doc_003,Carbon Capture in Industry - Policy Brief
F. J. Radermacher,PERSON,4056,4073,doc_003,Carbon Capture in Industry - Policy Brief
N. Ahlawat,PERSON,4099,4109,doc_003,Carbon Capture in Industry - Policy Brief
Jindal Steel,ORG,4115,4127,doc_003,Carbon Capture in Industry - Policy Brief
India,GPE,4129,4134,doc_003,Carbon Capture in Industry - Policy Brief
2010.)i,CARDINAL,4668,4675,doc_003,Carbon Capture in Industry - Policy Brief
Challenges Facing CCS Deployment,ORG,4676,4708,doc_003,Carbon Capture in Industry - Policy Brief
Financial Barriers,ORG,4815,4833,doc_003,Carbon Capture in Industry - Policy Brief
One,CARDINAL,4834,4837,doc_003,Carbon Capture in Industry - Policy Brief
$50 to $100,MONEY,5108,5119,doc_003,Carbon Capture in Industry - Policy Brief
Carbon,ORG,5411,5417,doc_003,Carbon Capture in Industry - Policy Brief
the U.S. Inflation Reduction Act,ORG,5554,5586,doc_003,Carbon Capture in Industry - Policy Brief
Investment,ORG,5646,5656,doc_003,Carbon Capture in Industry - Policy Brief
more than 75,CARDINAL,6041,6053,doc_003,Carbon Capture in Industry - Policy Brief
decades,DATE,6223,6230,doc_003,Carbon Capture in Industry - Policy Brief
Legal Barriers,PERSON,6508,6522,doc_003,Carbon Capture in Industry - Policy Brief
Germany,GPE,6768,6775,doc_003,Carbon Capture in Industry - Policy Brief
Norway,GPE,6808,6814,doc_003,Carbon Capture in Industry - Policy Brief
European Union,ORG,6849,6851,doc_003,Carbon Capture in Industry - Policy Brief
Carbon Management Strategy,ORG,7032,7058,doc_003,Carbon Capture in Industry - Policy Brief
the Federal Government,ORG,7062,7084,doc_003,Carbon Capture in Industry - Policy Brief
early 2024,DATE,7088,7098,doc_003,Carbon Capture in Industry - Policy Brief
Carbon Markets,ORG,7119,7133,doc_003,Carbon Capture in Industry - Policy Brief
Article 6 of the Paris Agreement,LAW,7135,7167,doc_003,Carbon Capture in Industry - Policy Brief
Article 6.2 - Allows,LAW,7444,7464,doc_003,Carbon Capture in Industry - Policy Brief
Article 6.4 - Enables,LAW,7534,7555,doc_003,Carbon Capture in Industry - Policy Brief
one,CARDINAL,7770,7773,doc_003,Carbon Capture in Industry - Policy Brief
Innovations and Future Outlook,ORG,7911,7941,doc_003,Carbon Capture in Industry - Policy Brief
Firstly,ORDINAL,8054,8061,doc_003,Carbon Capture in Industry - Policy Brief
Secondly,ORDINAL,8200,8208,doc_003,Carbon Capture in Industry - Policy Brief
CCS Hubs,PERSON,8210,8218,doc_003,Carbon Capture in Industry - Policy Brief
United Kingdom,GPE,8304,8306,doc_003,Carbon Capture in Industry - Policy Brief
Global CCS Institute,ORG,9171,9191,doc_003,Carbon Capture in Industry - Policy Brief
CCS 2024,ORG,9216,9224,doc_003,Carbon Capture in Industry - Policy Brief
2023,DATE,9268,9272,doc_003,Carbon Capture in Industry - Policy Brief
Board,ORG,100,105,doc_004,Climate Adaptation and Mitigation
PMF,ORG,559,562,doc_004,Climate Adaptation and Mitigation
Annex II,EVENT,672,680,doc_004,Climate Adaptation and Mitigation
developm,CARDINAL,1211,1219,doc_004,Climate Adaptation and Mitigation
9.0,CARDINAL,1678,1681,doc_004,Climate Adaptation and Mitigation
UNFCCC,ORG,2859,2865,doc_004,Climate Adaptation and Mitigation
less than 2 degrees,QUANTITY,3033,3052,doc_004,Climate Adaptation and Mitigation
A. Mitigation,ORG,3477,3490,doc_004,Climate Adaptation and Mitigation
Table 1,EVENT,3560,3567,doc_004,Climate Adaptation and Mitigation
three,CARDINAL,4218,4223,doc_004,Climate Adaptation and Mitigation
Annex V. Once,PERSON,4276,4289,doc_004,Climate Adaptation and Mitigation
1.1,CARDINAL,4490,4493,doc_004,Climate Adaptation and Mitigation
3.1,CARDINAL,4495,4498,doc_004,Climate Adaptation and Mitigation
7.1,CARDINAL,4503,4506,doc_004,Climate Adaptation and Mitigation
Table 1: Mitigation,PRODUCT,4774,4793,doc_004,Climate Adaptation and Mitigation
annual,DATE,4946,4952,doc_004,Climate Adaptation and Mitigation
Secretariat,ORG,5151,5162,doc_004,Climate Adaptation and Mitigation
Implementing,PERSON,5817,5829,doc_004,Climate Adaptation and Mitigation
annually,DATE,5982,5990,doc_004,Climate Adaptation and Mitigation
Annex V. ,PERSON,6074,6086,doc_004,Climate Adaptation and Mitigation
Notes,PRODUCT,6311,6316,doc_004,Climate Adaptation and Mitigation
Secretariat,LOC,6337,6348,doc_004,Climate Adaptation and Mitigation
Expected,NORP,6438,6446,doc_004,Climate Adaptation and Mitigation
CIF,ORG,6832,6835,doc_004,Climate Adaptation and Mitigation
International Finance Corporation,ORG,6837,6871,doc_004,Climate Adaptation and Mitigation
1.0,CARDINAL,6996,6999,doc_004,Climate Adaptation and Mitigation
CIF’s Program for Scaling Up Renewable Energy,ORG,7381,7427,doc_004,Climate Adaptation and Mitigation
DFID,ORG,7795,7799,doc_004,Climate Adaptation and Mitigation
Greenhouse Gas,PRODUCT,7800,7803,doc_004,Climate Adaptation and Mitigation
2013,DATE,7839,7843,doc_004,Climate Adaptation and Mitigation
guideline s.,PERSON,7862,7876,doc_004,Climate Adaptation and Mitigation
2.0,CARDINAL,7876,7879,doc_004,Climate Adaptation and Mitigation
2.1,CARDINAL,7958,7961,doc_004,Climate Adaptation and Mitigation
MDB,ORG,8226,8229,doc_004,Climate Adaptation and Mitigation
IFI,ORG,8230,8233,doc_004,Climate Adaptation and Mitigation
GEF’s 2013,ORG,8284,8294,doc_004,Climate Adaptation and Mitigation
the Institute for Transportation Development Policy,ORG,8361,8413,doc_004,Climate Adaptation and Mitigation
Vehicle,PERSON,8449,8456,doc_004,Climate Adaptation and Mitigation
International Council on Clean Transportation,ORG,8568,8614,doc_004,Climate Adaptation and Mitigation
ICCT,ORG,8616,8620,doc_004,Climate Adaptation and Mitigation
the Women’s Issues,ORG,8643,8661,doc_004,Climate Adaptation and Mitigation
Transportatio n Committee,ORG,8666,8691,doc_004,Climate Adaptation and Mitigation
the US Transport Research Board,ORG,8695,8727,doc_004,Climate Adaptation and Mitigation
3.0,CARDINAL,8730,8733,doc_004,Climate Adaptation and Mitigation
Buildings,PERSON,8954,8963,doc_004,Climate Adaptation and Mitigation
the Global Protocol,LAW,9064,9083,doc_004,Climate Adaptation and Mitigation
the Cities Alliance,ORG,9139,9158,doc_004,Climate Adaptation and Mitigation
GEF,ORG,9630,9633,doc_004,Climate Adaptation and Mitigation
CLASP’s/Lawrence Berkeley National Laboratory’s,ORG,9682,9730,doc_004,Climate Adaptation and Mitigation
Gender,PERSON,9774,9780,doc_004,Climate Adaptation and Mitigation
4.0,CARDINAL,9863,9866,doc_004,Climate Adaptation and Mitigation
 4.1 Tonnes,PERSON,10052,10064,doc_004,Climate Adaptation and Mitigation
FIP,ORG,10288,10291,doc_004,Climate Adaptation and Mitigation
the Forest Carbon Partnership Facility Methodological Framework,ORG,10366,10430,doc_004,Climate Adaptation and Mitigation
Dec. 2013,DATE,10432,10441,doc_004,Climate Adaptation and Mitigation
United Nations Framework Convention on Climate Change,ORG,10466,10520,doc_004,Climate Adaptation and Mitigation
Project/Programme Outcomes,ORG,10850,10879,doc_004,Climate Adaptation and Mitigation
5.0,CARDINAL,11293,11296,doc_004,Climate Adaptation and Mitigation
5.1,CARDINAL,11397,11400,doc_004,Climate Adaptation and Mitigation
the World Bank’s RISE (,ORG,11652,11675,doc_004,Climate Adaptation and Mitigation
Bloomberg N ew Energy Finance,ORG,11735,11764,doc_004,Climate Adaptation and Mitigation
Climatesope,PERSON,11773,11784,doc_004,Climate Adaptation and Mitigation
5.2,CARDINAL,12266,12269,doc_004,Climate Adaptation and Mitigation
6.0,CARDINAL,12589,12592,doc_004,Climate Adaptation and Mitigation
6.1,CARDINAL,12674,12677,doc_004,Climate Adaptation and Mitigation
Informed,PERSON,12993,13001,doc_004,Climate Adaptation and Mitigation
CIF SREP 2,ORG,13005,13015,doc_004,Climate Adaptation and Mitigation
Assumes,PERSON,13117,13124,doc_004,Climate Adaptation and Mitigation
6.3,CARDINAL,13313,13316,doc_004,Climate Adaptation and Mitigation
GCF,ORG,13417,13420,doc_004,Climate Adaptation and Mitigation
CIF CTF,PERSON,13462,13469,doc_004,Climate Adaptation and Mitigation
7.0,CARDINAL,13492,13495,doc_004,Climate Adaptation and Mitigation
8.0,CARDINAL,14008,14011,doc_004,Climate Adaptation and Mitigation
8.1,CARDINAL,14055,14058,doc_004,Climate Adaptation and Mitigation
8.2,CARDINAL,14608,14611,doc_004,Climate Adaptation and Mitigation
the International Energy Agency,ORG,15137,15169,doc_004,Climate Adaptation and Mitigation
the International Council on Clean Transportation,ORG,15171,15221,doc_004,Climate Adaptation and Mitigation
9.1,CARDINAL,15328,15331,doc_004,Climate Adaptation and Mitigation
CIF Forest Investment Program,ORG,15563,15592,doc_004,Climate Adaptation and Mitigation
Forest Carbon Partnership Facility Monitoring and Evaluation Framework,ORG,15620,15691,doc_004,Climate Adaptation and Mitigation
UN REDD,ORG,15694,15701,doc_004,Climate Adaptation and Mitigation
Project/Programme Outputs,ORG,15725,15751,doc_004,Climate Adaptation and Mitigation
Table 2,PRODUCT,16037,16044,doc_004,Climate Adaptation and Mitigation
two,CARDINAL,18084,18087,doc_004,Climate Adaptation and Mitigation
Adaptation Fund,ORG,18331,18346,doc_004,Climate Adaptation and Mitigation
CIF,PERSON,18358,18361,doc_004,Climate Adaptation and Mitigation
1.2,CARDINAL,18985,18988,doc_004,Climate Adaptation and Mitigation
6.2,CARDINAL,19421,19424,doc_004,Climate Adaptation and Mitigation
LDCF/SCCF 3,ORG,19427,19438,doc_004,Climate Adaptation and Mitigation
1.3 Number of Fund -,ORG,19666,19686,doc_004,Climate Adaptation and Mitigation
LDCF/SCCF 2,ORG,21165,21176,doc_004,Climate Adaptation and Mitigation
4.1,CARDINAL,21329,21332,doc_004,Climate Adaptation and Mitigation
LDCF/S CCF 2,ORG,21734,21746,doc_004,Climate Adaptation and Mitigation
LDCF/SCCF,ORG,23121,23132,doc_004,Climate Adaptation and Mitigation
6.2 Use,CARDINAL,23558,23565,doc_004,Climate Adaptation and Mitigation
Households,PERSON,24535,24545,doc_004,Climate Adaptation and Mitigation
7.2,CARDINAL,24626,24629,doc_004,Climate Adaptation and Mitigation
four,CARDINAL,24771,24775,doc_004,Climate Adaptation and Mitigation
1.2.1,CARDINAL,25319,25324,doc_004,Climate Adaptation and Mitigation
2.3,CARDINAL,25336,25339,doc_004,Climate Adaptation and Mitigation
8.0 Strengthened,PRODUCT,25341,25357,doc_004,Climate Adaptation and Mitigation
3.2,CARDINAL,25606,25609,doc_004,Climate Adaptation and Mitigation
Nick Evans,PERSON,0,10,doc_005,Climate Framework Laws in Europe
Deyana Kocher,PERSON,12,25,doc_005,Climate Framework Laws in Europe
Nora Kögel,PERSON,27,37,doc_005,Climate Framework Laws in Europe
Matthias Duwe,PERSON,39,52,doc_005,Climate Framework Laws in Europe
September 2023,DATE,60,74,doc_005,Climate Framework Laws in Europe
Summer 2023,DATE,156,167,doc_005,Climate Framework Laws in Europe
Europe,LOC,244,250,doc_005,Climate Framework Laws in Europe
Straße,ORG,341,347,doc_005,Climate Framework Laws in Europe
Nick,GPE,407,411,doc_005,Climate Framework Laws in Europe
2023,DATE,457,461,doc_005,Climate Framework Laws in Europe
Ecologic Institut,ORG,544,561,doc_005,Climate Framework Laws in Europe
Germany,GPE,565,571,doc_005,Climate Framework Laws in Europe
Charlotte Billingham,PERSON,625,645,doc_005,Climate Framework Laws in Europe
Zoltán Massay -Kosubek,PERSON,647,669,doc_005,Climate Framework Laws in Europe
Erica Hope,PERSON,675,685,doc_005,Climate Framework Laws in Europe
the European Climate Foundation,ORG,692,723,doc_005,Climate Framework Laws in Europe
five,CARDINAL,1283,1287,doc_005,Climate Framework Laws in Europe
3 4.1,CARDINAL,1377,1383,doc_005,Climate Framework Laws in Europe
3 4.2 Emission,CARDINAL,1481,1496,doc_005,Climate Framework Laws in Europe
4.4,CARDINAL,1735,1738,doc_005,Climate Framework Laws in Europe
4.5 Green,PRODUCT,1853,1862,doc_005,Climate Framework Laws in Europe
4.6,CARDINAL,1980,1983,doc_005,Climate Framework Laws in Europe
2011,DATE,2910,2914,doc_005,Climate Framework Laws in Europe
Duwe,PERSON,3161,3165,doc_005,Climate Framework Laws in Europe
Bodle,PERSON,3170,3175,doc_005,Climate Framework Laws in Europe
2020,DATE,3177,3181,doc_005,Climate Framework Laws in Europe
McIlhennon,GPE,3183,3193,doc_005,Climate Framework Laws in Europe
Brennan,GPE,3198,3205,doc_005,Climate Framework Laws in Europe
Muinzer,PERSON,3214,3221,doc_005,Climate Framework Laws in Europe
August 2023,DATE,3446,3457,doc_005,Climate Framework Laws in Europe
nearly half,CARDINAL,3459,3470,doc_005,Climate Framework Laws in Europe
European,NORP,3474,3482,doc_005,Climate Framework Laws in Europe
two,CARDINAL,3577,3580,doc_005,Climate Framework Laws in Europe
Averchenkova,ORG,3759,3771,doc_005,Climate Framework Laws in Europe
Lázaro -Touza,ORG,3776,3789,doc_005,Climate Framework Laws in Europe
Evans,ORG,3807,3812,doc_005,Climate Framework Laws in Europe
World Bank,ORG,3820,3830,doc_005,Climate Framework Laws in Europe
European Union,ORG,3865,3867,doc_005,Climate Framework Laws in Europe
one,CARDINAL,3910,3913,doc_005,Climate Framework Laws in Europe
2050,DATE,3982,3986,doc_005,Climate Framework Laws in Europe
2022,DATE,4021,4025,doc_005,Climate Framework Laws in Europe
Ecologic Institute,ORG,4349,4367,doc_005,Climate Framework Laws in Europe
United Kingdom,GPE,4660,4678,doc_005,Climate Framework Laws in Europe
Info -Matri,PERSON,5801,5812,doc_005,Climate Framework Laws in Europe
Europ ean Environment Agency,ORG,6564,6592,doc_005,Climate Framework Laws in Europe
only 15,CARDINAL,6710,6717,doc_005,Climate Framework Laws in Europe
2030,DATE,6773,6777,doc_005,Climate Framework Laws in Europe
Hungarian,NORP,6798,6807,doc_005,Climate Framework Laws in Europe
only 14,CARDINAL,6939,6946,doc_005,Climate Framework Laws in Europe
Greece,GPE,7260,7266,doc_005,Climate Framework Laws in Europe
Portugal,GPE,7268,7276,doc_005,Climate Framework Laws in Europe
Spain,GPE,7282,7287,doc_005,Climate Framework Laws in Europe
Estonia,GPE,7455,7462,doc_005,Climate Framework Laws in Europe
Latvia,GPE,7464,7470,doc_005,Climate Framework Laws in Europe
Slovakia,GPE,7472,7480,doc_005,Climate Framework Laws in Europe
Slovenia,GPE,7482,7490,doc_005,Climate Framework Laws in Europe
Info -Matrix,PERSON,7681,7693,doc_005,Climate Framework Laws in Europe
Hungari,ORG,7704,7711,doc_005,Climate Framework Laws in Europe
l east,LOC,7970,7976,doc_005,Climate Framework Laws in Europe
at least four,CARDINAL,8083,8096,doc_005,Climate Framework Laws in Europe
Bulgaria,GPE,8147,8155,doc_005,Climate Framework Laws in Europe
Liechtenstein,PERSON,8170,8183,doc_005,Climate Framework Laws in Europe
Austria,GPE,8188,8195,doc_005,Climate Framework Laws in Europe
enshr ine,ORG,8227,8236,doc_005,Climate Framework Laws in Europe
2040,DATE,8284,8288,doc_005,Climate Framework Laws in Europe
the end of 2020,DATE,8428,8443,doc_005,Climate Framework Laws in Europe
Past 3,DATE,8586,8595,doc_005,Climate Framework Laws in Europe
Italy,GPE,8668,8673,doc_005,Climate Framework Laws in Europe
Poland,GPE,8678,8684,doc_005,Climate Framework Laws in Europe
Denmark,GPE,9056,9063,doc_005,Climate Framework Laws in Europe
Ireland,GPE,9065,9072,doc_005,Climate Framework Laws in Europe
France,GPE,9121,9127,doc_005,Climate Framework Laws in Europe
Nash,GPE,9207,9211,doc_005,Climate Framework Laws in Europe
Steurer,PERSON,9216,9223,doc_005,Climate Framework Laws in Europe
Torney,GPE,9231,9237,doc_005,Climate Framework Laws in Europe
2021,DATE,9239,9243,doc_005,Climate Framework Laws in Europe
Council of Experts,ORG,9302,9320,doc_005,Climate Framework Laws in Europe
summer 2023,DATE,9506,9517,doc_005,Climate Framework Laws in Europe
German,NORP,9534,9540,doc_005,Climate Framework Laws in Europe
Bundestag,PRODUCT,9541,9550,doc_005,Climate Framework Laws in Europe
the last five years,DATE,9787,9806,doc_005,Climate Framework Laws in Europe
June 2021 -to date,DATE,9875,9893,doc_005,Climate Framework Laws in Europe
first,ORDINAL,9940,9945,doc_005,Climate Framework Laws in Europe
2008,DATE,9998,10002,doc_005,Climate Framework Laws in Europe
the Climate Change Act,LAW,10008,10030,doc_005,Climate Framework Laws in Europe
Institute Climate Laws Database,ORG,10758,10789,doc_005,Climate Framework Laws in Europe
April 2023,DATE,10797,10807,doc_005,Climate Framework Laws in Europe
seven,CARDINAL,10922,10927,doc_005,Climate Framework Laws in Europe
eleven,CARDINAL,10935,10941,doc_005,Climate Framework Laws in Europe
non-European Organisation for Economic Co -operation,ORG,10943,10995,doc_005,Climate Framework Laws in Europe
OECD,ORG,11013,11017,doc_005,Climate Framework Laws in Europe
eight,CARDINAL,11113,11118,doc_005,Climate Framework Laws in Europe
18 April 2023,DATE,11283,11296,doc_005,Climate Framework Laws in Europe
the Grantham Research Institute,ORG,11495,11526,doc_005,Climate Framework Laws in Europe
Evans,PERSON,11933,11938,doc_005,Climate Framework Laws in Europe
Framework Law Info -Matrix,PERSON,12035,12061,doc_005,Climate Framework Laws in Europe
NECPs,ORG,12282,12287,doc_005,Climate Framework Laws in Europe
Finland,GPE,13200,13207,doc_005,Climate Framework Laws in Europe
Luxembourg,GPE,13374,13384,doc_005,Climate Framework Laws in Europe
Law,PERSON,13399,13402,doc_005,Climate Framework Laws in Europe
Croatia,GPE,13536,13543,doc_005,Climate Framework Laws in Europe
Hungary,GPE,13545,13552,doc_005,Climate Framework Laws in Europe
Malta,GPE,13555,13560,doc_005,Climate Framework Laws in Europe
Liechtenstein,GPE,13562,13575,doc_005,Climate Framework Laws in Europe
Switzerland,GPE,13647,13658,doc_005,Climate Framework Laws in Europe
Info -Matrix Based,PERSON,13737,13756,doc_005,Climate Framework Laws in Europe
four,CARDINAL,13889,13893,doc_005,Climate Framework Laws in Europe
the Climate Framewor,ORG,14866,14886,doc_005,Climate Framework Laws in Europe
Laws Info -Matrix,PERSON,14889,14906,doc_005,Climate Framework Laws in Europe
the Climate Framework Laws Info -Matrix,ORG,15790,15829,doc_005,Climate Framework Laws in Europe
net-zero,CARDINAL,16491,16499,doc_005,Climate Framework Laws in Europe
Section 4.6,LAW,16739,16750,doc_005,Climate Framework Laws in Europe
Brennan,PERSON,17191,17198,doc_005,Climate Framework Laws in Europe
20 23,DATE,17200,17205,doc_005,Climate Framework Laws in Europe
Velten et al.,PERSON,17331,17344,doc_005,Climate Framework Laws in Europe
4.1,CARDINAL,17452,17455,doc_005,Climate Framework Laws in Europe
at least a,CARDINAL,17562,17572,doc_005,Climate Framework Laws in Europe
30 -year,DATE,17573,17581,doc_005,Climate Framework Laws in Europe
the Paris Agreement,EVENT,17680,17699,doc_005,Climate Framework Laws in Europe
Bodle,GPE,17734,17739,doc_005,Climate Framework Laws in Europe
al.,PERSON,17938,17941,doc_005,Climate Framework Laws in Europe
Lockwood,GPE,18114,18122,doc_005,Climate Framework Laws in Europe
Nash,PERSON,18130,18134,doc_005,Climate Framework Laws in Europe
2019,DATE,18148,18152,doc_005,Climate Framework Laws in Europe
the end of August 2023,DATE,18163,18185,doc_005,Climate Framework Laws in Europe
fifteen,CARDINAL,18187,18194,doc_005,Climate Framework Laws in Europe
Sweden,GPE,18431,18437,doc_005,Climate Framework Laws in Europe
an earlier date than 2050,DATE,18468,18493,doc_005,Climate Framework Laws in Europe
2035,DATE,18521,18525,doc_005,Climate Framework Laws in Europe
-zero,PRODUCT,18530,18535,doc_005,Climate Framework Laws in Europe
2045,DATE,18587,18591,doc_005,Climate Framework Laws in Europe
2045,CARDINAL,18705,18709,doc_005,Climate Framework Laws in Europe
Netherlands,GPE,19247,19258,doc_005,Climate Framework Laws in Europe
Norway,GPE,19263,19269,doc_005,Climate Framework Laws in Europe
95%,PERCENT,19368,19371,doc_005,Climate Framework Laws in Europe
90 -95%,PERCENT,19376,19383,doc_005,Climate Framework Laws in Europe
-90%,PERCENT,19765,19769,doc_005,Climate Framework Laws in Europe
2050 vs.,DATE,19771,19779,doc_005,Climate Framework Laws in Europe
1990,DATE,19780,19784,doc_005,Climate Framework Laws in Europe
-95%,PERCENT,19799,19803,doc_005,Climate Framework Laws in Europe
-83.3%,PERCENT,19821,19827,doc_005,Climate Framework Laws in Europe
1990)1,CARDINAL,19838,19844,doc_005,Climate Framework Laws in Europe
Iceland 2040,ORG,19946,19958,doc_005,Climate Framework Laws in Europe
90-95%,PERCENT,20083,20089,doc_005,Climate Framework Laws in Europe
2045 -90%,PERCENT,20135,20144,doc_005,Climate Framework Laws in Europe
2005,DATE,20155,20159,doc_005,Climate Framework Laws in Europe
-85%,PERCENT,20278,20282,doc_005,Climate Framework Laws in Europe
2045 vs. 1990,DATE,20284,20297,doc_005,Climate Framework Laws in Europe
Info -Matrix Note,PERSON,20431,20449,doc_005,Climate Framework Laws in Europe
Deepl,ORG,20544,20549,doc_005,Climate Framework Laws in Europe
more than six,CARDINAL,20591,20604,doc_005,Climate Framework Laws in Europe
at least 13,CARDINAL,20733,20744,doc_005,Climate Framework Laws in Europe
Nine,CARDINAL,20865,20869,doc_005,Climate Framework Laws in Europe
every five years,DATE,21113,21129,doc_005,Climate Framework Laws in Europe
Finnish,NORP,21314,21321,doc_005,Climate Framework Laws in Europe
Section 4.4,LAW,21673,21684,doc_005,Climate Framework Laws in Europe
2028,DATE,22184,22188,doc_005,Climate Framework Laws in Europe
1.1,CARDINAL,22378,22381,doc_005,Climate Framework Laws in Europe
2.1,CARDINAL,22581,22584,doc_005,Climate Framework Laws in Europe
between 1990 and 2050,DATE,22702,22723,doc_005,Climate Framework Laws in Europe
1.2,CARDINAL,22731,22734,doc_005,Climate Framework Laws in Europe
Article L100,LAW,22738,22750,doc_005,Climate Framework Laws in Europe
the year 2045,DATE,22788,22801,doc_005,Climate Framework Laws in Europe
the year 2050,DATE,22899,22912,doc_005,Climate Framework Laws in Europe
3.2,CARDINAL,22975,22978,doc_005,Climate Framework Laws in Europe
3.4,CARDINAL,23233,23236,doc_005,Climate Framework Laws in Europe
no later than the year 2040,DATE,23315,23343,doc_005,Climate Framework Laws in Europe
the end of the year 2050,DATE,23404,23428,doc_005,Climate Framework Laws in Europe
Art,PERSON,23558,23561,doc_005,Climate Framework Laws in Europe
3.1,CARDINAL,23563,23566,doc_005,Climate Framework Laws in Europe
the Principal Act,LAW,23570,23587,doc_005,Climate Framework Laws in Europe
zero,CARDINAL,23683,23687,doc_005,Climate Framework Laws in Europe
4.2,CARDINAL,23744,23747,doc_005,Climate Framework Laws in Europe
Portuguese,NORP,23763,23773,doc_005,Climate Framework Laws in Europe
18.1,CARDINAL,23972,23976,doc_005,Climate Framework Laws in Europe
Government,ORG,24043,24053,doc_005,Climate Framework Laws in Europe
2025,DATE,24075,24079,doc_005,Climate Framework Laws in Europe
18.2,CARDINAL,24213,24217,doc_005,Climate Framework Laws in Europe
5.2,CARDINAL,24610,24613,doc_005,Climate Framework Laws in Europe
State,ORG,24668,24673,doc_005,Climate Framework Laws in Europe
at least 100%,PERCENT,24737,24750,doc_005,Climate Framework Laws in Europe
Guy et al.,PERSON,25366,25376,doc_005,Climate Framework Laws in Europe
Rüdinger,ORG,25384,25392,doc_005,Climate Framework Laws in Europe
2018,DATE,25394,25398,doc_005,Climate Framework Laws in Europe
Irish,NORP,25567,25572,doc_005,Climate Framework Laws in Europe
Seven,CARDINAL,25697,25702,doc_005,Climate Framework Laws in Europe
five -year,DATE,25825,25835,doc_005,Climate Framework Laws in Europe
10 -15 years,DATE,25846,25859,doc_005,Climate Framework Laws in Europe
ten -year,DATE,25949,25958,doc_005,Climate Framework Laws in Europe
annual,DATE,25985,25991,doc_005,Climate Framework Laws in Europe
June 2023,DATE,26480,26489,doc_005,Climate Framework Laws in Europe
Klimafragen,ORG,26879,26890,doc_005,Climate Framework Laws in Europe
4.3,CARDINAL,27090,27093,doc_005,Climate Framework Laws in Europe
Rüdinger et al.,PERSON,27329,27344,doc_005,Climate Framework Laws in Europe
Article 4 of the,LAW,27375,27391,doc_005,Climate Framework Laws in Europe
the Governance Regulation,LAW,27551,27576,doc_005,Climate Framework Laws in Europe
five years,DATE,27684,27694,doc_005,Climate Framework Laws in Europe
nine,CARDINAL,27937,27941,doc_005,Climate Framework Laws in Europe
only four,CARDINAL,28060,28069,doc_005,Climate Framework Laws in Europe
-France,GPE,28124,28131,doc_005,Climate Framework Laws in Europe
The German Climate Protection,ORG,28161,28190,doc_005,Climate Framework Laws in Europe
the five -year,DATE,28722,28736,doc_005,Climate Framework Laws in Europe
a 30 -year,DATE,29036,29046,doc_005,Climate Framework Laws in Europe
three,CARDINAL,29246,29251,doc_005,Climate Framework Laws in Europe
Four,CARDINAL,29646,29650,doc_005,Climate Framework Laws in Europe
the High Council for Climate,ORG,31247,31275,doc_005,Climate Framework Laws in Europe
HCC,ORG,31278,31281,doc_005,Climate Framework Laws in Europe
Danish,NORP,31396,31402,doc_005,Climate Framework Laws in Europe
Sofortprogramm,PERSON,31738,31752,doc_005,Climate Framework Laws in Europe
two consecutive years,DATE,32041,32062,doc_005,Climate Framework Laws in Europe
Expert,ORG,32195,32201,doc_005,Climate Framework Laws in Europe
Expertenrat,NORP,32257,32268,doc_005,Climate Framework Laws in Europe
Klimafragen,GPE,32273,32284,doc_005,Climate Framework Laws in Europe
the United K,ORG,33211,33223,doc_005,Climate Framework Laws in Europe
the Danish Climate Council,ORG,33316,33342,doc_005,Climate Framework Laws in Europe
the Council of Experts,ORG,33753,33775,doc_005,Climate Framework Laws in Europe
every two years,DATE,33805,33820,doc_005,Climate Framework Laws in Europe
the Federal Environment Agency,ORG,33891,33922,doc_005,Climate Framework Laws in Europe
the Climate Protection Act,LAW,34014,34040,doc_005,Climate Framework Laws in Europe
4.5,CARDINAL,34672,34675,doc_005,Climate Framework Laws in Europe
European Commission,ORG,34797,34820,doc_005,Climate Framework Laws in Europe
at least 12,CARDINAL,34828,34839,doc_005,Climate Framework Laws in Europe
The European Commission,ORG,35251,35274,doc_005,Climate Framework Laws in Europe
Five,CARDINAL,35411,35415,doc_005,Climate Framework Laws in Europe
Spanish,NORP,35680,35687,doc_005,Climate Framework Laws in Europe
KSG,ORG,36391,36394,doc_005,Climate Framework Laws in Europe
the Federal Budget Code,ORG,36537,36560,doc_005,Climate Framework Laws in Europe
Klima -Allianz Deutschland,FAC,36769,36795,doc_005,Climate Framework Laws in Europe
Table 4,EVENT,36901,36908,doc_005,Climate Framework Laws in Europe
the National Climate Change Program,ORG,37109,37144,doc_005,Climate Framework Laws in Europe
Lithuania,GPE,37148,37157,doc_005,Climate Framework Laws in Europe
National Green Investment Scheme,ORG,37164,37196,doc_005,Climate Framework Laws in Europe
NGSI,ORG,37198,37202,doc_005,Climate Framework Laws in Europe
the Climate Fund,ORG,37217,37233,doc_005,Climate Framework Laws in Europe
Iceland,GPE,37237,37244,doc_005,Climate Framework Laws in Europe
Action Fund,ORG,37260,37271,doc_005,Climate Framework Laws in Europe
the Climate and Energy Fund,ORG,37284,37311,doc_005,Climate Framework Laws in Europe
the Climate Action Fund,ORG,37327,37351,doc_005,Climate Framework Laws in Europe
the Fund for Environmental Protection and Energy Efficiency,ORG,37366,37425,doc_005,Climate Framework Laws in Europe
Greek,NORP,37454,37459,doc_005,Climate Framework Laws in Europe
Green Government Bonds,ORG,37685,37707,doc_005,Climate Framework Laws in Europe
Regular,NORP,38198,38205,doc_005,Climate Framework Laws in Europe
Austrian,NORP,38686,38694,doc_005,Climate Framework Laws in Europe
Twenty -two,CARDINAL,39226,39237,doc_005,Climate Framework Laws in Europe
Three,CARDINAL,39352,39357,doc_005,Climate Framework Laws in Europe
recent years,DATE,39545,39557,doc_005,Climate Framework Laws in Europe
the European Climate Law,LAW,39640,39664,doc_005,Climate Framework Laws in Europe
States,PERSON,39823,39829,doc_005,Climate Framework Laws in Europe
Thirteen,CARDINAL,39836,39844,doc_005,Climate Framework Laws in Europe
year,DATE,40175,40179,doc_005,Climate Framework Laws in Europe
the German Climate Protection Law,ORG,41393,41426,doc_005,Climate Framework Laws in Europe
Fankhauser,PERSON,42087,42097,doc_005,Climate Framework Laws in Europe
Finnegan,GPE,42107,42115,doc_005,Climate Framework Laws in Europe
21(2,CARDINAL,42257,42261,doc_005,Climate Framework Laws in Europe
"Lázaro -Touza,",PERSON,42299,42313,doc_005,Climate Framework Laws in Europe
National Framework Legislation,ORG,42588,42618,doc_005,Climate Framework Laws in Europe
International World,ORG,42626,42645,doc_005,Climate Framework Laws in Europe
T. L. Muinzer,PERSON,42650,42663,doc_005,Climate Framework Laws in Europe
National Climate Change Acts,ORG,42671,42699,doc_005,Climate Framework Laws in Europe
Nature of National Framework Climate Legislation,WORK_OF_ART,42726,42774,doc_005,Climate Framework Laws in Europe
Hart Publishing,ORG,42777,42792,doc_005,Climate Framework Laws in Europe
Net -Zero Management,ORG,42882,42902,doc_005,Climate Framework Laws in Europe
European Climate Foundation,ORG,42926,42953,doc_005,Climate Framework Laws in Europe
Israel,GPE,43128,43134,doc_005,Climate Framework Laws in Europe
Info -Matrix .,PERSON,43268,43282,doc_005,Climate Framework Laws in Europe
Treibhausgasemissionen,PERSON,43654,43676,doc_005,Climate Framework Laws in Europe
das Jahr,PERSON,43682,43690,doc_005,Climate Framework Laws in Europe
Bewertung,GPE,43709,43718,doc_005,Climate Framework Laws in Europe
Emissionsdaten,PERSON,43723,43737,doc_005,Climate Framework Laws in Europe
Grantham Research Institute,ORG,43814,43841,doc_005,Climate Framework Laws in Europe
Guy,PERSON,43889,43892,doc_005,Climate Framework Laws in Europe
Meckling,PERSON,43914,43922,doc_005,Climate Framework Laws in Europe
Nature Climate Change,ORG,43996,44017,doc_005,Climate Framework Laws in Europe
Klima -Allian z,PERSON,44036,44051,doc_005,Climate Framework Laws in Europe
Gemeinsame Forderungen,PERSON,44073,44095,doc_005,Climate Framework Laws in Europe
Abschwächung des Klima-,PERSON,44114,44137,doc_005,Climate Framework Laws in Europe
Klima -Allianz Deutschland,PERSON,44166,44192,doc_005,Climate Framework Laws in Europe
https,PERSON,44308,44313,doc_005,Climate Framework Laws in Europe
Governance Observatory,PERSON,44486,44508,doc_005,Climate Framework Laws in Europe
T. L.,PERSON,44533,44538,doc_005,Climate Framework Laws in Europe
National Climate Cha,ORG,44554,44574,doc_005,Climate Framework Laws in Europe
S. L.,PERSON,44686,44691,doc_005,Climate Framework Laws in Europe
Climate Change Acts,ORG,44733,44752,doc_005,Climate Framework Laws in Europe
19(8,CARDINAL,44829,44833,doc_005,Climate Framework Laws in Europe
Environmental Politics,ORG,45023,45045,doc_005,Climate Framework Laws in Europe
31(3,CARDINAL,45048,45052,doc_005,Climate Framework Laws in Europe
French,NORP,45185,45191,doc_005,Climate Framework Laws in Europe
02/18,CARDINAL,45227,45232,doc_005,Climate Framework Laws in Europe
1 -20,CARDINAL,45387,45392,doc_005,Climate Framework Laws in Europe
Carbon Development,ORG,45549,45567,doc_005,Climate Framework Laws in Europe
Dublin City University Centre for Climate and Society,ORG,45593,45646,doc_005,Climate Framework Laws in Europe
Fankhauser,GPE,45664,45674,doc_005,Climate Framework Laws in Europe
Liu,PERSON,45705,45708,doc_005,Climate Framework Laws in Europe
Narciso,ORG,45718,45725,doc_005,Climate Framework Laws in Europe
Legislating Climate Change,ORG,45738,45765,doc_005,Climate Framework Laws in Europe
Sustainable Development,ORG,45824,45847,doc_005,Climate Framework Laws in Europe
5 -17,CARDINAL,45857,45862,doc_005,Climate Framework Laws in Europe
"Calipel, C.,",GPE,45882,45894,doc_005,Climate Framework Laws in Europe
Felthöfer,GPE,45916,45925,doc_005,Climate Framework Laws in Europe
Hagemann,PERSON,45931,45939,doc_005,Climate Framework Laws in Europe
"J., Kahlen, L., Lalieu",ORG,45952,45974,doc_005,Climate Framework Laws in Europe
"McDonald, H.,",ORG,45981,45994,doc_005,Climate Framework Laws in Europe
Pelekh,GPE,45995,46001,doc_005,Climate Framework Laws in Europe
Pestiau,PERSON,46029,46036,doc_005,Climate Framework Laws in Europe
"J., Ramotowski, K.",ORG,46040,46058,doc_005,Climate Framework Laws in Europe
Schöberlein,GPE,46060,46071,doc_005,Climate Framework Laws in Europe
Schritt,GPE,46077,46084,doc_005,Climate Framework Laws in Europe
Stefańczyk,GPE,46106,46116,doc_005,Climate Framework Laws in Europe
Tarpey,LOC,46126,46132,doc_005,Climate Framework Laws in Europe
EU Progress to Climate Neutrality,ORG,46154,46187,doc_005,Climate Framework Laws in Europe
European Climate Ne,ORG,46279,46298,doc_005,Climate Framework Laws in Europe
Observatory,PERSON,46310,46321,doc_005,Climate Framework Laws in Europe
ECNO,PERSON,46323,46327,doc_005,Climate Framework Laws in Europe
Spasova,GPE,46357,46364,doc_005,Climate Framework Laws in Europe
Duin,PERSON,46396,46400,doc_005,Climate Framework Laws in Europe
Branner,GPE,46410,46417,doc_005,Climate Framework Laws in Europe
Lötjönen,GPE,46553,46561,doc_005,Climate Framework Laws in Europe
Ollikainen,GPE,46571,46581,doc_005,Climate Framework Laws in Europe
3/2019,DATE,46650,46656,doc_005,Climate Framework Laws in Europe
The Finnish Climate Change Panel,ORG,46666,46698,doc_005,Climate Framework Laws in Europe
Title Year of last revision,EVENT,46942,46969,doc_005,Climate Framework Laws in Europe
21/2018,DATE,46998,47005,doc_005,Climate Framework Laws in Europe
13 September,DATE,47010,47022,doc_005,Climate Framework Laws in Europe
Australia Climate Change,ORG,47092,47116,doc_005,Climate Framework Laws in Europe
Canada Net-Zero Emissions Accountability Act,ORG,47128,47172,doc_005,Climate Framework Laws in Europe
Chile Framework Law,FAC,47179,47198,doc_005,Climate Framework Laws in Europe
2169/2021,DATE,47236,47245,doc_005,Climate Framework Laws in Europe
Fiji Climate Change Act,ORG,47286,47309,doc_005,Climate Framework Laws in Europe
Gabon Ordinance,WORK_OF_ART,47316,47331,doc_005,Climate Framework Laws in Europe
Mexico General Law on Climate Change 2022,ORG,47432,47473,doc_005,Climate Framework Laws in Europe
2012,DATE,47475,47479,doc_005,Climate Framework Laws in Europe
New Zealand Climate Change Response,ORG,47482,47517,doc_005,Climate Framework Laws in Europe
2002,DATE,47552,47556,doc_005,Climate Framework Laws in Europe
Nigeria Climate Change Act,ORG,47559,47585,doc_005,Climate Framework Laws in Europe
South Korea,ORG,47592,47603,doc_005,Climate Framework Laws in Europe
Carbon Neutral Green Growth Framework Act,ORG,47604,47645,doc_005,Climate Framework Laws in Europe
Taiwan Climate Change Response Act,ORG,47688,47722,doc_005,Climate Framework Laws in Europe
2015,DATE,47729,47733,doc_005,Climate Framework Laws in Europe
Argentina Law 27520,PERSON,47799,47818,doc_005,Climate Framework Laws in Europe
Minimum Budgets for Adaptation and Mitigation to Global Climate Change,WORK_OF_ART,47822,47892,doc_005,Climate Framework Laws in Europe
Bahamas Climate Change,ORG,47947,47969,doc_005,Climate Framework Laws in Europe
Montenegro Law on Protection,WORK_OF_ART,48058,48086,doc_005,Climate Framework Laws in Europe
the Negative Impacts of Climate Change,ORG,48092,48130,doc_005,Climate Framework Laws in Europe
Nauru Environmental Management and Climate Change Act,ORG,48137,48190,doc_005,Climate Framework Laws in Europe
34/2020 2020,DATE,48194,48206,doc_005,Climate Framework Laws in Europe
2076) 2019,DATE,48249,48259,doc_005,Climate Framework Laws in Europe
Philippines Climate Change Act,ORG,48261,48291,doc_005,Climate Framework Laws in Europe
2009,DATE,48302,48306,doc_005,Climate Framework Laws in Europe
Uganda National Climate Change Act 2021,ORG,48343,48382,doc_005,Climate Framework Laws in Europe
the Grantham Research Institute on Climate Change,ORG,48406,48455,doc_005,Climate Framework Laws in Europe
/EcologicBerlin,PERSON,48807,48822,doc_005,Climate Framework Laws in Europe
Thierry Bréchet,PERSON,40,55,doc_006,Cost-Benefits of Climate Change
Henry Tulkens,PERSON,57,70,doc_006,Cost-Benefits of Climate Change
MARCH 2013,DATE,153,163,doc_006,Cost-Benefits of Climate Change
JEL-Code,ORG,1177,1185,doc_006,Cost-Benefits of Climate Change
"Q540, H870",DATE,1187,1197,doc_006,Cost-Benefits of Climate Change
D610,DATE,1199,1203,doc_006,Cost-Benefits of Climate Change
F420,DATE,1211,1215,doc_006,Cost-Benefits of Climate Change
Q200,PRODUCT,1217,1221,doc_006,Cost-Benefits of Climate Change
CORE & Louvain School of Management,ORG,1339,1374,doc_006,Cost-Benefits of Climate Change
LSM,ORG,1377,1380,doc_006,Cost-Benefits of Climate Change
Catholic University of Louvain Voie du Roman,ORG,1384,1429,doc_006,Cost-Benefits of Climate Change
Belgium,GPE,1439,1446,doc_006,Cost-Benefits of Climate Change
brechet,PERSON,1483,1490,doc_006,Cost-Benefits of Climate Change
@uclouvain.be Henry Tulkens,PERSON,1491,1520,doc_006,Cost-Benefits of Climate Change
CORE / Catholic University of Louvain Voie,ORG,1520,1563,doc_006,Cost-Benefits of Climate Change
"January 17, 2013",DATE,1627,1643,doc_006,Cost-Benefits of Climate Change
31st,ORDINAL,1712,1716,doc_006,Cost-Benefits of Climate Change
MIT Forum,ORG,1717,1726,doc_006,Cost-Benefits of Climate Change
CORE,ORG,1768,1772,doc_006,Cost-Benefits of Climate Change
the Center for Operations Research,ORG,1774,1808,doc_006,Cost-Benefits of Climate Change
Econometrics,ORG,1813,1825,doc_006,Cost-Benefits of Climate Change
Université catholique de Louvain,ORG,1830,1862,doc_006,Cost-Benefits of Climate Change
October 2010,DATE,1867,1879,doc_006,Cost-Benefits of Climate Change
Bréchet,ORG,1919,1926,doc_006,Cost-Benefits of Climate Change
the Grant ham Institute for Climate Change,ORG,1961,2003,doc_006,Cost-Benefits of Climate Change
Imperial College London,ORG,2005,2029,doc_006,Cost-Benefits of Climate Change
the European University,ORG,2065,2088,doc_006,Cost-Benefits of Climate Change
St Petersburg,GPE,2092,2105,doc_006,Cost-Benefits of Climate Change
Russia,GPE,2107,2113,doc_006,Cost-Benefits of Climate Change
Tulkens,ORG,2121,2128,doc_006,Cost-Benefits of Climate Change
University Cà Foscari di Venezia,ORG,2157,2189,doc_006,Cost-Benefits of Climate Change
Italy,GPE,2191,2196,doc_006,Cost-Benefits of Climate Change
FE EM,ORG,2226,2231,doc_006,Cost-Benefits of Climate Change
the Fondazione ENI Enrico Mattei,ORG,2233,2265,doc_006,Cost-Benefits of Climate Change
Vincent Vandernoot,PERSON,2296,2314,doc_006,Cost-Benefits of Climate Change
the MIT Global Change Forum,ORG,2364,2391,doc_006,Cost-Benefits of Climate Change
IPCC,ORG,3034,3038,doc_006,Cost-Benefits of Climate Change
2007,DATE,3040,3044,doc_006,Cost-Benefits of Climate Change
two,CARDINAL,3094,3097,doc_006,Cost-Benefits of Climate Change
first,ORDINAL,4146,4151,doc_006,Cost-Benefits of Climate Change
2.1,CARDINAL,6046,6049,doc_006,Cost-Benefits of Climate Change
2010,DATE,6227,6231,doc_006,Cost-Benefits of Climate Change
four,CARDINAL,6254,6258,doc_006,Cost-Benefits of Climate Change
MERGE,PERSON,6346,6351,doc_006,Cost-Benefits of Climate Change
Kypreos,ORG,6353,6360,doc_006,Cost-Benefits of Climate Change
2003,DATE,6372,6376,doc_006,Cost-Benefits of Climate Change
Leimbach,PERSON,6391,6399,doc_006,Cost-Benefits of Climate Change
POLES -ETSAP,PERSON,6417,6429,doc_006,Cost-Benefits of Climate Change
European Commission,ORG,6431,6451,doc_006,Cost-Benefits of Climate Change
1996,DATE,6453,6457,doc_006,Cost-Benefits of Climate Change
TIMER,ORG,6463,6468,doc_006,Cost-Benefits of Climate Change
2006,DATE,6486,6490,doc_006,Cost-Benefits of Climate Change
about a century,DATE,6571,6586,doc_006,Cost-Benefits of Climate Change
the same period,DATE,7257,7272,doc_006,Cost-Benefits of Climate Change
POLES,NORP,7278,7283,doc_006,Cost-Benefits of Climate Change
3 percent,PERCENT,7446,7455,doc_006,Cost-Benefits of Climate Change
2000,DATE,7506,7510,doc_006,Cost-Benefits of Climate Change
the base year,DATE,7514,7527,doc_006,Cost-Benefits of Climate Change
three,CARDINAL,7634,7639,doc_006,Cost-Benefits of Climate Change
Two,CARDINAL,7790,7793,doc_006,Cost-Benefits of Climate Change
First,ORDINAL,7846,7851,doc_006,Cost-Benefits of Climate Change
0.8%,PERCENT,7935,7939,doc_006,Cost-Benefits of Climate Change
2.5%,PERCENT,8001,8005,doc_006,Cost-Benefits of Climate Change
Second,ORDINAL,8012,8018,doc_006,Cost-Benefits of Climate Change
2.2,CARDINAL,8145,8148,doc_006,Cost-Benefits of Climate Change
only one,CARDINAL,8444,8452,doc_006,Cost-Benefits of Climate Change
Victor,PERSON,9332,9338,doc_006,Cost-Benefits of Climate Change
2011,DATE,9340,9344,doc_006,Cost-Benefits of Climate Change
the Stern Review (Stern,ORG,10481,10504,doc_006,Cost-Benefits of Climate Change
PAGE,ORG,10580,10584,doc_006,Cost-Benefits of Climate Change
Review,ORG,10590,10596,doc_006,Cost-Benefits of Climate Change
between 5,CARDINAL,10701,10710,doc_006,Cost-Benefits of Climate Change
20 %,PERCENT,10716,10720,doc_006,Cost-Benefits of Climate Change
every year,DATE,10734,10744,doc_006,Cost-Benefits of Climate Change
about 1,CARDINAL,10834,10841,doc_006,Cost-Benefits of Climate Change
CWS,ORG,11113,11116,doc_006,Cost-Benefits of Climate Change
Stern,PERSON,11146,11151,doc_006,Cost-Benefits of Climate Change
CLIMNEG World Simulation,ORG,11279,11304,doc_006,Cost-Benefits of Climate Change
RICE,PERSON,11335,11339,doc_006,Cost-Benefits of Climate Change
Nordhaus,ORG,11349,11357,doc_006,Cost-Benefits of Climate Change
Yang,PERSON,11362,11366,doc_006,Cost-Benefits of Climate Change
Eyckmans,NORP,11399,11407,doc_006,Cost-Benefits of Climate Change
Tulkens,GPE,11412,11419,doc_006,Cost-Benefits of Climate Change
2012,DATE,11444,11448,doc_006,Cost-Benefits of Climate Change
2008,DATE,11461,11465,doc_006,Cost-Benefits of Climate Change
IAM,ORG,11567,11570,doc_006,Cost-Benefits of Climate Change
Kolstad,PERSON,12705,12712,doc_006,Cost-Benefits of Climate Change
Toman,PERSON,12717,12722,doc_006,Cost-Benefits of Climate Change
2005,DATE,12724,12728,doc_006,Cost-Benefits of Climate Change
Luterbacher,PERSON,12829,12840,doc_006,Cost-Benefits of Climate Change
2013,DATE,12842,12846,doc_006,Cost-Benefits of Climate Change
3.1,CARDINAL,12909,12912,doc_006,Cost-Benefits of Climate Change
the period 2000- 2100,DATE,13399,13420,doc_006,Cost-Benefits of Climate Change
CO 2-eq.6,ORG,13569,13578,doc_006,Cost-Benefits of Climate Change
CO 2,PRODUCT,13935,13939,doc_006,Cost-Benefits of Climate Change
Optimal,NORP,13968,13975,doc_006,Cost-Benefits of Climate Change
COOP,ORG,14254,14258,doc_006,Cost-Benefits of Climate Change
BAU,WORK_OF_ART,14750,14753,doc_006,Cost-Benefits of Climate Change
9.7,CARDINAL,15217,15220,doc_006,Cost-Benefits of Climate Change
2060,DATE,15238,15242,doc_006,Cost-Benefits of Climate Change
5.0,CARDINAL,15282,15285,doc_006,Cost-Benefits of Climate Change
GtC per year,EVENT,15286,15298,doc_006,Cost-Benefits of Climate Change
14.1,CARDINAL,15380,15384,doc_006,Cost-Benefits of Climate Change
2080,DATE,15434,15438,doc_006,Cost-Benefits of Climate Change
76 percent,PERCENT,15631,15641,doc_006,Cost-Benefits of Climate Change
the year 2000,DATE,15761,15774,doc_006,Cost-Benefits of Climate Change
only 550,CARDINAL,16207,16215,doc_006,Cost-Benefits of Climate Change
BAU,ORG,16886,16889,doc_006,Cost-Benefits of Climate Change
1.1 percent,PERCENT,17199,17211,doc_006,Cost-Benefits of Climate Change
0.4 percent,PERCENT,17267,17278,doc_006,Cost-Benefits of Climate Change
Edenhofer,PERSON,17403,17412,doc_006,Cost-Benefits of Climate Change
0.3 percent,PERCENT,17653,17665,doc_006,Cost-Benefits of Climate Change
only 0.6 percent,PERCENT,17803,17819,doc_006,Cost-Benefits of Climate Change
0.1 percent,PERCENT,17829,17840,doc_006,Cost-Benefits of Climate Change
67%,PERCENT,17928,17931,doc_006,Cost-Benefits of Climate Change
258%,PERCENT,17951,17955,doc_006,Cost-Benefits of Climate Change
one,CARDINAL,19299,19302,doc_006,Cost-Benefits of Climate Change
3.2,CARDINAL,19465,19468,doc_006,Cost-Benefits of Climate Change
2.0,CARDINAL,19716,19719,doc_006,Cost-Benefits of Climate Change
2.7,CARDINAL,19813,19816,doc_006,Cost-Benefits of Climate Change
Fig,PERSON,20229,20232,doc_006,Cost-Benefits of Climate Change
9.0,CARDINAL,20764,20767,doc_006,Cost-Benefits of Climate Change
10.0,CARDINAL,20786,20790,doc_006,Cost-Benefits of Climate Change
2070,DATE,20824,20828,doc_006,Cost-Benefits of Climate Change
second,ORDINAL,20962,20968,doc_006,Cost-Benefits of Climate Change
today,DATE,21540,21545,doc_006,Cost-Benefits of Climate Change
Section 3.1,LAW,21973,21984,doc_006,Cost-Benefits of Climate Change
1.2%,PERCENT,22172,22176,doc_006,Cost-Benefits of Climate Change
1.1%,PERCENT,22185,22189,doc_006,Cost-Benefits of Climate Change
0.9%,PERCENT,22219,22223,doc_006,Cost-Benefits of Climate Change
0.4%,PERCENT,22232,22236,doc_006,Cost-Benefits of Climate Change
0.05%,PERCENT,22476,22481,doc_006,Cost-Benefits of Climate Change
the century,DATE,22510,22521,doc_006,Cost-Benefits of Climate Change
0.30%,PERCENT,22652,22657,doc_006,Cost-Benefits of Climate Change
United States,GPE,27261,27264,doc_006,Cost-Benefits of Climate Change
European Union,ORG,27266,27268,doc_006,Cost-Benefits of Climate Change
JPN,ORG,27270,27273,doc_006,Cost-Benefits of Climate Change
• Cluster 2,PRODUCT,27423,27434,doc_006,Cost-Benefits of Climate Change
AFR,GPE,27481,27484,doc_006,Cost-Benefits of Climate Change
Mediterraneans,NORP,27486,27500,doc_006,Cost-Benefits of Climate Change
RAS,ORG,27502,27505,doc_006,Cost-Benefits of Climate Change
• Cluster 3,PERSON,27637,27648,doc_006,Cost-Benefits of Climate Change
CHN,ORG,27702,27705,doc_006,Cost-Benefits of Climate Change
Asia,LOC,27721,27725,doc_006,Cost-Benefits of Climate Change
MEA,ORG,28680,28683,doc_006,Cost-Benefits of Climate Change
CAN USA AFR JPN OEU MED,ORG,28698,28722,doc_006,Cost-Benefits of Climate Change
The Energy Journal 31(1,ORG,31328,31351,doc_006,Cost-Benefits of Climate Change
137- 164,CARDINAL,31355,31363,doc_006,Cost-Benefits of Climate Change
Bosetti,GPE,31366,31373,doc_006,Cost-Benefits of Climate Change
Carraro,PERSON,31379,31386,doc_006,Cost-Benefits of Climate Change
Masetti,ORG,31407,31414,doc_006,Cost-Benefits of Climate Change
"Tavoni, M. (",GPE,31424,31436,doc_006,Cost-Benefits of Climate Change
2009,DATE,31436,31440,doc_006,Cost-Benefits of Climate Change
The Energy Journal,ORG,31502,31520,doc_006,Cost-Benefits of Climate Change
Bosetti V.,PERSON,31554,31564,doc_006,Cost-Benefits of Climate Change
Victor D.G.,PERSON,31566,31577,doc_006,Cost-Benefits of Climate Change
The Energy Journal 32(1,ORG,31706,31729,doc_006,Cost-Benefits of Climate Change
1-24,CARDINAL,31733,31737,doc_006,Cost-Benefits of Climate Change
Bouwman,PERSON,31740,31747,doc_006,Cost-Benefits of Climate Change
Kram,PERSON,31756,31760,doc_006,Cost-Benefits of Climate Change
Klein Goldewijk,PERSON,31769,31784,doc_006,Cost-Benefits of Climate Change
Netherlands Environmental Assessment Agency,ORG,31885,31929,doc_006,Cost-Benefits of Climate Change
MNP,ORG,31931,31934,doc_006,Cost-Benefits of Climate Change
Gerard,PERSON,31965,31971,doc_006,Cost-Benefits of Climate Change
Marbaix,PERSON,31977,31984,doc_006,Cost-Benefits of Climate Change
van Ypersele,PERSON,32006,32018,doc_006,Cost-Benefits of Climate Change
Gerard,GPE,32180,32186,doc_006,Cost-Benefits of Climate Change
"Tulkens, H. (2011",GPE,32195,32212,doc_006,Cost-Benefits of Climate Change
Bréchet Th,PERSON,32345,32355,doc_006,Cost-Benefits of Climate Change
U. Luterbacher,PERSON,32361,32375,doc_006,Cost-Benefits of Climate Change
D.F. Sprinz,PERSON,32473,32484,doc_006,Cost-Benefits of Climate Change
MIT Press,ORG,32531,32540,doc_006,Cost-Benefits of Climate Change
Thénié,ORG,32571,32577,doc_006,Cost-Benefits of Climate Change
Zuber,PERSON,32599,32604,doc_006,Cost-Benefits of Climate Change
Environme,PERSON,32698,32707,doc_006,Cost-Benefits of Climate Change
Modeling,GPE,32713,32721,doc_006,Cost-Benefits of Climate Change
149- 162,CARDINAL,32748,32756,doc_006,Cost-Benefits of Climate Change
Willems,NORP,32809,32816,doc_006,Cost-Benefits of Climate Change
2002,DATE,32822,32826,doc_006,Cost-Benefits of Climate Change
The Kyoto Protocol,LAW,32830,32848,doc_006,Cost-Benefits of Climate Change
chapter 6,LAW,32899,32908,doc_006,Cost-Benefits of Climate Change
Kriström,GPE,32926,32934,doc_006,Cost-Benefits of Climate Change
Dasgupta P.,PERSON,32941,32952,doc_006,Cost-Benefits of Climate Change
Löfgren K. -G.,PERSON,32957,32971,doc_006,Cost-Benefits of Climate Change
Edward Elgar,PERSON,33056,33068,doc_006,Cost-Benefits of Climate Change
Cheltenham,PERSON,33070,33080,doc_006,Cost-Benefits of Climate Change
Knopf,ORG,33098,33103,doc_006,Cost-Benefits of Climate Change
Barker T.,PERSON,33109,33118,doc_006,Cost-Benefits of Climate Change
Baumstark,PERSON,33120,33129,doc_006,Cost-Benefits of Climate Change
L. Bellevrat,PERSON,33131,33143,doc_006,Cost-Benefits of Climate Change
Isaac,PERSON,33174,33179,doc_006,Cost-Benefits of Climate Change
"M., Kitous, S.",ORG,33182,33196,doc_006,Cost-Benefits of Climate Change
Leimbach,GPE,33198,33206,doc_006,Cost-Benefits of Climate Change
"M., Lessman",ORG,33208,33219,doc_006,Cost-Benefits of Climate Change
Magné,GPE,33225,33230,doc_006,Cost-Benefits of Climate Change
Turton,GPE,33250,33256,doc_006,Cost-Benefits of Climate Change
van Vuuren,PERSON,33265,33276,doc_006,Cost-Benefits of Climate Change
XII,ORG,33481,33484,doc_006,Cost-Benefits of Climate Change
EUR,ORG,33486,33489,doc_006,Cost-Benefits of Climate Change
"Tulkens, H.",GPE,33519,33530,doc_006,Cost-Benefits of Climate Change
Resource and Energy Economics,ORG,33632,33661,doc_006,Cost-Benefits of Climate Change
"Bahn, O.",ORG,33695,33703,doc_006,Cost-Benefits of Climate Change
Environmental Modeling and,ORG,33769,33795,doc_006,Cost-Benefits of Climate Change
249- 259,CARDINAL,33810,33818,doc_006,Cost-Benefits of Climate Change
Bauer,ORG,33835,33840,doc_006,Cost-Benefits of Climate Change
N. Baumstark,PERSON,33842,33854,doc_006,Cost-Benefits of Climate Change
Nordhaus,GPE,34025,34033,doc_006,Cost-Benefits of Climate Change
W.D.,GPE,34035,34039,doc_006,Cost-Benefits of Climate Change
1994,DATE,34041,34045,doc_006,Cost-Benefits of Climate Change
the Global Commons: The Economics of Climate Change,ORG,34057,34108,doc_006,Cost-Benefits of Climate Change
Cambridge,GPE,34122,34131,doc_006,Cost-Benefits of Climate Change
Yale University Press,ORG,34185,34206,doc_006,Cost-Benefits of Climate Change
A Regional Dynamic General Equilibrium Model,ORG,34246,34290,doc_006,Cost-Benefits of Climate Change
American Economic Review,ORG,34335,34359,doc_006,Cost-Benefits of Climate Change
Boyer,PERSON,34397,34402,doc_006,Cost-Benefits of Climate Change
The MIT Press,ORG,34470,34483,doc_006,Cost-Benefits of Climate Change
Cambridge University Press,ORG,34626,34653,doc_006,Cost-Benefits of Climate Change
Yang Z.,PERSON,34656,34663,doc_006,Cost-Benefits of Climate Change
Strategic Bargaining,PERSON,34672,34692,doc_006,Cost-Benefits of Climate Change
Modeling Approach,PERSON,34767,34784,doc_006,Cost-Benefits of Climate Change
zero,CARDINAL,241,245,doc_007,Countries Leading Energy Transition
the middle of the century,DATE,249,274,doc_007,Countries Leading Energy Transition
four,CARDINAL,448,452,doc_007,Countries Leading Energy Transition
European,NORP,453,461,doc_007,Countries Leading Energy Transition
Norway,GPE,497,503,doc_007,Countries Leading Energy Transition
United Kingdom,GPE,658,660,doc_007,Countries Leading Energy Transition
2035,DATE,967,971,doc_007,Countries Leading Energy Transition
Christof Schiller,PERSON,1225,1242,doc_007,Countries Leading Energy Transition
the Bertelsmann Stiftung,FAC,1265,1289,doc_007,Countries Leading Energy Transition
the Sustainable Governance Indicators (S GI,ORG,1302,1345,doc_007,Countries Leading Energy Transition
The Research Institute for Sustainability - Helmholtz Centre Potsdam,ORG,1358,1426,doc_007,Countries Leading Energy Transition
the Bertelsmann Stiftung,ORG,1456,1480,doc_007,Countries Leading Energy Transition
first,ORDINAL,1661,1666,doc_007,Countries Leading Energy Transition
mid -century,DATE,2064,2076,doc_007,Countries Leading Energy Transition
Germán Bersalli,PERSON,2126,2141,doc_007,Countries Leading Energy Transition
RIFS,ORG,2151,2155,doc_007,Countries Leading Energy Transition
at least one,CARDINAL,2341,2353,doc_007,Countries Leading Energy Transition
Denmark,GPE,2434,2441,doc_007,Countries Leading Energy Transition
Norwa,PERSON,2531,2536,doc_007,Countries Leading Energy Transition
Germany,GPE,2602,2609,doc_007,Countries Leading Energy Transition
2029,DATE,3301,3305,doc_007,Countries Leading Energy Transition
annual,DATE,4080,4086,doc_007,Countries Leading Energy Transition
1.6% to 4.2%,PERCENT,4121,4133,doc_007,Countries Leading Energy Transition
2045,DATE,4170,4174,doc_007,Countries Leading Energy Transition
"17,700",CARDINAL,4243,4249,doc_007,Countries Leading Energy Transition
2022,DATE,4291,4295,doc_007,Countries Leading Energy Transition
"124,000",CARDINAL,4297,4304,doc_007,Countries Leading Energy Transition
Europe,LOC,4348,4354,doc_007,Countries Leading Energy Transition
100%,PERCENT,4400,4404,doc_007,Countries Leading Energy Transition
next year,DATE,4430,4439,doc_007,Countries Leading Energy Transition
Thorsten Hellmann,PERSON,4627,4644,doc_007,Countries Leading Energy Transition
CO2,PRODUCT,4988,4991,doc_007,Countries Leading Energy Transition
2030,DATE,5130,5134,doc_007,Countries Leading Energy Transition
6 million,CARDINAL,5143,5152,doc_007,Countries Leading Energy Transition
2013,DATE,5500,5504,doc_007,Countries Leading Energy Transition
smart meters,PERSON,5710,5722,doc_007,Countries Leading Energy Transition
last year,DATE,5830,5839,doc_007,Countries Leading Energy Transition
2021,DATE,5886,5890,doc_007,Countries Leading Energy Transition
2016,DATE,5903,5907,doc_007,Countries Leading Energy Transition
Assessing Zero -Emissions Energy Transitions: A Systemic View,WORK_OF_ART,5956,6017,doc_007,Countries Leading Energy Transition
Bersalli,PERSON,6028,6036,doc_007,Countries Leading Energy Transition
Brien,GPE,6043,6048,doc_007,Countries Leading Energy Transition
Gottheit,GPE,6054,6062,doc_007,Countries Leading Energy Transition
Lilliestam,GPE,6068,6078,doc_007,Countries Leading Energy Transition
Meeting Climate Targets: How Far have Leading Countries Progressed,WORK_OF_ART,6589,6655,doc_007,Countries Leading Energy Transition
"C., Hellmann",ORG,6771,6783,doc_007,Countries Leading Energy Transition
Mussler,GPE,6789,6796,doc_007,Countries Leading Energy Transition
the Bertelsmann Stiftung: Inspiring,ORG,7152,7187,doc_007,Countries Leading Energy Transition
The Bertelsmann Stiftung,ORG,7217,7241,doc_007,Countries Leading Energy Transition
Education,ORG,7372,7381,doc_007,Countries Leading Energy Transition
"the Next Generation, Democracy and Social Cohesion",ORG,7386,7436,doc_007,Countries Leading Energy Transition
"the Common Good,",PRODUCT,7458,7474,doc_007,Countries Leading Energy Transition
Sustainable Social Market Economies,ORG,7504,7539,doc_007,Countries Leading Energy Transition
1977,DATE,7786,7790,doc_007,Countries Leading Energy Transition
Reinhard Mohn,PERSON,7794,7807,doc_007,Countries Leading Energy Transition
ScienceDirect Environmental Innovation,ORG,28,66,doc_008,Economics of Transition Pathways
Kerstin Hötte,PERSON,217,230,doc_008,Economics of Transition Pathways
Universität Bielefeld,ORG,232,253,doc_008,Economics of Transition Pathways
Fakultät,NORP,255,263,doc_008,Economics of Transition Pathways
Wirtschaftswissenschaften,PERSON,268,293,doc_008,Economics of Transition Pathways
Postfach,PERSON,302,310,doc_008,Economics of Transition Pathways
"10 01 31, 33501",DATE,311,326,doc_008,Economics of Transition Pathways
Bielefeld,GPE,328,337,doc_008,Economics of Transition Pathways
ARTICLE,PRODUCT,338,345,doc_008,Economics of Transition Pathways
O33 Q55,ORG,378,385,doc_008,Economics of Transition Pathways
Learning Climate,ORG,476,492,doc_008,Economics of Transition Pathways
modelABSTRACT Pathwaysoftransition,ORG,512,546,doc_008,Economics of Transition Pathways
Taxes,ORG,1531,1536,doc_008,Economics of Transition Pathways
2018,DATE,1799,1803,doc_008,Economics of Transition Pathways
Steffen,GPE,1805,1812,doc_008,Economics of Transition Pathways
2002,DATE,2072,2076,doc_008,Economics of Transition Pathways
Comin et al.,PERSON,2215,2227,doc_008,Economics of Transition Pathways
2006,DATE,2229,2233,doc_008,Economics of Transition Pathways
Geels,GPE,2235,2240,doc_008,Economics of Transition Pathways
2007,DATE,2252,2256,doc_008,Economics of Transition Pathways
Adner,NORP,2258,2263,doc_008,Economics of Transition Pathways
Kapoor,GPE,2268,2274,doc_008,Economics of Transition Pathways
2016,DATE,2276,2280,doc_008,Economics of Transition Pathways
Vona,PERSON,2282,2286,doc_008,Economics of Transition Pathways
2015,DATE,2295,2299,doc_008,Economics of Transition Pathways
ABM,LAW,2478,2481,doc_008,Economics of Transition Pathways
Lachman,ORG,2552,2559,doc_008,Economics of Transition Pathways
2013,DATE,2561,2565,doc_008,Economics of Transition Pathways
Köhler,ORG,2567,2573,doc_008,Economics of Transition Pathways
2019,DATE,2582,2586,doc_008,Economics of Transition Pathways
Schot,PERSON,3282,3287,doc_008,Economics of Transition Pathways
November 2019,DATE,3369,3382,doc_008,Economics of Transition Pathways
29 April 2020,DATE,3409,3422,doc_008,Economics of Transition Pathways
Accepted,ORG,3424,3432,doc_008,Economics of Transition Pathways
2020,DATE,3523,3527,doc_008,Economics of Transition Pathways
June 2020,DATE,3556,3565,doc_008,Economics of Transition Pathways
2210-4224/,DATE,3566,3576,doc_008,Economics of Transition Pathways
al.,PERSON,4889,4892,doc_008,Economics of Transition Pathways
Jaffe,GPE,4900,4905,doc_008,Economics of Transition Pathways
De Rassenfosse,GPE,4910,4924,doc_008,Economics of Transition Pathways
2017,DATE,4926,4930,doc_008,Economics of Transition Pathways
Tushman,PERSON,5105,5112,doc_008,Economics of Transition Pathways
Anderson,PERSON,5117,5125,doc_008,Economics of Transition Pathways
1986,DATE,5127,5131,doc_008,Economics of Transition Pathways
ABM,ORG,5227,5230,doc_008,Economics of Transition Pathways
Hötte,ORG,5233,5238,doc_008,Economics of Transition Pathways
three,CARDINAL,5736,5741,doc_008,Economics of Transition Pathways
two,CARDINAL,6612,6615,doc_008,Economics of Transition Pathways
Holtz et al.,PERSON,7093,7105,doc_008,Economics of Transition Pathways
Moallemi,ORG,7113,7121,doc_008,Economics of Transition Pathways
Holtz,PERSON,7471,7476,doc_008,Economics of Transition Pathways
Watson,PERSON,7528,7534,doc_008,Economics of Transition Pathways
1971,DATE,7536,7540,doc_008,Economics of Transition Pathways
First,ORDINAL,7812,7817,doc_008,Economics of Transition Pathways
itisatheoreticalapproachtoformalizeconceptsofMLPwithin,PERSON,7818,7872,doc_008,Economics of Transition Pathways
one,CARDINAL,7917,7920,doc_008,Economics of Transition Pathways
Lachman 2013,DATE,7976,7988,doc_008,Economics of Transition Pathways
Köhler,PERSON,8121,8127,doc_008,Economics of Transition Pathways
Second,ORDINAL,9063,9069,doc_008,Economics of Transition Pathways
Arthur,PERSON,9267,9273,doc_008,Economics of Transition Pathways
1989,DATE,9275,9279,doc_008,Economics of Transition Pathways
Cowan,GPE,9281,9286,doc_008,Economics of Transition Pathways
1991,DATE,9288,9292,doc_008,Economics of Transition Pathways
Third,ORDINAL,9422,9427,doc_008,Economics of Transition Pathways
Acemoglu,ORG,9800,9808,doc_008,Economics of Transition Pathways
Nijkamp,GPE,9816,9823,doc_008,Economics of Transition Pathways
2005,DATE,9832,9836,doc_008,Economics of Transition Pathways
Lemoine,GPE,9838,9845,doc_008,Economics of Transition Pathways
K. Hötte Environmental Innovation,PERSON,10630,10663,doc_008,Economics of Transition Pathways
four,CARDINAL,10786,10790,doc_008,Economics of Transition Pathways
Dechezleprêtre et al,PERSON,10919,10939,doc_008,Economics of Transition Pathways
2011,DATE,10942,10946,doc_008,Economics of Transition Pathways
Allan et al.,PERSON,11233,11245,doc_008,Economics of Transition Pathways
2014,DATE,11247,11251,doc_008,Economics of Transition Pathways
Kapoor,PERSON,11351,11357,doc_008,Economics of Transition Pathways
India,GPE,11727,11732,doc_008,Economics of Transition Pathways
China,GPE,11737,11742,doc_008,Economics of Transition Pathways
Lema,PERSON,11805,11809,doc_008,Economics of Transition Pathways
2012,DATE,11820,11824,doc_008,Economics of Transition Pathways
Jiang,PERSON,11826,11831,doc_008,Economics of Transition Pathways
IndianandChinese,NORP,12042,12058,doc_008,Economics of Transition Pathways
"carmanufacturersbeganearlytoswitchtoEV(LemaandLema,2012;TyfieldandZuev,2018).AnotherexampleisRETinSouthAsia",GPE,12059,12166,doc_008,Economics of Transition Pathways
Africa,LOC,12171,12177,doc_008,Economics of Transition Pathways
Unruh,ORG,12655,12660,doc_008,Economics of Transition Pathways
2000,DATE,12662,12666,doc_008,Economics of Transition Pathways
Germany,GPE,12699,12706,doc_008,Economics of Transition Pathways
Quitzow,GPE,12798,12805,doc_008,Economics of Transition Pathways
Pan et al.,ORG,12813,12823,doc_008,Economics of Transition Pathways
Kemfert,PERSON,12926,12933,doc_008,Economics of Transition Pathways
RET,ORG,13093,13096,doc_008,Economics of Transition Pathways
2010,DATE,13121,13125,doc_008,Economics of Transition Pathways
Nordensvärd,GPE,13127,13138,doc_008,Economics of Transition Pathways
Urban,GPE,13143,13148,doc_008,Economics of Transition Pathways
Herrmann,GPE,13176,13184,doc_008,Economics of Transition Pathways
Savin,PERSON,13189,13194,doc_008,Economics of Transition Pathways
German,NORP,13240,13246,doc_008,Economics of Transition Pathways
Altenburg,GPE,13578,13587,doc_008,Economics of Transition Pathways
Høyer,ORG,14533,14538,doc_008,Economics of Transition Pathways
2008,DATE,14540,14544,doc_008,Economics of Transition Pathways
Jones,PERSON,14546,14551,doc_008,Economics of Transition Pathways
Bouamane,GPE,14556,14564,doc_008,Economics of Transition Pathways
2000).1Therelativeendowment,DATE,14750,14777,doc_008,Economics of Transition Pathways
Aghionetal.(2016,PERSON,15026,15042,doc_008,Economics of Transition Pathways
CarvalhoandVoigtländer(2014,ORG,15249,15276,doc_008,Economics of Transition Pathways
Oikawa,GPE,15473,15479,doc_008,Economics of Transition Pathways
Huang,PERSON,15488,15493,doc_008,Economics of Transition Pathways
Jaffe,NORP,15656,15661,doc_008,Economics of Transition Pathways
Korzinov,PERSON,15688,15696,doc_008,Economics of Transition Pathways
Adner,PERSON,15715,15720,doc_008,Economics of Transition Pathways
the late 19th century,DATE,16586,16607,doc_008,Economics of Transition Pathways
2004,DATE,16655,16659,doc_008,Economics of Transition Pathways
andGrübler,PERSON,16675,16685,doc_008,Economics of Transition Pathways
Sauerborn,PERSON,17168,17177,doc_008,Economics of Transition Pathways
Høyer,PERSON,17185,17190,doc_008,Economics of Transition Pathways
Neukirch,ORG,17198,17206,doc_008,Economics of Transition Pathways
2009,DATE,17208,17212,doc_008,Economics of Transition Pathways
Jones,GPE,17214,17219,doc_008,Economics of Transition Pathways
Behera,GPE,17246,17252,doc_008,Economics of Transition Pathways
the 70s,DATE,17911,17918,doc_008,Economics of Transition Pathways
Popp,PERSON,18226,18230,doc_008,Economics of Transition Pathways
Popp,ORG,18303,18307,doc_008,Economics of Transition Pathways
Lockeretz,ORG,18568,18577,doc_008,Economics of Transition Pathways
Reganold,PERSON,18606,18614,doc_008,Economics of Transition Pathways
Wachter,PERSON,18619,18626,doc_008,Economics of Transition Pathways
Malerba et al.,PERSON,18793,18807,doc_008,Economics of Transition Pathways
1999,DATE,18809,18813,doc_008,Economics of Transition Pathways
andConsoli,PERSON,19332,19342,doc_008,Economics of Transition Pathways
Skill,PERSON,19598,19603,doc_008,Economics of Transition Pathways
Acemoglu,PERSON,19796,19804,doc_008,Economics of Transition Pathways
2003).Vonaetal.(2015,CARDINAL,19826,19846,doc_008,Economics of Transition Pathways
Breschi et al,PERSON,20844,20857,doc_008,Economics of Transition Pathways
Schumpeterian,NORP,20936,20949,doc_008,Economics of Transition Pathways
3.1,CARDINAL,22567,22570,doc_008,Economics of Transition Pathways
Smith et al.,ORG,22705,22717,doc_008,Economics of Transition Pathways
Lachman,PERSON,22725,22732,doc_008,Economics of Transition Pathways
2016).K.,CARDINAL,23142,23150,doc_008,Economics of Transition Pathways
Hötte Environmental Innovation,ORG,23151,23181,doc_008,Economics of Transition Pathways
Nelson,PERSON,23380,23386,doc_008,Economics of Transition Pathways
"Winter, 1977",DATE,23391,23403,doc_008,Economics of Transition Pathways
Dosi,PERSON,23405,23409,doc_008,Economics of Transition Pathways
1982,DATE,23411,23415,doc_008,Economics of Transition Pathways
Kemp,PERSON,24296,24300,doc_008,Economics of Transition Pathways
1994,DATE,24302,24306,doc_008,Economics of Transition Pathways
Safarzyńska,GPE,24341,24352,doc_008,Economics of Transition Pathways
Yuan et al.,PERSON,24367,24378,doc_008,Economics of Transition Pathways
Wells,ORG,24386,24391,doc_008,Economics of Transition Pathways
Nieuwenhuis,PERSON,24396,24407,doc_008,Economics of Transition Pathways
Berkeley,GPE,24415,24423,doc_008,Economics of Transition Pathways
3.2,CARDINAL,26479,26482,doc_008,Economics of Transition Pathways
2002).The,CARDINAL,27078,27087,doc_008,Economics of Transition Pathways
Cohen,PERSON,28966,28971,doc_008,Economics of Transition Pathways
Levinthal,PERSON,28976,28985,doc_008,Economics of Transition Pathways
1990,DATE,28987,28991,doc_008,Economics of Transition Pathways
2007).For,CARDINAL,29238,29247,doc_008,Economics of Transition Pathways
Nieuwenhuis,GPE,29671,29682,doc_008,Economics of Transition Pathways
Ehret and Dignum,ORG,30161,30177,doc_008,Economics of Transition Pathways
Wesseling,ORG,30238,30247,doc_008,Economics of Transition Pathways
2015;K.,CARDINAL,30256,30263,doc_008,Economics of Transition Pathways
daily,DATE,31117,31122,doc_008,Economics of Transition Pathways
SF4,ORG,31398,31401,doc_008,Economics of Transition Pathways
Hötte,PERSON,31572,31577,doc_008,Economics of Transition Pathways
Dawid et al.,PERSON,31661,31673,doc_008,Economics of Transition Pathways
stratedin,GPE,31711,31720,doc_008,Economics of Transition Pathways
Fig.1.Itcan,NORP,31721,31732,doc_008,Economics of Transition Pathways
Households,ORG,32010,32020,doc_008,Economics of Transition Pathways
One,CARDINAL,32557,32560,doc_008,Economics of Transition Pathways
one working day,DATE,32588,32603,doc_008,Economics of Transition Pathways
monthly,DATE,32670,32677,doc_008,Economics of Transition Pathways
3In,CARDINAL,32897,32900,doc_008,Economics of Transition Pathways
Dawid,PERSON,32985,32990,doc_008,Economics of Transition Pathways
Gemkow,GPE,32995,33001,doc_008,Economics of Transition Pathways
van der Hoog,ORG,33009,33021,doc_008,Economics of Transition Pathways
2019a,DATE,33059,33064,doc_008,Economics of Transition Pathways
Harting,GPE,33068,33075,doc_008,Economics of Transition Pathways
Hötte 2020,LAW,33176,33186,doc_008,Economics of Transition Pathways
Fig,PERSON,33202,33205,doc_008,Economics of Transition Pathways
1.Macroeconomic,CARDINAL,33207,33222,doc_008,Economics of Transition Pathways
magenta,GPE,33389,33396,doc_008,Economics of Transition Pathways
2019c,DATE,33588,33593,doc_008,Economics of Transition Pathways
Dawid et al,PERSON,33608,33619,doc_008,Economics of Transition Pathways
3The,CARDINAL,33629,33633,doc_008,Economics of Transition Pathways
Phillips,ORG,33740,33748,doc_008,Economics of Transition Pathways
Beveridge,ORG,33753,33762,doc_008,Economics of Transition Pathways
K. Hötte Environmental Innovation,ORG,33833,33866,doc_008,Economics of Transition Pathways
1957,DATE,35037,35041,doc_008,Economics of Transition Pathways
"Winter, 1982",DATE,35054,35066,doc_008,Economics of Transition Pathways
AtV,PERSON,35835,35838,doc_008,Economics of Transition Pathways
l L,ORG,36418,36421,doc_008,Economics of Transition Pathways
LBD,ORG,36691,36694,doc_008,Economics of Transition Pathways
1]dist,CARDINAL,37474,37480,doc_008,Economics of Transition Pathways
Household l 's,ORG,38019,38033,doc_008,Economics of Transition Pathways
Ac tV,ORG,38570,38575,doc_008,Economics of Transition Pathways
second,ORDINAL,39008,39014,doc_008,Economics of Transition Pathways
K K/,ORG,39138,39142,doc_008,Economics of Transition Pathways
Cowan,ORG,40112,40117,doc_008,Economics of Transition Pathways
4.2,CARDINAL,40554,40557,doc_008,Economics of Transition Pathways
Section 5.3,LAW,42362,42373,doc_008,Economics of Transition Pathways
60 years,DATE,42669,42677,doc_008,Economics of Transition Pathways
5.1,CARDINAL,42679,42682,doc_008,Economics of Transition Pathways
2.5 years,DATE,43579,43588,doc_008,Economics of Transition Pathways
5In,CARDINAL,44004,44007,doc_008,Economics of Transition Pathways
10%,PERCENT,44068,44071,doc_008,Economics of Transition Pathways
Triguero et al.,PERSON,44616,44631,doc_008,Economics of Transition Pathways
0 0,CARDINAL,44796,44799,doc_008,Economics of Transition Pathways
1)A,CARDINAL,44844,44847,doc_008,Economics of Transition Pathways
about 30%,PERCENT,45819,45828,doc_008,Economics of Transition Pathways
0Tc,PRODUCT,47342,47345,doc_008,Economics of Transition Pathways
5.2,CARDINAL,47938,47941,doc_008,Economics of Transition Pathways
Mean,PERSON,48463,48467,doc_008,Economics of Transition Pathways
Std,PERSON,48469,48472,doc_008,Economics of Transition Pathways
6.4e-6,CARDINAL,48549,48555,doc_008,Economics of Transition Pathways
8.9e-9,CARDINAL,48600,48606,doc_008,Economics of Transition Pathways
1.044,MONEY,48625,48630,doc_008,Economics of Transition Pathways
8The,CARDINAL,49217,49221,doc_008,Economics of Transition Pathways
4.466%,PERCENT,49287,49293,doc_008,Economics of Transition Pathways
OLS,ORG,49299,49302,doc_008,Economics of Transition Pathways
+ %,PERCENT,49387,49390,doc_008,Economics of Transition Pathways
teco eco,ORG,49580,49588,doc_008,Economics of Transition Pathways
tg tg inv .,PERSON,49682,49693,doc_008,Economics of Transition Pathways
Beveridge,PERSON,51483,51492,doc_008,Economics of Transition Pathways
1988,DATE,51700,51704,doc_008,Economics of Transition Pathways
Windrum,PERSON,51706,51713,doc_008,Economics of Transition Pathways
Romer,PERSON,51979,51984,doc_008,Economics of Transition Pathways
Tacit,PRODUCT,52008,52013,doc_008,Economics of Transition Pathways
Di Stefano,PERSON,52172,52182,doc_008,Economics of Transition Pathways
Allanet al.,PERSON,52340,52351,doc_008,Economics of Transition Pathways
Gillingham,PERSON,52547,52557,doc_008,Economics of Transition Pathways
Pizer,WORK_OF_ART,52572,52577,doc_008,Economics of Transition Pathways
Klimek,PERSON,52770,52776,doc_008,Economics of Transition Pathways
2019b,DATE,53158,53163,doc_008,Economics of Transition Pathways
2.Simulated,CARDINAL,53227,53238,doc_008,Economics of Transition Pathways
first,ORDINAL,53660,53665,doc_008,Economics of Transition Pathways
5.3,CARDINAL,53909,53912,doc_008,Economics of Transition Pathways
Monte-Carlo,ORG,54029,54040,doc_008,Economics of Transition Pathways
"15,000",CARDINAL,54075,54081,doc_008,Economics of Transition Pathways
5.3.1,CARDINAL,54620,54625,doc_008,Economics of Transition Pathways
30%,PERCENT,54825,54828,doc_008,Economics of Transition Pathways
70%,PERCENT,54926,54929,doc_008,Economics of Transition Pathways
Fig,ORG,54952,54955,doc_008,Economics of Transition Pathways
zero,CARDINAL,55501,55505,doc_008,Economics of Transition Pathways
atthefirmlevelin,PERSON,56456,56472,doc_008,Economics of Transition Pathways
3.Transition,CARDINAL,57126,57138,doc_008,Economics of Transition Pathways
9An,CARDINAL,57533,57536,doc_008,Economics of Transition Pathways
0.30,CARDINAL,57556,57560,doc_008,Economics of Transition Pathways
1Tg,CARDINAL,57741,57744,doc_008,Economics of Transition Pathways
10The,CARDINAL,57853,57858,doc_008,Economics of Transition Pathways
for.0064,GPE,57972,57980,doc_008,Economics of Transition Pathways
11The,CARDINAL,57982,57987,doc_008,Economics of Transition Pathways
2 1,CARDINAL,58079,58082,doc_008,Economics of Transition Pathways
Probit,FAC,58665,58671,doc_008,Economics of Transition Pathways
Theeffectiveness,ORG,59718,59734,doc_008,Economics of Transition Pathways
effectcan,NORP,59876,59885,doc_008,Economics of Transition Pathways
dist,NORP,59904,59908,doc_008,Economics of Transition Pathways
Incontrast,ORG,59930,59940,doc_008,Economics of Transition Pathways
4)-(6,CARDINAL,60657,60662,doc_008,Economics of Transition Pathways
the day,DATE,62045,62052,doc_008,Economics of Transition Pathways
12To,CARDINAL,62464,62468,doc_008,Economics of Transition Pathways
Idiscussonlyeffectsthataresignificantat,PERSON,62700,62739,doc_008,Economics of Transition Pathways
1%level,CARDINAL,62745,62752,doc_008,Economics of Transition Pathways
Table 4 Regression,PRODUCT,63804,63822,doc_008,Economics of Transition Pathways
1.099,CARDINAL,63996,64001,doc_008,Economics of Transition Pathways
1.097,CARDINAL,64005,64010,doc_008,Economics of Transition Pathways
6.548,CARDINAL,64014,64019,doc_008,Economics of Transition Pathways
65.99,CARDINAL,64154,64159,doc_008,Economics of Transition Pathways
31.42,CARDINAL,64259,64264,doc_008,Economics of Transition Pathways
788.9,CARDINAL,64315,64320,doc_008,Economics of Transition Pathways
2.267,CARDINAL,64344,64349,doc_008,Economics of Transition Pathways
70.37,CARDINAL,64370,64375,doc_008,Economics of Transition Pathways
77.99,CARDINAL,64484,64489,doc_008,Economics of Transition Pathways
1.506,CARDINAL,64573,64578,doc_008,Economics of Transition Pathways
58.73,CARDINAL,64599,64604,doc_008,Economics of Transition Pathways
8.747,CARDINAL,64654,64659,doc_008,Economics of Transition Pathways
27.75,CARDINAL,64705,64710,doc_008,Economics of Transition Pathways
28.46,CARDINAL,64932,64937,doc_008,Economics of Transition Pathways
28.06,CARDINAL,65018,65023,doc_008,Economics of Transition Pathways
140.0,CARDINAL,65182,65187,doc_008,Economics of Transition Pathways
25.38,CARDINAL,65229,65234,doc_008,Economics of Transition Pathways
195.1,CARDINAL,65342,65347,doc_008,Economics of Transition Pathways
23.1,CARDINAL,65377,65381,doc_008,Economics of Transition Pathways
301.8,CARDINAL,65422,65427,doc_008,Economics of Transition Pathways
37.7,CARDINAL,65466,65470,doc_008,Economics of Transition Pathways
2.658,CARDINAL,65531,65536,doc_008,Economics of Transition Pathways
146.8,CARDINAL,65541,65546,doc_008,Economics of Transition Pathways
135.8,CARDINAL,65623,65628,doc_008,Economics of Transition Pathways
671.4,CARDINAL,65671,65676,doc_008,Economics of Transition Pathways
149.1,CARDINAL,65690,65695,doc_008,Economics of Transition Pathways
843.7,CARDINAL,65721,65726,doc_008,Economics of Transition Pathways
140.9,CARDINAL,65759,65764,doc_008,Economics of Transition Pathways
786.3,CARDINAL,65836,65841,doc_008,Economics of Transition Pathways
137.2,CARDINAL,65875,65880,doc_008,Economics of Transition Pathways
5.3.2,CARDINAL,68280,68285,doc_008,Economics of Transition Pathways
Iconsideronlysuccessfultransitions,ORG,68575,68609,doc_008,Economics of Transition Pathways
30 years,DATE,68742,68750,doc_008,Economics of Transition Pathways
Table 5shows,EVENT,68822,68834,doc_008,Economics of Transition Pathways
Herfindahl,ORG,71108,71118,doc_008,Economics of Transition Pathways
13Keepinmindthatthisfindingmightbespecifictotheassumptionsinthemodel,CARDINAL,72371,72439,doc_008,Economics of Transition Pathways
14Note,DATE,72572,72578,doc_008,Economics of Transition Pathways
15Recall,CARDINAL,72881,72889,doc_008,Economics of Transition Pathways
several decades,DATE,72910,72925,doc_008,Economics of Transition Pathways
Messenger,PERSON,73078,73087,doc_008,Economics of Transition Pathways
Bick et al.,PERSON,73102,73113,doc_008,Economics of Transition Pathways
2018).K.,CARDINAL,73115,73123,doc_008,Economics of Transition Pathways
5.4,CARDINAL,73223,73226,doc_008,Economics of Transition Pathways
Geels and Schot's,ORG,73258,73275,doc_008,Economics of Transition Pathways
and(4,PERSON,74374,74379,doc_008,Economics of Transition Pathways
Thetypeofemergingpathwayisreflectedinthecompositeofdifferenteconomicandtechnologicalvariables,GPE,75946,76039,doc_008,Economics of Transition Pathways
Following Geels,PERSON,76335,76350,doc_008,Economics of Transition Pathways
Outputt,GPE,76778,76785,doc_008,Economics of Transition Pathways
176.1,CARDINAL,76842,76847,doc_008,Economics of Transition Pathways
7.707,CARDINAL,76851,76856,doc_008,Economics of Transition Pathways
1.288,CARDINAL,77045,77050,doc_008,Economics of Transition Pathways
Signif,GPE,77441,77447,doc_008,Economics of Transition Pathways
0.01,CARDINAL,77471,77475,doc_008,Economics of Transition Pathways
0.05,CARDINAL,77478,77482,doc_008,Economics of Transition Pathways
0.1 1,CARDINAL,77484,77489,doc_008,Economics of Transition Pathways
Two,CARDINAL,77490,77493,doc_008,Economics of Transition Pathways
Herbert Dawid,PERSON,82433,82446,doc_008,Economics of Transition Pathways
Simon Gemkow,PERSON,82448,82460,doc_008,Economics of Transition Pathways
Philipp Harting,PERSON,82462,82477,doc_008,Economics of Transition Pathways
Sander van der Hoog,PERSON,82479,82498,doc_008,Economics of Transition Pathways
Michael Neugart,PERSON,82503,82518,doc_008,Economics of Transition Pathways
European Union,ORG,82563,82565,doc_008,Economics of Transition Pathways
6th,ORDINAL,82566,82569,doc_008,Economics of Transition Pathways
Matthias Endres,PERSON,82643,82658,doc_008,Economics of Transition Pathways
Antoine Mandel,ORG,82677,82691,doc_008,Economics of Transition Pathways
the German National Academic Foundation,ORG,82777,82816,doc_008,Economics of Transition Pathways
Deutsch,ORG,82822,82829,doc_008,Economics of Transition Pathways
Hochschule,PRODUCT,82843,82853,doc_008,Economics of Transition Pathways
the Bielefeld Graduate School of Economics and Management,ORG,82858,82915,doc_008,Economics of Transition Pathways
the Center for Research Data Management,ORG,82927,82966,doc_008,Economics of Transition Pathways
Appendix A. Formal,PERSON,83115,83133,doc_008,Economics of Transition Pathways
Eff,CARDINAL,85308,85311,doc_008,Economics of Transition Pathways
max,PERSON,85427,85430,doc_008,Economics of Transition Pathways
"1,Eff",CARDINAL,85466,85471,doc_008,Economics of Transition Pathways
KvV,ORG,85491,85494,doc_008,Economics of Transition Pathways
K K,ORG,87278,87281,doc_008,Economics of Transition Pathways
+ +,DATE,87520,87523,doc_008,Economics of Transition Pathways
1).l,CARDINAL,87580,87584,doc_008,Economics of Transition Pathways
K l tv,ORG,88631,88638,doc_008,Economics of Transition Pathways
Effv,PERSON,89079,89083,doc_008,Economics of Transition Pathways
Appendix B. Policy,PERSON,89162,89180,doc_008,Economics of Transition Pathways
Table 6show,PRODUCT,89207,89218,doc_008,Economics of Transition Pathways
Wilcoxon,PERSON,89416,89424,doc_008,Economics of Transition Pathways
I.1,ORG,90407,90410,doc_008,Economics of Transition Pathways
Appendix C. Supplementary Data,PERSON,90486,90516,doc_008,Economics of Transition Pathways
Econ,PERSON,90674,90678,doc_008,Economics of Transition Pathways
Stud,PERSON,90680,90684,doc_008,Economics of Transition Pathways
Kerr,GPE,90727,90731,doc_008,Economics of Transition Pathways
W.R.,GPE,90733,90737,doc_008,Economics of Transition Pathways
Sci,PERSON,90783,90786,doc_008,Economics of Transition Pathways
11483-11488,DATE,90793,90804,doc_008,Economics of Transition Pathways
"R.,Kapoor",ORG,90813,90822,doc_008,Economics of Transition Pathways
"J.37,625-648",PERSON,90923,90935,doc_008,Economics of Transition Pathways
10.1002,CARDINAL,90938,90945,doc_008,Economics of Transition Pathways
"Dechezleprêtre, A., Hemous,",DATE,90968,90995,doc_008,Economics of Transition Pathways
Martin,GPE,91000,91006,doc_008,Economics of Transition Pathways
Van Reenen,PERSON,91012,91022,doc_008,Economics of Transition Pathways
J. Polit,PERSON,91129,91137,doc_008,Economics of Transition Pathways
Allan,PERSON,91157,91162,doc_008,Economics of Transition Pathways
Sin,ORG,91181,91184,doc_008,Economics of Transition Pathways
Schamp,GPE,91283,91289,doc_008,Economics of Transition Pathways
E.W.,GPE,91291,91295,doc_008,Economics of Transition Pathways
France,GPE,91388,91394,doc_008,Economics of Transition Pathways
Ambec,ORG,91455,91460,doc_008,Economics of Transition Pathways
"S.,Cohen",ORG,91461,91469,doc_008,Economics of Transition Pathways
"M.A.,Elgie",ORG,91470,91480,doc_008,Economics of Transition Pathways
"S.,Lanoie",ORG,91482,91491,doc_008,Economics of Transition Pathways
Environ,PERSON,91594,91601,doc_008,Economics of Transition Pathways
"Arthur, W.B.",ORG,91626,91638,doc_008,Economics of Transition Pathways
D.H.,GPE,91873,91877,doc_008,Economics of Transition Pathways
Levy,PERSON,91879,91883,doc_008,Economics of Transition Pathways
Murnane,GPE,91889,91896,doc_008,Economics of Transition Pathways
R.J.,GPE,91898,91902,doc_008,Economics of Transition Pathways
2003,DATE,91904,91908,doc_008,Economics of Transition Pathways
J. Econ,PERSON,91993,92000,doc_008,Economics of Transition Pathways
1279-1333,DATE,92007,92016,doc_008,Economics of Transition Pathways
K.K.,GPE,92059,92063,doc_008,Economics of Transition Pathways
Alam,PERSON,92065,92069,doc_008,Economics of Transition Pathways
Sharma,GPE,92085,92091,doc_008,Economics of Transition Pathways
H.P.,GPE,92093,92097,doc_008,Economics of Transition Pathways
Farming History,PERSON,92125,92140,doc_008,Economics of Transition Pathways
Netherlands,GPE,92166,92177,doc_008,Economics of Transition Pathways
287-328,CARDINAL,92190,92197,doc_008,Economics of Transition Pathways
org/10.1007/978-94,NORP,92200,92218,doc_008,Economics of Transition Pathways
F.M.,GPE,92240,92244,doc_008,Economics of Transition Pathways
Swiss,NORP,92295,92300,doc_008,Economics of Transition Pathways
1970-2000,DATE,92318,92327,doc_008,Economics of Transition Pathways
Elzen,PERSON,92382,92387,doc_008,Economics of Transition Pathways
Edward Elgar,PERSON,92507,92519,doc_008,Economics of Transition Pathways
Cheltenham,GPE,92521,92531,doc_008,Economics of Transition Pathways
97-114,CARDINAL,92537,92543,doc_008,Economics of Transition Pathways
Bailey,GPE,92559,92565,doc_008,Economics of Transition Pathways
Jarvis,PERSON,92582,92588,doc_008,Economics of Transition Pathways
Res,PERSON,92738,92741,doc_008,Economics of Transition Pathways
Bick,PERSON,92780,92784,doc_008,Economics of Transition Pathways
Lagakos,GPE,92818,92825,doc_008,Economics of Transition Pathways
hours,TIME,92844,92849,doc_008,Economics of Transition Pathways
Boehm,PERSON,92947,92952,doc_008,Economics of Transition Pathways
Morrow,DATE,92971,92977,doc_008,Economics of Transition Pathways
Linkages,ORG,93029,93037,doc_008,Economics of Transition Pathways
the Direction of Product Adoption,ORG,93042,93075,doc_008,Economics of Transition Pathways
Breschi,GPE,93109,93116,doc_008,Economics of Transition Pathways
Malerba,ORG,93122,93129,doc_008,Economics of Transition Pathways
Carvalho,PERSON,93255,93263,doc_008,Economics of Transition Pathways
V.M.,GPE,93265,93269,doc_008,Economics of Transition Pathways
Voigtländer,GPE,93271,93282,doc_008,Economics of Transition Pathways
Input Diffusion,PERSON,93294,93309,doc_008,Economics of Transition Pathways
the Evolution of Production Networks,ORG,93314,93350,doc_008,Economics of Transition Pathways
National Bureau of Economic Research,ORG,93352,93388,doc_008,Economics of Transition Pathways
Working Paper No,ORG,94300,94316,doc_008,Economics of Transition Pathways
"Cohen,W.M.,Levinthal",ORG,94326,94346,doc_008,Economics of Transition Pathways
Comin,PERSON,94438,94443,doc_008,Economics of Transition Pathways
Hobijn,ORG,94449,94455,doc_008,Economics of Transition Pathways
Rovito,PERSON,94461,94467,doc_008,Economics of Transition Pathways
Five,CARDINAL,94479,94483,doc_008,Economics of Transition Pathways
Technology Diffusion,ORG,94513,94533,doc_008,Economics of Transition Pathways
Consoli,PERSON,94606,94613,doc_008,Economics of Transition Pathways
Marin,GPE,94619,94624,doc_008,Economics of Transition Pathways
Marzucchi,GPE,94630,94639,doc_008,Economics of Transition Pathways
Vona,GPE,94645,94649,doc_008,Economics of Transition Pathways
"F., 2016",DATE,94651,94659,doc_008,Economics of Transition Pathways
"45, 1046-1060",DATE,94752,94765,doc_008,Economics of Transition Pathways
J. 101,PRODUCT,94856,94862,doc_008,Economics of Transition Pathways
David,PERSON,94884,94889,doc_008,Economics of Transition Pathways
"P.A.,Foray",PERSON,94891,94901,doc_008,Economics of Transition Pathways
Ind. Corporate Change,ORG,94975,94996,doc_008,Economics of Transition Pathways
Models of Innovation and Technological Change,ORG,95052,95097,doc_008,Economics of Transition Pathways
Handbook of Computational Economics,ORG,95136,95171,doc_008,Economics of Transition Pathways
chapter 25,LAW,95231,95241,doc_008,Economics of Transition Pathways
1235-1272,DATE,95247,95256,doc_008,Economics of Transition Pathways
Model v1.0 User Manual,PRODUCT,95493,95515,doc_008,Economics of Transition Pathways
Bielefeld University Technical Report,ORG,95517,95554,doc_008,Economics of Transition Pathways
J. Evol,PERSON,95724,95731,doc_008,Economics of Transition Pathways
Behav,PERSON,95883,95888,doc_008,Economics of Transition Pathways
the Eurace@ Unibi Model,FAC,96068,96091,doc_008,Economics of Transition Pathways
Bielefeld Working Papers in,ORG,96094,96121,doc_008,Economics of Transition Pathways
Dechezleprêtre,PRODUCT,96160,96174,doc_008,Economics of Transition Pathways
"N.,Ménière",ORG,96212,96222,doc_008,Economics of Transition Pathways
"Y.,2011",ORG,96224,96231,doc_008,Economics of Transition Pathways
Inventionandtransferof,ORG,96233,96255,doc_008,Economics of Transition Pathways
Environ,ORG,96317,96324,doc_008,Economics of Transition Pathways
Verona,PERSON,96385,96391,doc_008,Economics of Transition Pathways
"41, 1283-1295",DATE,96532,96545,doc_008,Economics of Transition Pathways
Technical Change and Economic Theory,ORG,96783,96819,doc_008,Economics of Transition Pathways
Pinter Publishers,PERSON,96821,96838,doc_008,Economics of Transition Pathways
1007/978-3,CARDINAL,96984,96994,doc_008,Economics of Transition Pathways
Ehret,PERSON,97010,97015,doc_008,Economics of Transition Pathways
Sustainability Transitions,ORG,97120,97146,doc_008,Economics of Transition Pathways
Dudley,PERSON,97173,97179,doc_008,Economics of Transition Pathways
china,GPE,97469,97474,doc_008,Economics of Transition Pathways
india,GPE,97479,97484,doc_008,Economics of Transition Pathways
J. Chin,PERSON,97486,97493,doc_008,Economics of Transition Pathways
"Geels, F.W.",ORG,97525,97536,doc_008,Economics of Transition Pathways
"31, 1257-1274",DATE,97669,97682,doc_008,Economics of Transition Pathways
1860-1930,DATE,97899,97908,doc_008,Economics of Transition Pathways
Technol,ORG,97911,97918,doc_008,Economics of Transition Pathways
Kemp,GPE,97971,97975,doc_008,Economics of Transition Pathways
Socio-technical Analysis of Sustainable Transport,ORG,98041,98090,doc_008,Economics of Transition Pathways
Routledge,PERSON,98141,98150,doc_008,Economics of Transition Pathways
Hinderer,GPE,98186,98194,doc_008,Economics of Transition Pathways
Kungl,PERSON,98200,98205,doc_008,Economics of Transition Pathways
Mylan,ORG,98211,98216,doc_008,Economics of Transition Pathways
United Kingdom,GPE,98393,98395,doc_008,Economics of Transition Pathways
1990-2014,DATE,98432,98441,doc_008,Economics of Transition Pathways
"Geels, F.W.,",ORG,98469,98481,doc_008,Economics of Transition Pathways
Gillingham,GPE,98573,98583,doc_008,Economics of Transition Pathways
Newell,ORG,98588,98594,doc_008,Economics of Transition Pathways
"R.G.,Pizer",GPE,98596,98606,doc_008,Economics of Transition Pathways
W.A.,GPE,98608,98612,doc_008,Economics of Transition Pathways
Energy Econ,ORG,98687,98698,doc_008,Economics of Transition Pathways
"30, 2734-2753",DATE,98700,98713,doc_008,Economics of Transition Pathways
10.1016,CARDINAL,98716,98723,doc_008,Economics of Transition Pathways
Grübler,PERSON,98745,98752,doc_008,Economics of Transition Pathways
Diffusion of Technologies and Social Behavior,ORG,98815,98860,doc_008,Economics of Transition Pathways
J.K.,GPE,99063,99067,doc_008,Economics of Transition Pathways
Optimal,NORP,99086,99093,doc_008,Economics of Transition Pathways
german,NORP,99135,99141,doc_008,Economics of Transition Pathways
Forecast,ORG,99171,99179,doc_008,Economics of Transition Pathways
71-90,DATE,99191,99196,doc_008,Economics of Transition Pathways
Alkemade,PERSON,99209,99217,doc_008,Economics of Transition Pathways
De Haan,PERSON,99223,99230,doc_008,Economics of Transition Pathways
"J., Trutnevyte",ORG,99251,99265,doc_008,Economics of Transition Pathways
Luthe,PERSON,99271,99276,doc_008,Economics of Transition Pathways
Halbe,PERSON,99282,99287,doc_008,Economics of Transition Pathways
"J., Papachristos, G.,",ORG,99289,99310,doc_008,Economics of Transition Pathways
Chappin,GPE,99311,99318,doc_008,Economics of Transition Pathways
Kwakkel,PERSON,99324,99331,doc_008,Economics of Transition Pathways
van der Hoog,PERSON,99478,99490,doc_008,Economics of Transition Pathways
Macroecon,PERSON,99609,99618,doc_008,Economics of Transition Pathways
Data Publication,ORG,99813,99829,doc_008,Economics of Transition Pathways
Bielefeld University,ORG,99831,99851,doc_008,Economics of Transition Pathways
Bielefeld University Bielefeld Working Papers in Economics and Management No,ORG,99933,100009,doc_008,Economics of Transition Pathways
08-2019,DATE,100011,100018,doc_008,Economics of Transition Pathways
01-2019,DATE,100256,100263,doc_008,Economics of Transition Pathways
"K.,2019d",PERSON,100271,100279,doc_008,Economics of Transition Pathways
BielefeldUniversity org/10.4119/unibi/2936212,ORG,100392,100437,doc_008,Economics of Transition Pathways
09-2019,DATE,100496,100503,doc_008,Economics of Transition Pathways
K.G.,GPE,100683,100687,doc_008,Economics of Transition Pathways
Utilities,ORG,100785,100794,doc_008,Economics of Transition Pathways
63-71,DATE,100806,100811,doc_008,Economics of Transition Pathways
J.J.,GPE,100834,100838,doc_008,Economics of Transition Pathways
Society for Economic Dynamics Meeting Papers No,ORG,100897,100944,doc_008,Economics of Transition Pathways
Masson-Delmotte,PERSON,100993,101008,doc_008,Economics of Transition Pathways
Zhai,GPE,101014,101018,doc_008,Economics of Transition Pathways
Roberts,PERSON,101037,101044,doc_008,Economics of Transition Pathways
P.R.,GPE,101068,101072,doc_008,Economics of Transition Pathways
Moufouma-Okia,ORG,101086,101099,doc_008,Economics of Transition Pathways
"W., Péan, C.",ORG,101101,101113,doc_008,Economics of Transition Pathways
Pidcock,PERSON,101115,101122,doc_008,Economics of Transition Pathways
"S., Matthews",ORG,101137,101149,doc_008,Economics of Transition Pathways
J.B.R.,GPE,101151,101157,doc_008,Economics of Transition Pathways
Chen,PERSON,101159,101163,doc_008,Economics of Transition Pathways
Zhou,PERSON,101169,101173,doc_008,Economics of Transition Pathways
Gomis,GPE,101179,101184,doc_008,Economics of Transition Pathways
M.I.,GPE,101186,101190,doc_008,Economics of Transition Pathways
Tignor,GPE,101217,101223,doc_008,Economics of Transition Pathways
Waterfield,PERSON,101229,101239,doc_008,Economics of Transition Pathways
Cabovepre,ORG,101310,101319,doc_008,Economics of Transition Pathways
Summary for Policymakers,WORK_OF_ART,101520,101544,doc_008,Economics of Transition Pathways
Switzerland,GPE,101581,101587,doc_008,Economics of Transition Pathways
"Jaffe, A.B.",ORG,101602,101613,doc_008,Economics of Transition Pathways
J. Assoc,PERSON,101719,101727,doc_008,Economics of Transition Pathways
Technol,PERSON,101742,101749,doc_008,Economics of Transition Pathways
1360-1374,DATE,101755,101764,doc_008,Economics of Transition Pathways
"F., 2018",DATE,101782,101790,doc_008,Economics of Transition Pathways
Tesla,NORP,101847,101852,doc_008,Economics of Transition Pathways
Chinese,NORP,101865,101872,doc_008,Economics of Transition Pathways
G.G.,GPE,101970,101974,doc_008,Economics of Transition Pathways
Harvard Business School Working Paper,ORG,102062,102099,doc_008,Economics of Transition Pathways
11-112,CARDINAL,102105,102111,doc_008,Economics of Transition Pathways
Sunshine,PERSON,102157,102165,doc_008,Economics of Transition Pathways
Solar Energy,ORG,102190,102202,doc_008,Economics of Transition Pathways
12-105.K.,CARDINAL,102247,102256,doc_008,Economics of Transition Pathways
Gawel,PERSON,102344,102349,doc_008,Economics of Transition Pathways
M.O.,GPE,102388,102392,doc_008,Economics of Transition Pathways
Matthes,GPE,102394,102401,doc_008,Economics of Transition Pathways
F.C.,GPE,102403,102407,doc_008,Economics of Transition Pathways
Kuhlmann,PERSON,102409,102417,doc_008,Economics of Transition Pathways
Klimaziel 2020,PERSON,102429,102443,doc_008,Economics of Transition Pathways
Schnelldienst 71,PERSON,102512,102528,doc_008,Economics of Transition Pathways
"Futures26,1023-1046",DATE,102643,102662,doc_008,Economics of Transition Pathways
1016/0016-3287(94)90071-X. Kemp,DATE,102665,102696,doc_008,Economics of Transition Pathways
Volpi,GPE,102702,102707,doc_008,Economics of Transition Pathways
J. Clean,ORG,102813,102821,doc_008,Economics of Transition Pathways
14-21,DATE,102833,102838,doc_008,Economics of Transition Pathways
Hausmann,GPE,102881,102889,doc_008,Economics of Transition Pathways
ONE,CARDINAL,102989,102992,doc_008,Economics of Transition Pathways
journal.pone.0038924.,PERSON,103005,103027,doc_008,Economics of Transition Pathways
"J., De Haan",ORG,103035,103046,doc_008,Economics of Transition Pathways
Kubeczko,PERSON,103063,103071,doc_008,Economics of Transition Pathways
Moallemi,GPE,103077,103085,doc_008,Economics of Transition Pathways
J. Artif,PERSON,103210,103218,doc_008,Economics of Transition Pathways
Social Simul,ORG,103225,103237,doc_008,Economics of Transition Pathways
"J., Geels, F.W.",ORG,103252,103267,doc_008,Economics of Transition Pathways
Markard,ORG,103279,103286,doc_008,Economics of Transition Pathways
Onsongo,GPE,103292,103299,doc_008,Economics of Transition Pathways
Wieczorek,GPE,103305,103314,doc_008,Economics of Transition Pathways
Avelino,GPE,103334,103341,doc_008,Economics of Transition Pathways
Boons,PERSON,103359,103364,doc_008,Economics of Transition Pathways
Innov,PERSON,103484,103489,doc_008,Economics of Transition Pathways
"J., Grubb",ORG,103518,103527,doc_008,Economics of Transition Pathways
"V.,Savin",GPE,103778,103786,doc_008,Economics of Transition Pathways
"Lachman, D.A.",ORG,103881,103894,doc_008,Economics of Transition Pathways
"R.,Lema",GPE,103991,103998,doc_008,Economics of Transition Pathways
2012.667206,CARDINAL,104097,104108,doc_008,Economics of Transition Pathways
National Bureau of Economic Research WorkingPaper,ORG,104173,104222,doc_008,Economics of Transition Pathways
Lockeretz,PERSON,104235,104244,doc_008,Economics of Transition Pathways
Agric,PERSON,104392,104397,doc_008,Economics of Transition Pathways
"China5,169-178",DATE,104402,104416,doc_008,Economics of Transition Pathways
2927(06)60035-7,CARDINAL,104419,104434,doc_008,Economics of Transition Pathways
Malerba,PERSON,104436,104443,doc_008,Economics of Transition Pathways
Winter,GPE,104475,104481,doc_008,Economics of Transition Pathways
Ind.,GPE,104564,104568,doc_008,Economics of Transition Pathways
Messenger,GPE,104631,104640,doc_008,Economics of Transition Pathways
J.C.,GPE,104642,104646,doc_008,Economics of Transition Pathways
Lee,PERSON,104648,104651,doc_008,Economics of Transition Pathways
McCann,ORG,104657,104663,doc_008,Economics of Transition Pathways
Working Time Around,ORG,104675,104694,doc_008,Economics of Transition Pathways
Working Hours,EVENT,104716,104729,doc_008,Economics of Transition Pathways
Metcalfe,PERSON,104798,104806,doc_008,Economics of Transition Pathways
Freeman,GPE,104885,104892,doc_008,Economics of Transition Pathways
Silverberg,PERSON,104910,104920,doc_008,Economics of Transition Pathways
Soete,PERSON,104926,104931,doc_008,Economics of Transition Pathways
Technical Change,ORG,104944,104960,doc_008,Economics of Transition Pathways
Pinter,PERSON,104982,104988,doc_008,Economics of Transition Pathways
"Moallemi, E.A.",ORG,104990,105004,doc_008,Economics of Transition Pathways
de Haan,GPE,105006,105013,doc_008,Economics of Transition Pathways
F.J.,WORK_OF_ART,105015,105019,doc_008,Economics of Transition Pathways
R.R.,GPE,105108,105112,doc_008,Economics of Transition Pathways
S.G.,GPE,105122,105126,doc_008,Economics of Transition Pathways
1977,DATE,105128,105132,doc_008,Economics of Transition Pathways
36-76,DATE,105191,105196,doc_008,Economics of Transition Pathways
Belknap Press of,ORG,105276,105292,doc_008,Economics of Transition Pathways
Harvard University Press,ORG,105293,105317,doc_008,Economics of Transition Pathways
Pionierphase der Windenergienutzung,ORG,105358,105393,doc_008,Economics of Transition Pathways
Nieders&ldquo;achsische Staats,ORG,105409,105439,doc_008,Economics of Transition Pathways
Wang,PERSON,105506,105510,doc_008,Economics of Transition Pathways
CGE,ORG,105601,105604,doc_008,Economics of Transition Pathways
GTAP,ORG,105628,105632,doc_008,Economics of Transition Pathways
Urban,ORG,105686,105691,doc_008,Economics of Transition Pathways
"F., 2015",DATE,105693,105701,doc_008,Economics of Transition Pathways
germany,GPE,105739,105746,doc_008,Economics of Transition Pathways
"K., 2017",DATE,105864,105872,doc_008,Economics of Transition Pathways
Technological Proximity,ORG,105885,105908,doc_008,Economics of Transition Pathways
Knowledge Spillovers,PERSON,105913,105933,doc_008,Economics of Transition Pathways
Tokyo Center for Economic Research,ORG,105935,105969,doc_008,Economics of Transition Pathways
"38, 3431-3442",DATE,106080,106093,doc_008,Economics of Transition Pathways
Zhou,GPE,106115,106119,doc_008,Economics of Transition Pathways
D.K.,GPE,106121,106125,doc_008,Economics of Transition Pathways
European,NORP,106184,106192,doc_008,Economics of Transition Pathways
Pfeiffer,PERSON,106269,106277,doc_008,Economics of Transition Pathways
Mulder,GPE,106283,106289,doc_008,Economics of Transition Pathways
Pizer,GPE,106428,106433,doc_008,Economics of Transition Pathways
2754-2770,DATE,106556,106565,doc_008,Economics of Transition Pathways
2019.Environmental,CARDINAL,106603,106621,doc_008,Economics of Transition Pathways
a decade,DATE,106644,106652,doc_008,Economics of Transition Pathways
National Bureauof Economic Research,ORG,106665,106700,doc_008,Economics of Transition Pathways
R.G.,GPE,106746,106750,doc_008,Economics of Transition Pathways
"Jaffe, A.B.",GPE,106752,106763,doc_008,Economics of Transition Pathways
Rosenberg,PERSON,106836,106845,doc_008,Economics of Transition Pathways
J.P.,ORG,107148,107152,doc_008,Economics of Transition Pathways
Wachter,GPE,107154,107161,doc_008,Economics of Transition Pathways
J.M.,GPE,107163,107167,doc_008,Economics of Transition Pathways
the twenty-first century,DATE,107198,107222,doc_008,Economics of Transition Pathways
P.M.,GPE,107256,107260,doc_008,Economics of Transition Pathways
J. Political Econ,PERSON,107301,107318,doc_008,Economics of Transition Pathways
S71-S102,ORG,107324,107332,doc_008,Economics of Transition Pathways
Global Environ,PERSON,107444,107458,doc_008,Economics of Transition Pathways
Chang,PERSON,107460,107465,doc_008,Economics of Transition Pathways
37-50,CARDINAL,107471,107476,doc_008,Economics of Transition Pathways
10.1016/j.gloenvcha.2016.12.011,CARDINAL,107479,107510,doc_008,Economics of Transition Pathways
"K.,Frenken",GPE,107524,107534,doc_008,Economics of Transition Pathways
10.1016/j.respol.2011.10.014.,MONEY,107646,107675,doc_008,Economics of Transition Pathways
Simon,PERSON,107676,107681,doc_008,Economics of Transition Pathways
H.A.,GPE,107683,107687,doc_008,Economics of Transition Pathways
Administrative Organization,ORG,107760,107787,doc_008,Economics of Transition Pathways
Wiley,PERSON,107789,107794,doc_008,Economics of Transition Pathways
New York,GPE,107796,107804,doc_008,Economics of Transition Pathways
Smith,PERSON,107805,107810,doc_008,Economics of Transition Pathways
Grin,PERSON,107827,107831,doc_008,Economics of Transition Pathways
Rockström,GPE,107995,108004,doc_008,Economics of Transition Pathways
"J., Richardson",ORG,108006,108020,doc_008,Economics of Transition Pathways
Lenton,GPE,108026,108032,doc_008,Economics of Transition Pathways
T.M.,GPE,108034,108038,doc_008,Economics of Transition Pathways
Folke,ORG,108040,108045,doc_008,Economics of Transition Pathways
Liverman,GPE,108051,108059,doc_008,Economics of Transition Pathways
Summerhayes,GPE,108065,108076,doc_008,Economics of Transition Pathways
C.P.,ORG,108078,108082,doc_008,Economics of Transition Pathways
Barnosky,PERSON,108084,108092,doc_008,Economics of Transition Pathways
A.D.,GPE,108094,108098,doc_008,Economics of Transition Pathways
Cornell,GPE,108100,108107,doc_008,Economics of Transition Pathways
S.E.,GPE,108109,108113,doc_008,Economics of Transition Pathways
Crucifix,GPE,108115,108123,doc_008,Economics of Transition Pathways
Anthropocene,GPE,108183,108195,doc_008,Economics of Transition Pathways
8252-8259,DATE,108225,108234,doc_008,Economics of Transition Pathways
"A.,Moreno-Mondéjar",PERSON,108246,108264,doc_008,Economics of Transition Pathways
"L.,Davia",GPE,108266,108274,doc_008,Economics of Transition Pathways
j.ecolecon.2013.04.009,NORP,108361,108383,doc_008,Economics of Transition Pathways
M.L.,PERSON,108394,108398,doc_008,Economics of Transition Pathways
Zuev,PERSON,108517,108521,doc_008,Economics of Transition Pathways
Unruh,GPE,108670,108675,doc_008,Economics of Transition Pathways
G.C.,GPE,108677,108681,doc_008,Economics of Transition Pathways
Consoli,GPE,108768,108775,doc_008,Economics of Transition Pathways
National Bureau of Economic Research National Bureau of Economic Research Working Paper,ORG,108811,108898,doc_008,Economics of Transition Pathways
"Wells, P., Nieuwenhuis, P.",ORG,108970,108996,doc_008,Economics of Transition Pathways
1681-1692,DATE,109105,109114,doc_008,Economics of Transition Pathways
"J., Farla",ORG,109157,109166,doc_008,Economics of Transition Pathways
California,GPE,109276,109286,doc_008,Economics of Transition Pathways
Zev,GPE,109289,109292,doc_008,Economics of Transition Pathways
"42, 1531-1550",DATE,109431,109444,doc_008,Economics of Transition Pathways
Yuan,PERSON,109447,109451,doc_008,Economics of Transition Pathways
EnergyReports5(2019)1249-1260,DATE,0,29,doc_009,Energy Transitions in China and Germany
Contents,ORG,30,38,doc_009,Energy Transitions in China and Germany
ScienceDirect,ORG,58,71,doc_009,Energy Transitions in China and Germany
ChengChena,ORG,195,205,doc_009,Energy Transitions in China and Germany
HeikoThomasb,ORG,229,241,doc_009,Energy Transitions in China and Germany
aLeibniz-CentreforAgriculturalLandscapeResearch,ORG,258,305,doc_009,Energy Transitions in China and Germany
"MünchebergD15374,Germany",GPE,306,330,doc_009,Energy Transitions in China and Germany
bInstituteforAdvancedSustainabilityStudiese,NORP,331,374,doc_009,Energy Transitions in China and Germany
China,GPE,478,483,doc_009,Energy Transitions in China and Germany
Chinaa,ORG,687,693,doc_009,Energy Transitions in China and Germany
Germany,GPE,791,798,doc_009,Energy Transitions in China and Germany
GermanyandChinaexistsinapeer,ORG,1151,1179,doc_009,Energy Transitions in China and Germany
Inordertoclosethisknowledgegap,ORG,1196,1226,doc_009,Energy Transitions in China and Germany
Chinahasmoreambitionbeyondthepower,PERSON,1544,1578,doc_009,Energy Transitions in China and Germany
ThisisanopenaccessarticleundertheCCBY-NC-NDlicense,ORG,1969,2019,doc_009,Energy Transitions in China and Germany
1.1,CARDINAL,2464,2467,doc_009,Energy Transitions in China and Germany
1.2,CARDINAL,2653,2656,doc_009,Energy Transitions in China and Germany
1.3,CARDINAL,2876,2879,doc_009,Energy Transitions in China and Germany
1.4,CARDINAL,3098,3101,doc_009,Energy Transitions in China and Germany
EnergytransitioninChina,ORG,3324,3347,doc_009,Energy Transitions in China and Germany
2.1,CARDINAL,3540,3543,doc_009,Energy Transitions in China and Germany
2.2,CARDINAL,3761,3764,doc_009,Energy Transitions in China and Germany
2.3,CARDINAL,3984,3987,doc_009,Energy Transitions in China and Germany
2.4,CARDINAL,4206,4209,doc_009,Energy Transitions in China and Germany
ComparisonandsynergiesbetweenGermanyandChina,PERSON,4432,4476,doc_009,Energy Transitions in China and Germany
.........................................................................................................................................1256,DATE,4476,4617,doc_009,Energy Transitions in China and Germany
1258 6,CARDINAL,5053,5059,doc_009,Energy Transitions in China and Germany
2352-4847/,DATE,6115,6125,doc_009,Energy Transitions in China and Germany
B.Xue,PERSON,6218,6223,doc_009,Energy Transitions in China and Germany
The Paris Agreement,EVENT,6287,6306,doc_009,Energy Transitions in China and Germany
theParisclimateconference,ORG,6773,6798,doc_009,Energy Transitions in China and Germany
2030Agenda,CARDINAL,6870,6880,doc_009,Energy Transitions in China and Germany
German,NORP,7819,7825,doc_009,Energy Transitions in China and Germany
Erneuerbare-Energien-Gesetz,ORG,8542,8569,doc_009,Energy Transitions in China and Germany
EEG,ORG,8579,8582,doc_009,Energy Transitions in China and Germany
more than one,CARDINAL,8792,8805,doc_009,Energy Transitions in China and Germany
23%ofglobalenergyconsumptionandcontributed27%toglobal,CARDINAL,8925,8978,doc_009,Energy Transitions in China and Germany
2emissionsperunitofGDPby60%,PERCENT,9336,9363,doc_009,Energy Transitions in China and Germany
around 20%,PERCENT,9456,9466,doc_009,Energy Transitions in China and Germany
accountsfora,GPE,9587,9599,doc_009,Energy Transitions in China and Germany
"excludinghydropowerlargerthan50MW),upfrom35%in2016",NORP,9643,9693,doc_009,Energy Transitions in China and Germany
Ingeneral,ORG,9984,9993,doc_009,Energy Transitions in China and Germany
namelyreducingGHGemissions,ORG,10067,10093,doc_009,Energy Transitions in China and Germany
someChineseresearchersclaimthatrevolutioncan,NORP,10446,10490,doc_009,Energy Transitions in China and Germany
Chinese,NORP,10528,10535,doc_009,Energy Transitions in China and Germany
Chinahas,PERSON,10707,10715,doc_009,Energy Transitions in China and Germany
Knopf,ORG,11060,11065,doc_009,Energy Transitions in China and Germany
ChineseIntergovernmental Consultations,ORG,11319,11357,doc_009,Energy Transitions in China and Germany
Energiewende,ORG,13151,13163,doc_009,Energy Transitions in China and Germany
1260 1251,DATE,13359,13368,doc_009,Energy Transitions in China and Germany
2022,DATE,13476,13480,doc_009,Energy Transitions in China and Germany
"targets(seeTable1).In2014,thepreviousFederalMinisterof EconomyandEnergy",PERSON,13876,13947,doc_009,Energy Transitions in China and Germany
SigmarGabriel,ORG,13948,13961,doc_009,Energy Transitions in China and Germany
TheEnergiewendecanbetakenasaseriesoffederallaws,ORG,14248,14295,doc_009,Energy Transitions in China and Germany
2000to31.5%in2016.Thepurposeofitistoenableasustainable,CARDINAL,14625,14679,doc_009,Energy Transitions in China and Germany
energyinelectricitysupplypathwayto2050,PERSON,15008,15046,doc_009,Energy Transitions in China and Germany
September 2010,DATE,15051,15065,doc_009,Energy Transitions in China and Germany
the Energy Concept,ORG,15067,15085,doc_009,Energy Transitions in China and Germany
2011,DATE,15427,15431,doc_009,Energy Transitions in China and Germany
Technologiesneedtobedevelopedto,PERSON,17970,18001,doc_009,Energy Transitions in China and Germany
AffairsandEnergy,ORG,18652,18668,doc_009,Energy Transitions in China and Germany
PeterAltmaier,ORG,18669,18682,doc_009,Energy Transitions in China and Germany
2019-,CARDINAL,18875,18880,doc_009,Energy Transitions in China and Germany
2019;Bayeretal,CARDINAL,19250,19264,doc_009,Energy Transitions in China and Germany
",2016",NORP,19784,19789,doc_009,Energy Transitions in China and Germany
BMU,ORG,20019,20022,doc_009,Energy Transitions in China and Germany
2018,DATE,20024,20028,doc_009,Energy Transitions in China and Germany
Table 1 KeyGermanenergytransitiontargets,PRODUCT,20090,20130,doc_009,Energy Transitions in China and Germany
2016 2020,DATE,20214,20223,doc_009,Energy Transitions in China and Germany
2040,DATE,20229,20233,doc_009,Energy Transitions in China and Germany
−40%,PERCENT,20277,20281,doc_009,Energy Transitions in China and Germany
−55%,PERCENT,20282,20286,doc_009,Energy Transitions in China and Germany
RenewableenergiesShareofgrosselectricityconsumption 31.6%,PERCENT,20303,20360,doc_009,Energy Transitions in China and Germany
35%,PERCENT,20361,20364,doc_009,Energy Transitions in China and Germany
50%,PERCENT,20365,20368,doc_009,Energy Transitions in China and Germany
65%,PERCENT,20369,20372,doc_009,Energy Transitions in China and Germany
80%,PERCENT,20373,20376,doc_009,Energy Transitions in China and Germany
14.8%,PERCENT,20412,20417,doc_009,Energy Transitions in China and Germany
18%,PERCENT,20418,20421,doc_009,Energy Transitions in China and Germany
30%,PERCENT,20422,20425,doc_009,Energy Transitions in China and Germany
45%,PERCENT,20426,20429,doc_009,Energy Transitions in China and Germany
60%,PERCENT,20430,20433,doc_009,Energy Transitions in China and Germany
comparedwith2008)−6.5,ORG,20476,20497,doc_009,Energy Transitions in China and Germany
−20% −50%,PERCENT,20499,20508,doc_009,Energy Transitions in China and Germany
comparedwith2008)−3.6,ORG,20538,20559,doc_009,Energy Transitions in China and Germany
2008)−18.3%,PERCENT,20620,20631,doc_009,Energy Transitions in China and Germany
comparedwith2008)−6.3,ORG,20665,20686,doc_009,Energy Transitions in China and Germany
−20%,PERCENT,20688,20692,doc_009,Energy Transitions in China and Germany
−10%,PERCENT,20759,20763,doc_009,Energy Transitions in China and Germany
2000,DATE,20987,20991,doc_009,Energy Transitions in China and Germany
2010,DATE,21257,21261,doc_009,Energy Transitions in China and Germany
2050.Targetsandmethodologiesformeasuringandassessingenergy,CARDINAL,21404,21462,doc_009,Energy Transitions in China and Germany
Japan,GPE,21582,21587,doc_009,Energy Transitions in China and Germany
2014,CARDINAL,21655,21659,doc_009,Energy Transitions in China and Germany
Fig,PERSON,22126,22129,doc_009,Energy Transitions in China and Germany
"1.GrosselectricityproductionbysourcesinGermany1990-2017,unit",CARDINAL,22131,22191,doc_009,Energy Transitions in China and Germany
2.ShareofenergysourcesingrosselectricityproductioninGermanyin2017,CARDINAL,22291,22356,doc_009,Energy Transitions in China and Germany
Whiletheshareofrenewablesinelectricityproductionhasin-,PERSON,22466,22520,doc_009,Energy Transitions in China and Germany
Asaresult,ORG,22980,22989,doc_009,Energy Transitions in China and Germany
early 2018,DATE,23384,23394,doc_009,Energy Transitions in China and Germany
CPC,ORG,24164,24167,doc_009,Energy Transitions in China and Germany
The ‘‘Energy Revolution,ORG,24170,24193,doc_009,Energy Transitions in China and Germany
2016,DATE,24675,24679,doc_009,Energy Transitions in China and Germany
2030,DATE,24716,24720,doc_009,Energy Transitions in China and Germany
CO 2,PRODUCT,24730,24734,doc_009,Energy Transitions in China and Germany
60%-64%,PERCENT,24792,24799,doc_009,Energy Transitions in China and Germany
2005,DATE,24815,24819,doc_009,Energy Transitions in China and Germany
WorkGuidance,ORG,25221,25233,doc_009,Energy Transitions in China and Germany
"2018,alsoemphasizingshiftingtowardslow-",CARDINAL,25249,25288,doc_009,Energy Transitions in China and Germany
Five-Year,DATE,25884,25893,doc_009,Energy Transitions in China and Germany
FYP,ORG,25900,25903,doc_009,Energy Transitions in China and Germany
13th,ORDINAL,25929,25933,doc_009,Energy Transitions in China and Germany
2017a,DATE,25955,25960,doc_009,Energy Transitions in China and Germany
2020.Inparticular,CARDINAL,26038,26055,doc_009,Energy Transitions in China and Germany
13thFYPonRenewable,CARDINAL,26349,26367,doc_009,Energy Transitions in China and Germany
focusonrenewablesfor2016,ORG,26423,26447,doc_009,Energy Transitions in China and Germany
2014-2020)wasissuedby,DATE,26510,26531,doc_009,Energy Transitions in China and Germany
April 2017,DATE,26877,26887,doc_009,Energy Transitions in China and Germany
"20%.Lookinginto2050,totalenergyconsumptionwouldstabilize",CARDINAL,27386,27442,doc_009,Energy Transitions in China and Germany
21%relatedtotransport,CARDINAL,28460,28481,doc_009,Energy Transitions in China and Germany
"energyconsumptionwascoal,27%wasoil,19%electricity",ORG,28570,28619,doc_009,Energy Transitions in China and Germany
DespiteatremendousgrowthinrenewableenergyinChina,ORG,28680,28728,doc_009,Energy Transitions in China and Germany
2020 2030,DATE,29246,29255,doc_009,Energy Transitions in China and Germany
comparedwith2015)−18%,PERCENT,29298,29319,doc_009,Energy Transitions in China and Germany
Non-fossilNon-fossilfuelintheenergymix,ORG,29402,29440,doc_009,Energy Transitions in China and Germany
15%,PERCENT,29441,29444,doc_009,Energy Transitions in China and Germany
20%,PERCENT,29445,29448,doc_009,Energy Transitions in China and Germany
powergeneration50%,PERCENT,29522,29540,doc_009,Energy Transitions in China and Germany
Newenergydemandmetbycleanenergy Shouldmostlybedone,PERSON,29541,29591,doc_009,Energy Transitions in China and Germany
above80%,PERCENT,29764,29772,doc_009,Energy Transitions in China and Germany
Plan(2014-2020)ReduceChina’shighenergyconsumptionper,ORG,30108,30160,doc_009,Energy Transitions in China and Germany
2014,DATE,30216,30220,doc_009,Energy Transitions in China and Germany
2016,CARDINAL,30326,30330,doc_009,Energy Transitions in China and Germany
2016 13thRenewableEnergyDevelopment,DATE,30529,30564,doc_009,Energy Transitions in China and Germany
Plan(2016-2020)Providespecificgoalsandmeasures,PRODUCT,30565,30611,doc_009,Energy Transitions in China and Germany
particularfocusonrenewablesfor2016-2020,ORG,30618,30657,doc_009,Energy Transitions in China and Germany
"2030,andevenlonger",DATE,30739,30757,doc_009,Energy Transitions in China and Germany
to2050,DATE,30758,30764,doc_009,Energy Transitions in China and Germany
reformshouldsolvetheseissuesandcreateawholenewframe- workforpowersystemoperationanddevelopment,PERSON,31736,31830,doc_009,Energy Transitions in China and Germany
Duetogridbottlenecksandchina,GPE,32561,32589,doc_009,Energy Transitions in China and Germany
hours,TIME,32613,32618,doc_009,Energy Transitions in China and Germany
"2016,17%ofChina’swindpowergeneration(49.7terawatthours",DATE,32711,32765,doc_009,Energy Transitions in China and Germany
EnergyefficiencyisstillleftbehindinChina,ORG,33410,33450,doc_009,Energy Transitions in China and Germany
5.ShareofenergysourcesingrosselectricityproductioninChinain2017,DATE,33692,33755,doc_009,Energy Transitions in China and Germany
efficientandcleanuseofcoalforpurposeofenvironmentalpro-,NORP,33806,33861,doc_009,Energy Transitions in China and Germany
InChina,PERSON,34437,34444,doc_009,Energy Transitions in China and Germany
Chinaseesrenewablesasasourceofenergysecurityandnot,ORG,34653,34703,doc_009,Energy Transitions in China and Germany
C’’wastakenintoaccount,ORG,34988,35010,doc_009,Energy Transitions in China and Germany
windfrom210GWto350GW,GPE,35091,35111,doc_009,Energy Transitions in China and Germany
"2017’’(CNREC, 2017",DATE,35189,35207,doc_009,Energy Transitions in China and Germany
Laes,PERSON,35517,35521,doc_009,Energy Transitions in China and Germany
",2014).JointStatementbyLiKeqiang",ORG,35527,35559,doc_009,Energy Transitions in China and Germany
PremieroftheState Council of the People’s Republic of China,ORG,35560,35619,doc_009,Energy Transitions in China and Germany
Angela Merkel,PERSON,35625,35638,doc_009,Energy Transitions in China and Germany
Beijing,GPE,35694,35701,doc_009,Energy Transitions in China and Germany
saidthat‘‘Bothsideswelcometheinnovativecoop-,ORG,35708,35752,doc_009,Energy Transitions in China and Germany
efficiencyandexpandingrenewableenergies’’,GPE,35925,35966,doc_009,Energy Transitions in China and Germany
Onthecontrary,PERSON,36254,36267,doc_009,Energy Transitions in China and Germany
"2020),whichseednuclearasanimportantsourcefor",CARDINAL,36627,36671,doc_009,Energy Transitions in China and Germany
inparticularafter2011.InChina,GPE,36962,36991,doc_009,Energy Transitions in China and Germany
2050,DATE,37356,37360,doc_009,Energy Transitions in China and Germany
1.5,CARDINAL,37433,37436,doc_009,Energy Transitions in China and Germany
more than 60 percent,PERCENT,37851,37871,doc_009,Energy Transitions in China and Germany
YearPlanincludesplansforacaponcoal,ORG,37999,38033,doc_009,Energy Transitions in China and Germany
coalconsumptionwillcontinuedeclining,GPE,38172,38208,doc_009,Energy Transitions in China and Germany
Table 5 DevelopmentofnuclearpowerreactorsinGermanyandChina(asof5thMarch2019,PRODUCT,38332,38407,doc_009,Energy Transitions in China and Germany
Reactorsplanned Permanentshutdownreactors,ORG,38462,38503,doc_009,Energy Transitions in China and Germany
"29 16,860",DATE,38619,38628,doc_009,Energy Transitions in China and Germany
"10,982",CARDINAL,38648,38654,doc_009,Energy Transitions in China and Germany
"50,900",CARDINAL,38658,38664,doc_009,Energy Transitions in China and Germany
coalwillbekeptasastrategicimportantcomponentofChinese,NORP,38669,38722,doc_009,Energy Transitions in China and Germany
2038,DATE,38784,38788,doc_009,Energy Transitions in China and Germany
Germanyhashistoricallyfocusedoncoal,PERSON,39017,39052,doc_009,Energy Transitions in China and Germany
endtocoalheatandpowerinthatregionby2030,PERSON,39630,39669,doc_009,Energy Transitions in China and Germany
EuropeangridsarebeingextendedandGermany,ORG,40021,40060,doc_009,Energy Transitions in China and Germany
rityplayedanimportantroleintheenergytransitioninChina,GPE,40237,40290,doc_009,Energy Transitions in China and Germany
Wangetal,GPE,40520,40528,doc_009,Energy Transitions in China and Germany
2030.Littleattentionhasbeengiventoitsnon,CARDINAL,41064,41104,doc_009,Energy Transitions in China and Germany
PlateGlass,ORG,41306,41316,doc_009,Energy Transitions in China and Germany
RolledSteel,PRODUCT,41317,41328,doc_009,Energy Transitions in China and Germany
CopperProducts,ORG,41329,41343,doc_009,Energy Transitions in China and Germany
Chinaisaheadof,GPE,41446,41460,doc_009,Energy Transitions in China and Germany
likeitseemstobepossibleinChina,DATE,41949,41979,doc_009,Energy Transitions in China and Germany
G20,ORG,42317,42320,doc_009,Energy Transitions in China and Germany
"2013,thetwocountriesagreedtointensifytheircollaboration",CARDINAL,42543,42598,doc_009,Energy Transitions in China and Germany
efficiencyisthereforeofinterestforbothGermanyandChina,GPE,42762,42815,doc_009,Energy Transitions in China and Germany
TheSino,NORP,42817,42824,doc_009,Energy Transitions in China and Germany
Anexampleis,PERSON,43201,43212,doc_009,Energy Transitions in China and Germany
the German Kopernikus Energy,ORG,43234,43262,doc_009,Energy Transitions in China and Germany
ENavi,ORG,43277,43282,doc_009,Energy Transitions in China and Germany
the Chinese Academy of Science,ORG,43298,43328,doc_009,Energy Transitions in China and Germany
Zusammenarbeit,GPE,43895,43909,doc_009,Energy Transitions in China and Germany
Secretariat,ORG,44000,44011,doc_009,Energy Transitions in China and Germany
Chinainthetransportsector,PRODUCT,44681,44706,doc_009,Energy Transitions in China and Germany
Chinahasalreadyintroducedaquotaforelectric,ORG,44749,44791,doc_009,Energy Transitions in China and Germany
researchoutcomesfromtheGermanenergytransitionpro-,GPE,45349,45398,doc_009,Energy Transitions in China and Germany
2025,DATE,45534,45538,doc_009,Energy Transitions in China and Germany
decades,DATE,45630,45637,doc_009,Energy Transitions in China and Germany
"theGermangovernment(BMU,2018).Ontheotherhand",ORG,46875,46919,doc_009,Energy Transitions in China and Germany
EnergyRevolution,PRODUCT,46982,46998,doc_009,Energy Transitions in China and Germany
InGermany,ORG,49001,49010,doc_009,Energy Transitions in China and Germany
Theexpansionofrenewableenergyis,PERSON,50021,50052,doc_009,Energy Transitions in China and Germany
Tianjin,GPE,50309,50316,doc_009,Energy Transitions in China and Germany
Shenzhen,GPE,50317,50325,doc_009,Energy Transitions in China and Germany
Hubei,GPE,50337,50342,doc_009,Energy Transitions in China and Germany
andGuangdong,GPE,50343,50355,doc_009,Energy Transitions in China and Germany
Sofar,NORP,50356,50361,doc_009,Energy Transitions in China and Germany
Anationalcarbonmar-,DATE,50477,50496,doc_009,Energy Transitions in China and Germany
December 2017,DATE,50529,50542,doc_009,Energy Transitions in China and Germany
"pricesplayaincreasinglyimportantroleinpromotingthelow carbontransition(CNREC,2018",ORG,50785,50866,doc_009,Energy Transitions in China and Germany
GermanyandChinahavedifferentanswers,ORG,50921,50956,doc_009,Energy Transitions in China and Germany
coalpowerplants(withmuch,ORG,51001,51025,doc_009,Energy Transitions in China and Germany
Astheyattendedanti,PERSON,51381,51399,doc_009,Energy Transitions in China and Germany
Althoughbothcountrieshaveverydifferentchoiceson,PERSON,52105,52152,doc_009,Energy Transitions in China and Germany
Energytransitionhasbeenalong,PERSON,52303,52331,doc_009,Energy Transitions in China and Germany
AngelaMerkelagreedtoemphasizeinnovationcooperationin,ORG,52567,52619,doc_009,Energy Transitions in China and Germany
two,CARDINAL,53226,53229,doc_009,Energy Transitions in China and Germany
UnderthecontextthatGermanyandChinaare,ORG,53407,53444,doc_009,Energy Transitions in China and Germany
third,ORDINAL,53671,53676,doc_009,Energy Transitions in China and Germany
"the Natural Science Founda- tionofChina(41471116),thesupportfromtheGermanBMBF",LAW,53915,53992,doc_009,Energy Transitions in China and Germany
the Youth Innovation Promotion Association CAS,ORG,54123,54169,doc_009,Energy Transitions in China and Germany
Energiebilanzen e. V.,PERSON,54278,54299,doc_009,Energy Transitions in China and Germany
Stromerzeugung,GPE,54308,54322,doc_009,Energy Transitions in China and Germany
Strommix,ORG,54344,54352,doc_009,Energy Transitions in China and Germany
von 1990,DATE,54354,54362,doc_009,Energy Transitions in China and Germany
2017,DATE,54367,54371,doc_009,Energy Transitions in China and Germany
Availableonline,PERSON,54410,54425,doc_009,Energy Transitions in China and Germany
Bayer,ORG,54427,54432,doc_009,Energy Transitions in China and Germany
Thomas,PERSON,54452,54458,doc_009,Energy Transitions in China and Germany
Marian,GPE,54464,54470,doc_009,Energy Transitions in China and Germany
BDEW,PERSON,54608,54612,doc_009,Energy Transitions in China and Germany
Bundesverband,NORP,54614,54627,doc_009,Energy Transitions in China and Germany
Wasserwirtschaft e.V.,PERSON,54645,54666,doc_009,Energy Transitions in China and Germany
accessedon202018,PERSON,54784,54800,doc_009,Energy Transitions in China and Germany
Federal Ministry of the Environment Nature Conservation and Nuclear,ORG,54807,54875,doc_009,Energy Transitions in China and Germany
Federal Ministry of the Environment Nature Conservation and Nuclear Safety,ORG,55085,55159,doc_009,Energy Transitions in China and Germany
Klimaschutzbericht 2017,ORG,55168,55191,doc_009,Energy Transitions in China and Germany
Federal Ministry for Economic Affairs,ORG,55309,55346,doc_009,Energy Transitions in China and Germany
Energy Efficiency,ORG,55381,55398,doc_009,Energy Transitions in China and Germany
2017energypartnership,CARDINAL,55596,55617,doc_009,Energy Transitions in China and Germany
on202018,PRODUCT,55708,55716,doc_009,Energy Transitions in China and Germany
CAT,ORG,55857,55860,doc_009,Energy Transitions in China and Germany
Action Tracker,PERSON,55870,55884,doc_009,Energy Transitions in China and Germany
"CEC(ChinaElectricityCouncil),2018.ElectricitystatisticinChina2017.Avail-",PERSON,55949,56021,doc_009,Energy Transitions in China and Germany
CNREC,ORG,56056,56061,doc_009,Energy Transitions in China and Germany
China National Renewable Energy Centre,ORG,56063,56101,doc_009,Energy Transitions in China and Germany
China Renewable EnergyOutlook2017,ORG,56110,56143,doc_009,Energy Transitions in China and Germany
Energy Transition Trends,ORG,56199,56223,doc_009,Energy Transitions in China and Germany
Dokumente/Pdf/9256_Energy_Transition_Trends_2018_-_China__Europe,ORG,56249,56313,doc_009,Energy Transitions in China and Germany
Dowling,PERSON,56342,56349,doc_009,Energy Transitions in China and Germany
Guirk,GPE,56355,56360,doc_009,Energy Transitions in China and Germany
P.M.,GPE,56362,56366,doc_009,Energy Transitions in China and Germany
Maalsen,PERSON,56368,56375,doc_009,Energy Transitions in China and Germany
ENavi Kopernikus Project,ORG,56508,56532,doc_009,Energy Transitions in China and Germany
Gabriel,PERSON,56773,56780,doc_009,Energy Transitions in China and Germany
accessedon10Oct2018,ORG,56979,56998,doc_009,Energy Transitions in China and Germany
Gao,PERSON,57000,57003,doc_009,Energy Transitions in China and Germany
A.M.,GPE,57005,57009,doc_009,Energy Transitions in China and Germany
Fan,GPE,57011,57014,doc_009,Energy Transitions in China and Germany
"Liao, C., 2018",GPE,57020,57034,doc_009,Energy Transitions in China and Germany
german,NORP,57051,57057,doc_009,Energy Transitions in China and Germany
Taiwan,GPE,57079,57085,doc_009,Energy Transitions in China and Germany
Haas,PERSON,57206,57210,doc_009,Energy Transitions in China and Germany
Spain,GPE,57266,57271,doc_009,Energy Transitions in China and Germany
Environ,PERSON,57308,57315,doc_009,Energy Transitions in China and Germany
Innov,PERSON,57316,57321,doc_009,Energy Transitions in China and Germany
10.1016/j.eist.2018.11.004,DATE,57333,57359,doc_009,Energy Transitions in China and Germany
Han,NORP,57361,57364,doc_009,Energy Transitions in China and Germany
Hedberg,PERSON,57482,57489,doc_009,Energy Transitions in China and Germany
International Energy Agency,ORG,57584,57611,doc_009,Energy Transitions in China and Germany
France,GPE,57670,57675,doc_009,Energy Transitions in China and Germany
Global Energy Transformation: A Roadmap,ORG,58010,58049,doc_009,Energy Transitions in China and Germany
accessedon102018,PERSON,58148,58164,doc_009,Energy Transitions in China and Germany
"B.,Jiang",GPE,58172,58180,doc_009,Energy Transitions in China and Germany
"K.,2017.GermanyandChinatakethelead",PERSON,58181,58215,doc_009,Energy Transitions in China and Germany
Gorissen,PERSON,58242,58250,doc_009,Energy Transitions in China and Germany
Nevens,GPE,58256,58262,doc_009,Energy Transitions in China and Germany
Comparison of Eenergy Transition GovernanceinGermany,ORG,58276,58328,doc_009,Energy Transitions in China and Germany
Liu,PERSON,58384,58387,doc_009,Energy Transitions in China and Germany
Renew,PERSON,58452,58457,doc_009,Energy Transitions in China and Germany
Lei,PERSON,58497,58500,doc_009,Energy Transitions in China and Germany
"Xu, H., Yuan",GPE,58506,58518,doc_009,Energy Transitions in China and Germany
"J., 2018",DATE,58520,58528,doc_009,Energy Transitions in China and Germany
2030.Resour,CARDINAL,58570,58581,doc_009,Energy Transitions in China and Germany
Lutz,PERSON,58608,58612,doc_009,Energy Transitions in China and Germany
"L.M.,Fischer",GPE,58613,58625,doc_009,Energy Transitions in China and Germany
"L.B.,Newig",PERSON,58626,58636,doc_009,Energy Transitions in China and Germany
"J.,Lang",GPE,58637,58644,doc_009,Energy Transitions in China and Germany
Marquardt,GPE,58788,58797,doc_009,Energy Transitions in China and Germany
"J.,Steinbacher",ORG,58798,58812,doc_009,Energy Transitions in China and Germany
"L.,Schreurs",PERSON,58813,58824,doc_009,Energy Transitions in China and Germany
"J.CleanerProd.128,22-33",DATE,58954,58977,doc_009,Energy Transitions in China and Germany
2019,DATE,59028,59032,doc_009,Energy Transitions in China and Germany
"Energy134,727-738,November2018",DATE,59148,59178,doc_009,Energy Transitions in China and Germany
National Development and Reform Commission,ORG,59397,59439,doc_009,Energy Transitions in China and Germany
13th,DATE,59457,59461,doc_009,Energy Transitions in China and Germany
2017b,DATE,59577,59582,doc_009,Energy Transitions in China and Germany
Consumption Revolution Strategy,EVENT,59724,59755,doc_009,Energy Transitions in China and Germany
2016-2030,DATE,59757,59766,doc_009,Energy Transitions in China and Germany
Nat,PERSON,60047,60050,doc_009,Energy Transitions in China and Germany
Quitzow,GPE,60067,60074,doc_009,Energy Transitions in China and Germany
2016b,DATE,60080,60085,doc_009,Energy Transitions in China and Germany
Quitzow,PERSON,60286,60293,doc_009,Energy Transitions in China and Germany
cessedon102018,GPE,60522,60536,doc_009,Energy Transitions in China and Germany
Saidur,PERSON,60538,60544,doc_009,Energy Transitions in China and Germany
"R.,Islam",PERSON,60545,60553,doc_009,Energy Transitions in China and Germany
"M.R.,Rahim",PRODUCT,60554,60564,doc_009,Energy Transitions in China and Germany
"N.A.,Solangi",PERSON,60565,60577,doc_009,Energy Transitions in China and Germany
"EnergyRev.14,1744-1762",CARDINAL,60635,60657,doc_009,Energy Transitions in China and Germany
State Council,ORG,60659,60672,doc_009,Energy Transitions in China and Germany
2015,DATE,60674,60678,doc_009,Energy Transitions in China and Germany
The Strategic Energy Action Plan,ORG,60680,60712,doc_009,Energy Transitions in China and Germany
2014-2020,DATE,60714,60723,doc_009,Energy Transitions in China and Germany
EnergyRev,ORG,60799,60808,doc_009,Energy Transitions in China and Germany
"55,59-72",DATE,60810,60818,doc_009,Energy Transitions in China and Germany
ParisAgreement,ORG,61014,61028,doc_009,Energy Transitions in China and Germany
GermanEnergiewende,ORG,61139,61157,doc_009,Energy Transitions in China and Germany
Wang,PERSON,61182,61186,doc_009,Energy Transitions in China and Germany
"B.,Wang",GPE,61187,61194,doc_009,Energy Transitions in China and Germany
"Q.,Wei",PERSON,61195,61201,doc_009,Energy Transitions in China and Germany
"Y.,Li",PERSON,61202,61207,doc_009,Energy Transitions in China and Germany
"Z.,2018.RoleofrenewableenergyinChina’s",PERSON,61208,61246,doc_009,Energy Transitions in China and Germany
"EnergyRev.90,187-194",DATE,61340,61360,doc_009,Energy Transitions in China and Germany
"L.,Zhan",GPE,61365,61372,doc_009,Energy Transitions in China and Germany
Yuan,PERSON,61463,61467,doc_009,Energy Transitions in China and Germany
Lyu,PERSON,61473,61476,doc_009,Energy Transitions in China and Germany
J. Cleaner Prod,PERSON,61599,61614,doc_009,Energy Transitions in China and Germany
"205,980-986",CARDINAL,61616,61627,doc_009,Energy Transitions in China and Germany
Zhang,PERSON,61629,61634,doc_009,Energy Transitions in China and Germany
"B.,Chen",GPE,61635,61642,doc_009,Energy Transitions in China and Germany
"Z.M.,Qiao",GPE,61643,61652,doc_009,Energy Transitions in China and Germany
"H.,Chen",GPE,61653,61660,doc_009,Energy Transitions in China and Germany
"B.,Hayat",GPE,61661,61669,doc_009,Energy Transitions in China and Germany
"T.,Alsaedi",ORG,61670,61680,doc_009,Energy Transitions in China and Germany
Zhou,PERSON,61792,61796,doc_009,Energy Transitions in China and Germany
China’s Renewable Curtailment,ORG,61816,61845,doc_009,Energy Transitions in China and Germany
Xiong,GPE,62008,62013,doc_009,Energy Transitions in China and Germany
GasInd,ORG,62087,62093,doc_009,Energy Transitions in China and Germany
"B3,1",GPE,62094,62098,doc_009,Energy Transitions in China and Germany
ZSW,ORG,62103,62106,doc_009,Energy Transitions in China and Germany
Zentrum,PERSON,62108,62115,doc_009,Energy Transitions in China and Germany
Sonnenenergie-,PRODUCT,62120,62134,doc_009,Energy Transitions in China and Germany
Wasserstoff-Forschung,ORG,62139,62160,doc_009,Energy Transitions in China and Germany
Württemberg,GPE,62168,62179,doc_009,Energy Transitions in China and Germany
Erneuerbaren-Anteil,PERSON,62188,62207,doc_009,Energy Transitions in China and Germany
Prozent,ORG,62231,62238,doc_009,Energy Transitions in China and Germany
Belgium,GPE,31,39,doc_010,EU Green Deal
11.12.2019,CARDINAL,41,51,doc_010,EU Green Deal
THE EUROPEAN COUNCIL,ORG,139,159,doc_010,EU Green Deal
UNIQU,ORG,338,343,doc_010,EU Green Deal
European,NORP,389,397,doc_010,EU Green Deal
European Union,ORG,413,431,doc_010,EU Green Deal
European Commission,ORG,471,481,doc_010,EU Green Deal
One million,CARDINAL,674,685,doc_010,EU Green Deal
destroyed1,PERSON,800,810,doc_010,EU Green Deal
The European Green Deal,WORK_OF_ART,813,836,doc_010,EU Green Deal
2050,DATE,1084,1088,doc_010,EU Green Deal
first,ORDINAL,1403,1408,doc_010,EU Green Deal
Europe,LOC,2584,2590,doc_010,EU Green Deal
the Green Deal,LOC,2773,2787,doc_010,EU Green Deal
the European Green Deal,ORG,3409,3432,doc_010,EU Green Deal
1.5,CARDINAL,3598,3601,doc_010,EU Green Deal
2019,CARDINAL,3695,3699,doc_010,EU Green Deal
2019,DATE,3831,3835,doc_010,EU Green Deal
European Environment Agency,ORG,3885,3912,doc_010,EU Green Deal
2020,DATE,3959,3963,doc_010,EU Green Deal
areas2,PERSON,4428,4434,doc_010,EU Green Deal
The Green Deal,WORK_OF_ART,4437,4451,doc_010,EU Green Deal
United Nation’s,ORG,4520,4535,doc_010,EU Green Deal
2030,DATE,4536,4540,doc_010,EU Green Deal
Agenda,PERSON,4541,4547,doc_010,EU Green Deal
goals3,ORG,4580,4586,doc_010,EU Green Deal
von der,PERSON,4638,4645,doc_010,EU Green Deal
Leyen,GPE,4646,4651,doc_010,EU Green Deal
guidelines4,PRODUCT,4664,4675,doc_010,EU Green Deal
the European Semester,ORG,4733,4754,doc_010,EU Green Deal
the United Nations,ORG,4807,4825,doc_010,EU Green Deal
2020,CARDINAL,5181,5185,doc_010,EU Green Deal
Ursula von der,PERSON,5364,5378,doc_010,EU Green Deal
4 2,CARDINAL,5505,5508,doc_010,EU Green Deal
2.1,CARDINAL,5568,5571,doc_010,EU Green Deal
Social Rights,ORG,6798,6811,doc_010,EU Green Deal
2.1.1,CARDINAL,7206,7211,doc_010,EU Green Deal
the United Nations Framework Convention on Climate Change,ORG,7457,7514,doc_010,EU Green Deal
early 2020,DATE,7519,7529,doc_010,EU Green Deal
March 2020,DATE,7761,7771,doc_010,EU Green Deal
Between 1990 and 2018,DATE,8094,8115,doc_010,EU Green Deal
23%,PERCENT,8157,8160,doc_010,EU Green Deal
61%,PERCENT,8188,8191,doc_010,EU Green Deal
60%,PERCENT,8265,8268,doc_010,EU Green Deal
summer 2020,DATE,8375,8386,doc_010,EU Green Deal
at least 50%,PERCENT,8516,8528,doc_010,EU Green Deal
55%,PERCENT,8542,8545,doc_010,EU Green Deal
1990,DATE,8560,8564,doc_010,EU Green Deal
June 2021,DATE,8685,8694,doc_010,EU Green Deal
2018,DATE,8921,8925,doc_010,EU Green Deal
Eu ropean,NORP,9034,9043,doc_010,EU Green Deal
forestry8,ORG,9223,9232,doc_010,EU Green Deal
the Climate Law,LAW,9271,9287,doc_010,EU Green Deal
The Commission,ORG,9736,9751,doc_010,EU Green Deal
European Parliament,ORG,9910,9929,doc_010,EU Green Deal
European Council,ORG,9938,9945,doc_010,EU Green Deal
the Paris Agreement,EVENT,10569,10588,doc_010,EU Green Deal
World Trade Organization,ORG,10959,10983,doc_010,EU Green Deal
Consolidated,ORG,11853,11865,doc_010,EU Green Deal
Directive 2003/87/EC,ORG,11877,11897,doc_010,EU Green Deal
Community,ORG,12024,12033,doc_010,EU Green Deal
2018/842,CARDINAL,12094,12102,doc_010,EU Green Deal
annual,DATE,12114,12120,doc_010,EU Green Deal
2021,DATE,12179,12183,doc_010,EU Green Deal
2018/841,CARDINAL,12331,12339,doc_010,EU Green Deal
Regulation,WORK_OF_ART,12498,12508,doc_010,EU Green Deal
Decisi,PERSON,12531,12537,doc_010,EU Green Deal
6 2.1.2,CARDINAL,12791,12798,doc_010,EU Green Deal
more than 75%,PERCENT,13017,13030,doc_010,EU Green Deal
the Energy Union and Climate Action11,ORG,13677,13715,doc_010,EU Green Deal
2023,DATE,14212,14216,doc_010,EU Green Deal
Member States,GPE,14579,14592,doc_010,EU Green Deal
TEN,CARDINAL,15999,16002,doc_010,EU Green Deal
Regul,PERSON,16453,16458,doc_010,EU Green Deal
2018/1999,DATE,16470,16479,doc_010,EU Green Deal
the Energy Union and Climate Action,ORG,16501,16536,doc_010,EU Green Deal
Trans -European Networks - Energy,ORG,16541,16574,doc_010,EU Green Deal
25 years - a generation - to,DATE,16765,16793,doc_010,EU Green Deal
the next five years,DATE,16915,16935,doc_010,EU Green Deal
1970 to 2017,DATE,16943,16955,doc_010,EU Green Deal
About half,CARDINAL,17064,17074,doc_010,EU Green Deal
more than 90%,PERCENT,17114,17127,doc_010,EU Green Deal
20%,PERCENT,17307,17310,doc_010,EU Green Deal
Only 12%,PERCENT,17514,17522,doc_010,EU Green Deal
recycling14,GPE,17559,17570,doc_010,EU Green Deal
The European Green Deal,ORG,17981,18004,doc_010,EU Green Deal
High Level Group,ORG,19003,19019,doc_010,EU Green Deal
Global Resources Outlook,ORG,19924,19948,doc_010,EU Green Deal
the Future We Want: The International Resource Panel,WORK_OF_ART,19979,20032,doc_010,EU Green Deal
the Circular Plastics Alliance,ORG,22490,22520,doc_010,EU Green Deal
one,CARDINAL,23434,23437,doc_010,EU Green Deal
zero,CARDINAL,23896,23900,doc_010,EU Green Deal
Coal and Steel Community,ORG,24025,24049,doc_010,EU Green Deal
the European Battery Alliance,ORG,24390,24419,doc_010,EU Green Deal
Important Projects,ORG,24748,24766,doc_010,EU Green Deal
Common European Interest,ORG,24770,24794,doc_010,EU Green Deal
Digital,ORG,24880,24887,doc_010,EU Green Deal
ICT,ORG,25727,25730,doc_010,EU Green Deal
2.1.4,CARDINAL,26074,26079,doc_010,EU Green Deal
40%,PERCENT,26315,26318,doc_010,EU Green Deal
Today,DATE,26339,26344,doc_010,EU Green Deal
0.4 to 1.2%,PERCENT,26408,26419,doc_010,EU Green Deal
50 million,CARDINAL,26555,26565,doc_010,EU Green Deal
Construction Products Regulation17,ORG,27534,27568,doc_010,EU Green Deal
the Energy Performance of Buildings Directive,LAW,27654,27701,doc_010,EU Green Deal
Council Directive 89/106/EEC,ORG,27824,27856,doc_010,EU Green Deal
Commi,ORG,28698,28703,doc_010,EU Green Deal
thei r energy bills,ORG,28960,28979,doc_010,EU Green Deal
2.1.5,CARDINAL,29157,29162,doc_010,EU Green Deal
a quarter,DATE,29245,29254,doc_010,EU Green Deal
90%,PERCENT,29346,29349,doc_010,EU Green Deal
the 75%,PERCENT,29978,29985,doc_010,EU Green Deal
eight,CARDINAL,29999,30004,doc_010,EU Green Deal
today,DATE,30014,30019,doc_010,EU Green Deal
the Combined Transport Directive18,ORG,30314,30349,doc_010,EU Green Deal
Single European,NORP,30566,30581,doc_010,EU Green Deal
develo p smart,PERSON,31034,31048,doc_010,EU Green Deal
the Connected Europe Facility,ORG,31161,31190,doc_010,EU Green Deal
the Energy Taxation Directive,ORG,31356,31386,doc_010,EU Green Deal
92/106,DATE,31584,31590,doc_010,EU Green Deal
Organization and International Maritime Organization,ORG,32015,32067,doc_010,EU Green Deal
2025,DATE,32546,32550,doc_010,EU Green Deal
about 1 million,CARDINAL,32552,32567,doc_010,EU Green Deal
13 million zero,CARDINAL,32634,32649,doc_010,EU Green Deal
the Alternative Fuels Infrastructure Directive20,LAW,33227,33275,doc_010,EU Green Deal
CO 2,PRODUCT,34008,34012,doc_010,EU Green Deal
1999/62,CARDINAL,35396,35403,doc_010,EU Green Deal
the ‘Farm to Fork’ Strategy,ORG,35585,35612,doc_010,EU Green Deal
spring 2020,DATE,35616,35627,doc_010,EU Green Deal
2027,CARDINAL,36232,36236,doc_010,EU Green Deal
at least 40%,PERCENT,36252,36264,doc_010,EU Green Deal
at least 30%,PERCENT,36321,36333,doc_010,EU Green Deal
the Maritime Fisheries Fund,ORG,36337,36364,doc_010,EU Green Deal
Common Agricultural Policy,ORG,36572,36598,doc_010,EU Green Deal
the beginning of 2022,DATE,36626,36647,doc_010,EU Green Deal
the Farm to Fork Strategy,ORG,36843,36868,doc_010,EU Green Deal
The Farm to Fork Strategy,ORG,38232,38257,doc_010,EU Green Deal
algae,GPE,38697,38702,doc_010,EU Green Deal
13 2.1.7,DATE,39384,39392,doc_010,EU Green Deal
Aichi,PERSON,39731,39736,doc_010,EU Green Deal
The Intergovernmental Science - Policy Platform on Biodiversity and Ecosystem Services,WORK_OF_ART,39856,39942,doc_010,EU Green Deal
third,ORDINAL,40152,40157,doc_010,EU Green Deal
The Conference of the Parties,WORK_OF_ART,40203,40232,doc_010,EU Green Deal
the Convention on Biological Diversity,ORG,40237,40275,doc_010,EU Green Deal
Kunming,GPE,40279,40286,doc_010,EU Green Deal
China,GPE,40289,40294,doc_010,EU Green Deal
October 2020,DATE,40299,40311,doc_010,EU Green Deal
Biodiversity Str,ORG,40478,40494,doc_010,EU Green Deal
Natura,ORG,41090,41096,doc_010,EU Green Deal
The Commissio n,ORG,41261,41276,doc_010,EU Green Deal
capital22,ORG,41721,41730,doc_010,EU Green Deal
21 -global -assessment -preview,DATE,42968,43000,doc_010,EU Green Deal
SWD,ORG,43019,43022,doc_010,EU Green Deal
2019)305,CARDINAL,43024,43032,doc_010,EU Green Deal
EU Action to Protect and Restore the World’s Forests23,ORG,43394,43448,doc_010,EU Green Deal
the International Panel on Climate Change,ORG,44284,44326,doc_010,EU Green Deal
Portugal,GPE,44695,44703,doc_010,EU Green Deal
2.1.8,CARDINAL,44796,44801,doc_010,EU Green Deal
the ‘Farm to Fork,ORG,45639,45656,doc_010,EU Green Deal
the World Health Organization,ORG,46362,46391,doc_010,EU Green Deal
the Ambient Air Quality Direct,ORG,46699,46729,doc_010,EU Green Deal
2.2,CARDINAL,48019,48022,doc_010,EU Green Deal
2.2.1,CARDINAL,48073,48078,doc_010,EU Green Deal
€260 billion,MONEY,48351,48363,doc_010,EU Green Deal
about 1.5%,PERCENT,48400,48410,doc_010,EU Green Deal
Sustainable Europe Investment Plan,ORG,48618,48652,doc_010,EU Green Deal
25%,PERCENT,49155,49158,doc_010,EU Green Deal
second,ORDINAL,49448,49454,doc_010,EU Green Deal
EU Emissions Trading System,ORG,49539,49566,doc_010,EU Green Deal
At least 30%,PERCENT,49586,49598,doc_010,EU Green Deal
the InvestEU Fund,ORG,49602,49619,doc_010,EU Green Deal
the Energy Union and Climate Action - Setting,ORG,50229,50274,doc_010,EU Green Deal
COM(2019,PERSON,50334,50342,doc_010,EU Green Deal
the EU Emission Trading System,ORG,50695,50725,doc_010,EU Green Deal
Innovati,ORG,50771,50779,doc_010,EU Green Deal
the EU Emissions Trading System,ORG,51023,51054,doc_010,EU Green Deal
the European Investment Bank,ORG,51256,51284,doc_010,EU Green Deal
EIB,ORG,51409,51412,doc_010,EU Green Deal
25% to 50%,PERCENT,51471,51481,doc_010,EU Green Deal
the Sustainable Europe Investment Plan,ORG,51541,51579,doc_010,EU Green Deal
Citizens,PERSON,52042,52050,doc_010,EU Green Deal
the European Regional Development Fund,ORG,53255,53293,doc_010,EU Green Deal
the European Social Fund Plus,ORG,53298,53327,doc_010,EU Green Deal
The European Semester,ORG,54248,54269,doc_010,EU Green Deal
the third quarter of 2020,DATE,54621,54647,doc_010,EU Green Deal
First,ORDINAL,54689,54694,doc_010,EU Green Deal
the Non -Financial Reporting Directive,ORG,55400,55438,doc_010,EU Green Deal
Second,ORDINAL,55736,55742,doc_010,EU Green Deal
Third,ORDINAL,56099,56104,doc_010,EU Green Deal
State,ORG,58480,58485,doc_010,EU Green Deal
2.2.3,CARDINAL,58999,59004,doc_010,EU Green Deal
Horizon Europe,LOC,59500,59514,doc_010,EU Green Deal
At least 35%,PERCENT,59634,59646,doc_010,EU Green Deal
Four,CARDINAL,59904,59908,doc_010,EU Green Deal
the Europe an Institute of Innovation and Technology,ORG,60407,60459,doc_010,EU Green Deal
The European Innovation Council,ORG,60706,60738,doc_010,EU Green Deal
Horizon,GPE,61206,61213,doc_010,EU Green Deal
Commissi,ORG,61971,61979,doc_010,EU Green Deal
Earth,LOC,62105,62110,doc_010,EU Green Deal
Schools,PERSON,62160,62167,doc_010,EU Green Deal
European Social,ORG,63147,63162,doc_010,EU Green Deal
The Skills Agenda,ORG,63346,63363,doc_010,EU Green Deal
Youth Guarantee,ORG,63373,63388,doc_010,EU Green Deal
2.2.5,CARDINAL,63453,63458,doc_010,EU Green Deal
the European Green Deal,WORK_OF_ART,64451,64474,doc_010,EU Green Deal
20 3,DATE,65181,65185,doc_010,EU Green Deal
G20,ORG,65950,65953,doc_010,EU Green Deal
the World Trade Organization,ORG,65955,65984,doc_010,EU Green Deal
the coming months,DATE,66401,66418,doc_010,EU Green Deal
The Conference of Parties,WORK_OF_ART,66502,66527,doc_010,EU Green Deal
Glasgow,PERSON,66531,66538,doc_010,EU Green Deal
insufficient30,GPE,66751,66765,doc_010,EU Green Deal
section 2,LAW,67046,67055,doc_010,EU Green Deal
80%,PERCENT,67287,67290,doc_010,EU Green Deal
Balkans,LOC,68023,68030,doc_010,EU Green Deal
the High Representative,ORG,68051,68074,doc_010,EU Green Deal
the Eastern Partnership,LOC,68204,68227,doc_010,EU Green Deal
Beijing,GPE,68259,68266,doc_010,EU Green Deal
Leipzig,GPE,68271,68278,doc_010,EU Green Deal
the Kunming Biodiversity Conference,ORG,68412,68447,doc_010,EU Green Deal
the Conference of Parties,ORG,68454,68479,doc_010,EU Green Deal
Comprehensive Strategy with Africa,WORK_OF_ART,68520,68554,doc_010,EU Green Deal
the African Union,ORG,68586,68603,doc_010,EU Green Deal
United Nations,ORG,68660,68674,doc_010,EU Green Deal
two,CARDINAL,68764,68767,doc_010,EU Green Deal
Africa,LOC,68799,68805,doc_010,EU Green Deal
NaturAfrica,ORG,69341,69352,doc_010,EU Green Deal
Latin America,LOC,69718,69731,doc_010,EU Green Deal
Caribbean,LOC,69737,69746,doc_010,EU Green Deal
Asia,LOC,69748,69752,doc_010,EU Green Deal
Pacific,LOC,69761,69768,doc_010,EU Green Deal
the Common Security and Defence Policy,ORG,70913,70951,doc_010,EU Green Deal
France,GPE,71736,71741,doc_010,EU Green Deal
over 40%,PERCENT,73573,73581,doc_010,EU Green Deal
"Neighbourhood, Development and International Cooperation Instrument",ORG,73828,73895,doc_010,EU Green Deal
national public financ,ORG,74037,74059,doc_010,EU Green Deal
the International Platform on Sustainable Finance,EVENT,74516,74565,doc_010,EU Green Deal
TIME,ORG,74838,74842,doc_010,EU Green Deal
three,CARDINAL,75459,75464,doc_010,EU Green Deal
European Urban Initiative,ORG,76827,76852,doc_010,EU Green Deal
opportuniti,ORG,76918,76929,doc_010,EU Green Deal
The EU Covenant of Mayors,ORG,76987,77012,doc_010,EU Green Deal
the Climate Pact,LAW,77716,77732,doc_010,EU Green Deal
the Clean Energy for EU Islands,ORG,78713,78744,doc_010,EU Green Deal
European Green,ORG,79182,79196,doc_010,EU Green Deal
the Aarhus Regulation,ORG,79482,79503,doc_010,EU Green Deal
the European Council,ORG,80301,80322,doc_010,EU Green Deal
Martin Menner,PERSON,13,26,doc_011,EU Hydrogen Strategy
Götz Reichert,PERSON,35,48,doc_011,EU Hydrogen Strategy
Kaiser -Joseph,ORG,59,73,doc_011,EU Hydrogen Strategy
266 |,QUANTITY,83,88,doc_011,EU Hydrogen Strategy
0)761 38693,DATE,121,132,doc_011,EU Hydrogen Strategy
2020,DATE,202,206,doc_011,EU Hydrogen Strategy
8 July 2020,DATE,342,353,doc_011,EU Hydrogen Strategy
Europe,LOC,398,404,doc_011,EU Hydrogen Strategy
2050,DATE,432,436,doc_011,EU Hydrogen Strategy
European Union,ORG,442,444,doc_011,EU Hydrogen Strategy
zero,CARDINAL,524,528,doc_011,EU Hydrogen Strategy
Climate Neutrality,WORK_OF_ART,540,558,doc_011,EU Hydrogen Strategy
2018,DATE,1240,1244,doc_011,EU Hydrogen Strategy
Germany,GPE,1315,1322,doc_011,EU Hydrogen Strategy
France,GPE,1324,1330,doc_011,EU Hydrogen Strategy
Netherlands,GPE,1332,1343,doc_011,EU Hydrogen Strategy
European Commission,ORG,1438,1448,doc_011,EU Hydrogen Strategy
nat,ORG,1667,1670,doc_011,EU Hydrogen Strategy
CO 2,PRODUCT,1900,1904,doc_011,EU Hydrogen Strategy
90%,PERCENT,2333,2336,doc_011,EU Hydrogen Strategy
Contra,NORP,3718,3724,doc_011,EU Hydrogen Strategy
EU Hydrogen Strategy,ORG,4211,4235,doc_011,EU Hydrogen Strategy
Götz Reichert| Telephone +49,PERSON,4270,4298,doc_011,EU Hydrogen Strategy
first,ORDINAL,4886,4891,doc_011,EU Hydrogen Strategy
2020 - 2024,DATE,4899,4910,doc_011,EU Hydrogen Strategy
2024,DATE,5216,5220,doc_011,EU Hydrogen Strategy
at least 6,CARDINAL,5286,5296,doc_011,EU Hydrogen Strategy
1 million tonnes,QUANTITY,5328,5344,doc_011,EU Hydrogen Strategy
second,ORDINAL,5806,5812,doc_011,EU Hydrogen Strategy
2025 - 2030,DATE,5820,5831,doc_011,EU Hydrogen Strategy
2030,DATE,5838,5842,doc_011,EU Hydrogen Strategy
at least 40,CARDINAL,5908,5919,doc_011,EU Hydrogen Strategy
10 million,CARDINAL,5951,5961,doc_011,EU Hydrogen Strategy
third,ORDINAL,6256,6261,doc_011,EU Hydrogen Strategy
2030 - 2050,DATE,6269,6280,doc_011,EU Hydrogen Strategy
up to a quarter,DATE,6545,6560,doc_011,EU Hydrogen Strategy
H 2,ORG,6738,6741,doc_011,EU Hydrogen Strategy
cts,ORG,6817,6820,doc_011,EU Hydrogen Strategy
the ETS Innovation Fund,ORG,6842,6865,doc_011,EU Hydrogen Strategy
InnovFin,ORG,6880,6888,doc_011,EU Hydrogen Strategy
marine algae,ORG,7030,7042,doc_011,EU Hydrogen Strategy
Corona,GPE,7349,7355,doc_011,EU Hydrogen Strategy
cepAdhoc 07/2020,ORG,7381,7397,doc_011,EU Hydrogen Strategy
€ 11 billion,MONEY,7917,7929,doc_011,EU Hydrogen Strategy
half,CARDINAL,7942,7946,doc_011,EU Hydrogen Strategy
€ 65 billion,MONEY,8008,8020,doc_011,EU Hydrogen Strategy
2018/2001,DATE,8309,8318,doc_011,EU Hydrogen Strategy
al end-uses,PERSON,8630,8642,doc_011,EU Hydrogen Strategy
neighbouri,GPE,9471,9481,doc_011,EU Hydrogen Strategy
"the European Parliament: Industry, Research and Energy",ORG,10795,10849,doc_011,EU Hydrogen Strategy
Federal Ministries: Economic Affair,ORG,10861,10896,doc_011,EU Hydrogen Strategy
German,NORP,10939,10945,doc_011,EU Hydrogen Strategy
03/2020,CARDINAL,11268,11275,doc_011,EU Hydrogen Strategy
cepStudy Effective,ORG,11278,11296,doc_011,EU Hydrogen Strategy
2019,DATE,11313,11317,doc_011,EU Hydrogen Strategy
The Commissio n’s,ORG,12115,12132,doc_011,EU Hydrogen Strategy
the Hydrogen Initiative,ORG,12361,12384,doc_011,EU Hydrogen Strategy
the Council of Energy Ministers,ORG,12388,12420,doc_011,EU Hydrogen Strategy
the Renewable Energy Directive,ORG,13756,13786,doc_011,EU Hydrogen Strategy
| 4,CARDINAL,14237,14241,doc_011,EU Hydrogen Strategy
the Zürich Federal Institute of Technology,ORG,15240,15282,doc_011,EU Hydrogen Strategy
ETH,ORG,15285,15288,doc_011,EU Hydrogen Strategy
2020 2030,DATE,15911,15920,doc_011,EU Hydrogen Strategy
9 1.5 1.5,QUANTITY,15975,15984,doc_011,EU Hydrogen Strategy
almost zero,CARDINAL,16063,16074,doc_011,EU Hydrogen Strategy
Africa,LOC,17154,17160,doc_011,EU Hydrogen Strategy
TFEU,ORG,18070,18074,doc_011,EU Hydrogen Strategy
Europe,LOC,43,49,doc_012,EU_Hydrogen_Strategy.pdf
The EU Hydrogen Strategy,ORG,64,88,doc_012,EU_Hydrogen_Strategy.pdf
European Commission,ORG,376,386,doc_012,EU_Hydrogen_Strategy.pdf
European Union,ORG,560,562,doc_012,EU_Hydrogen_Strategy.pdf
European,NORP,606,614,doc_012,EU_Hydrogen_Strategy.pdf
2024,DATE,663,667,doc_012,EU_Hydrogen_Strategy.pdf
at least 6GW,CARDINAL,707,719,doc_012,EU_Hydrogen_Strategy.pdf
up to 1 million tonnes,QUANTITY,793,815,doc_012,EU_Hydrogen_Strategy.pdf
2025,DATE,845,849,doc_012,EU_Hydrogen_Strategy.pdf
2030,DATE,853,857,doc_012,EU_Hydrogen_Strategy.pdf
at least 40GW,CARDINAL,945,958,doc_012,EU_Hydrogen_Strategy.pdf
10 million tonnes,QUANTITY,1027,1044,doc_012,EU_Hydrogen_Strategy.pdf
2025 - 2030,DATE,1197,1208,doc_012,EU_Hydrogen_Strategy.pdf
Today - 2024,DATE,1209,1221,doc_012,EU_Hydrogen_Strategy.pdf
H28 July 2020,EVENT,1230,1243,doc_012,EU_Hydrogen_Strategy.pdf
• Clean,ORG,2334,2341,doc_012,EU_Hydrogen_Strategy.pdf
• Promoting,PERSON,2490,2501,doc_012,EU_Hydrogen_Strategy.pdf
• Europe,LOC,2571,2579,doc_012,EU_Hydrogen_Strategy.pdf
The European Clean Hydrogen Alliance,ORG,2723,2759,doc_012,EU_Hydrogen_Strategy.pdf
COVID-19,PERSON,2936,2944,doc_012,EU_Hydrogen_Strategy.pdf
PolicymakersSummary,ORG,12,31,doc_013,IPCC Report
SYR,ORG,85,88,doc_013,IPCC Report
the IPCC Sixth Assessment Report (AR6,LAW,93,130,doc_013,IPCC Report
Sixth,ORDINAL,305,310,doc_013,IPCC Report
three,CARDINAL,368,373,doc_013,IPCC Report
Working Groups1,ORG,374,389,doc_013,IPCC Report
Policymakers (SPM,WORK_OF_ART,440,457,doc_013,IPCC Report
Trends,ORG,514,520,doc_013,IPCC Report
"Future Climate Change, Risks",ORG,528,556,doc_013,IPCC Report
IPCC,ORG,1133,1137,doc_013,IPCC Report
Working Group,ORG,1174,1187,doc_013,IPCC Report
2021,DATE,1233,1237,doc_013,IPCC Report
The Physical Science Basis,ORG,1239,1265,doc_013,IPCC Report
Vulnerability,ORG,1317,1330,doc_013,IPCC Report
AR6 Climate Change 2022,ORG,1336,1359,doc_013,IPCC Report
Mitigation of Climate Change,ORG,1361,1389,doc_013,IPCC Report
31 January 2021,DATE,1479,1494,doc_013,IPCC Report
September 2021,DATE,1498,1512,doc_013,IPCC Report
11 October 2021,DATE,1517,1532,doc_013,IPCC Report
Global Warming,PERSON,1567,1581,doc_013,IPCC Report
1.5,CARDINAL,1585,1588,doc_013,IPCC Report
2018,DATE,1592,1596,doc_013,IPCC Report
Climate Change and Land,ORG,1899,1922,doc_013,IPCC Report
2019,DATE,1924,1928,doc_013,IPCC Report
SRCCL,ORG,2106,2111,doc_013,IPCC Report
The Ocean and Cryosphere,ORG,2118,2142,doc_013,IPCC Report
15 May 2018,DATE,2271,2282,doc_013,IPCC Report
7 April 2019,DATE,2284,2296,doc_013,IPCC Report
May 2019,DATE,2305,2313,doc_013,IPCC Report
2040,DATE,2378,2382,doc_013,IPCC Report
five,CARDINAL,2552,2556,doc_013,IPCC Report
99-100%,PERCENT,2814,2821,doc_013,IPCC Report
90-100%,PERCENT,2847,2854,doc_013,IPCC Report
66-100%,PERCENT,2863,2870,doc_013,IPCC Report
50-100%,PERCENT,2894,2901,doc_013,IPCC Report
33-66%,PERCENT,2927,2933,doc_013,IPCC Report
0-33%,PERCENT,2944,2949,doc_013,IPCC Report
0-10%,PERCENT,2965,2970,doc_013,IPCC Report
0-1%,PERCENT,2995,2999,doc_013,IPCC Report
95-100%,PERCENT,3036,3043,doc_013,IPCC Report
0-5%,PERCENT,3069,3073,doc_013,IPCC Report
Trends Observed Warming,ORG,3298,3321,doc_013,IPCC Report
1.1°,CARDINAL,3494,3498,doc_013,IPCC Report
1850-1900,DATE,3506,3515,doc_013,IPCC Report
2011-2020,DATE,3520,3529,doc_013,IPCC Report
2.1,CARDINAL,3856,3859,doc_013,IPCC Report
2.2,CARDINAL,3881,3884,doc_013,IPCC Report
1.09,CARDINAL,3924,3928,doc_013,IPCC Report
0.95,CARDINAL,3930,3934,doc_013,IPCC Report
1.20],CARDINAL,3938,3943,doc_013,IPCC Report
1850-19006,DATE,3972,3982,doc_013,IPCC Report
1.59,CARDINAL,4018,4022,doc_013,IPCC Report
1.34,CARDINAL,4024,4028,doc_013,IPCC Report
0.88,CARDINAL,4062,4066,doc_013,IPCC Report
0.68 to 1.01],CARDINAL,4068,4081,doc_013,IPCC Report
first,ORDINAL,4120,4125,doc_013,IPCC Report
the 21st century,DATE,4142,4158,doc_013,IPCC Report
2001-2020,DATE,4160,4169,doc_013,IPCC Report
0.99,CARDINAL,4175,4179,doc_013,IPCC Report
0.84,CARDINAL,4181,4185,doc_013,IPCC Report
1970,DATE,4275,4279,doc_013,IPCC Report
50-year,DATE,4298,4305,doc_013,IPCC Report
at least the last 2000 years,DATE,4318,4346,doc_013,IPCC Report
2.1.1,CARDINAL,4370,4375,doc_013,IPCC Report
2010-20197,DATE,4489,4499,doc_013,IPCC Report
0.8,CARDINAL,4503,4506,doc_013,IPCC Report
1.3°C,CARDINAL,4513,4518,doc_013,IPCC Report
1.07,CARDINAL,4544,4548,doc_013,IPCC Report
1.0,CARDINAL,4649,4652,doc_013,IPCC Report
2.0°C8,QUANTITY,4658,4664,doc_013,IPCC Report
0.0,CARDINAL,4738,4741,doc_013,IPCC Report
0.8°C,CARDINAL,4747,4752,doc_013,IPCC Report
2.1.1,DATE,4907,4912,doc_013,IPCC Report
around 1750,DATE,4991,5002,doc_013,IPCC Report
CO 2,PRODUCT,5112,5116,doc_013,IPCC Report
1850 to 2019,DATE,5132,5144,doc_013,IPCC Report
more than half,CARDINAL,5178,5192,doc_013,IPCC Report
58%,PERCENT,5194,5197,doc_013,IPCC Report
between 1850 and 1989,DATE,5208,5229,doc_013,IPCC Report
about 42%,PERCENT,5235,5244,doc_013,IPCC Report
between 1990 and 2019,DATE,5254,5275,doc_013,IPCC Report
at least 2 million years,CARDINAL,5395,5420,doc_013,IPCC Report
"at least 800,000 years",DATE,5572,5594,doc_013,IPCC Report
6.6,CARDINAL,5718,5721,doc_013,IPCC Report
about 12%,PERCENT,5742,5751,doc_013,IPCC Report
6.5,CARDINAL,5753,5756,doc_013,IPCC Report
GtCO 2-eq,PRODUCT,5757,5766,doc_013,IPCC Report
2010,DATE,5784,5788,doc_013,IPCC Report
54%,PERCENT,5793,5796,doc_013,IPCC Report
GtCO 2-eq,FAC,5801,5810,doc_013,IPCC Report
1990,DATE,5827,5831,doc_013,IPCC Report
F-gases,PRODUCT,6063,6070,doc_013,IPCC Report
2010-2019,DATE,6144,6153,doc_013,IPCC Report
any previous decade,DATE,6174,6193,doc_013,IPCC Report
between 2010,DATE,6230,6242,doc_013,IPCC Report
1.3%,PERCENT,6254,6258,doc_013,IPCC Report
between 2000 and 2009,DATE,6285,6306,doc_013,IPCC Report
2.1%,PERCENT,6308,6312,doc_013,IPCC Report
approximately 79%,PERCENT,6329,6346,doc_013,IPCC Report
SPM,ORG,6392,6395,doc_013,IPCC Report
5-95%,PERCENT,6426,6431,doc_013,IPCC Report
AR5,DATE,6525,6528,doc_013,IPCC Report
2003-2012,DATE,6573,6582,doc_013,IPCC Report
0.19,CARDINAL,6584,6588,doc_013,IPCC Report
0.16,CARDINAL,6590,6594,doc_013,IPCC Report
0.22,CARDINAL,6598,6602,doc_013,IPCC Report
Arctic,LOC,6771,6777,doc_013,IPCC Report
approximately 0.1,CARDINAL,6881,6898,doc_013,IPCC Report
1.06,CARDINAL,7131,7135,doc_013,IPCC Report
1.21],CARDINAL,7145,7150,doc_013,IPCC Report
0.5,CARDINAL,7287,7290,doc_013,IPCC Report
1.2],CARDINAL,7294,7298,doc_013,IPCC Report
0.3,CARDINAL,7316,7319,doc_013,IPCC Report
0.1,CARDINAL,7345,7348,doc_013,IPCC Report
the Global Warming Potential,ORG,7605,7633,doc_013,IPCC Report
100 years,DATE,7657,7666,doc_013,IPCC Report
WGIII,ORG,7762,7767,doc_013,IPCC Report
Policymakersemissions,ORG,8230,8251,doc_013,IPCC Report
AFOLU,ORG,8387,8392,doc_013,IPCC Report
CO 2-FFI,ORG,8419,8427,doc_013,IPCC Report
CO 2-FFI,PRODUCT,8830,8838,doc_013,IPCC Report
around 35%,PERCENT,8931,8941,doc_013,IPCC Report
more than 9,CARDINAL,8994,9005,doc_013,IPCC Report
CO 2-LULUCF,PRODUCT,9040,9051,doc_013,IPCC Report
41%,PERCENT,9059,9062,doc_013,IPCC Report
less than 3,CARDINAL,9090,9101,doc_013,IPCC Report
1.7,CARDINAL,9312,9315,doc_013,IPCC Report
4.6,CARDINAL,9329,9332,doc_013,IPCC Report
6.9,CARDINAL,9382,9385,doc_013,IPCC Report
10%,PERCENT,9426,9429,doc_013,IPCC Report
34-45%,PERCENT,9493,9499,doc_013,IPCC Report
50%,PERCENT,9571,9574,doc_013,IPCC Report
13-15%,PERCENT,9586,9592,doc_013,IPCC Report
Table 2.1,PRODUCT,10154,10163,doc_013,IPCC Report
2.3,CARDINAL,10184,10187,doc_013,IPCC Report
0.20,CARDINAL,10330,10334,doc_013,IPCC Report
0.15,CARDINAL,10336,10340,doc_013,IPCC Report
0.25,CARDINAL,10344,10348,doc_013,IPCC Report
between 1901 and 2018,DATE,10352,10373,doc_013,IPCC Report
1.3,CARDINAL,10414,10417,doc_013,IPCC Report
0.6 to 2.1,CARDINAL,10419,10429,doc_013,IPCC Report
between 1901,DATE,10439,10451,doc_013,IPCC Report
1971,DATE,10457,10461,doc_013,IPCC Report
1.9,CARDINAL,10477,10480,doc_013,IPCC Report
0.8 to 2.9,CARDINAL,10482,10492,doc_013,IPCC Report
between 1971 and 2006,DATE,10502,10523,doc_013,IPCC Report
3.7,CARDINAL,10551,10554,doc_013,IPCC Report
3.2,CARDINAL,10556,10559,doc_013,IPCC Report
4.2] mm,QUANTITY,10563,10570,doc_013,IPCC Report
between 2006 and 2018,DATE,10577,10598,doc_013,IPCC Report
the 1950s,DATE,11000,11009,doc_013,IPCC Report
3.4,CARDINAL,11145,11148,doc_013,IPCC Report
Approximately 3.3,CARDINAL,11173,11190,doc_013,IPCC Report
3.6 billion,CARDINAL,11194,11205,doc_013,IPCC Report
millions,CARDINAL,11497,11505,doc_013,IPCC Report
insecurity12,NORP,11531,11543,doc_013,IPCC Report
Africa,LOC,11655,11661,doc_013,IPCC Report
Asia,LOC,11663,11667,doc_013,IPCC Report
Central and South America,LOC,11669,11694,doc_013,IPCC Report
Small Islands,LOC,11702,11715,doc_013,IPCC Report
Indigenous Peoples,PERSON,11750,11768,doc_013,IPCC Report
Between 2010 and 2020,DATE,11824,11845,doc_013,IPCC Report
2.1.2,CARDINAL,12018,12023,doc_013,IPCC Report
4.4,CARDINAL,12025,12028,doc_013,IPCC Report
Hundreds,CARDINAL,12239,12247,doc_013,IPCC Report
two,CARDINAL,12790,12793,doc_013,IPCC Report
Territorial,ORG,12898,12909,doc_013,IPCC Report
Acute,ORG,12924,12929,doc_013,IPCC Report
PolicymakersA.2.4 Climate,ORG,13250,13275,doc_013,IPCC Report
Sustainable Development Goals,ORG,13364,13394,doc_013,IPCC Report
the past 50 years,DATE,13518,13535,doc_013,IPCC Report
Roughly half,CARDINAL,13876,13888,doc_013,IPCC Report
the year,DATE,13980,13988,doc_013,IPCC Report
North America,LOC,14724,14737,doc_013,IPCC Report
Caribbean,LOC,14845,14854,doc_013,IPCC Report
South Pacific,LOC,14859,14872,doc_013,IPCC Report
damages13,NORP,15089,15098,doc_013,IPCC Report
events14,GPE,15903,15911,doc_013,IPCC Report
1900-2020,DATE,17566,17575,doc_013,IPCC Report
2021-2100,DATE,17592,17601,doc_013,IPCC Report
Conﬁdence,ORG,18065,18074,doc_013,IPCC Report
1980,DATE,18974,18978,doc_013,IPCC Report
2060,DATE,18979,18983,doc_013,IPCC Report
change2011,GPE,19084,19094,doc_013,IPCC Report
2020,DATE,19095,19099,doc_013,IPCC Report
70 years old,DATE,19171,19184,doc_013,IPCC Report
2050born,CARDINAL,19188,19196,doc_013,IPCC Report
1980born,CARDINAL,19200,19208,doc_013,IPCC Report
1950,DATE,19225,19229,doc_013,IPCC Report
2090,DATE,19247,19251,doc_013,IPCC Report
1850-1900,CARDINAL,19306,19315,doc_013,IPCC Report
Upper,GPE,19764,19769,doc_013,IPCC Report
SSP2-4.5,ORG,20244,20252,doc_013,IPCC Report
SSP3-7.0,LAW,20261,20269,doc_013,IPCC Report
annual,DATE,20332,20338,doc_013,IPCC Report
each year,DATE,20682,20691,doc_013,IPCC Report
Cross-Section Box.2,ORG,20816,20835,doc_013,IPCC Report
3.1,CARDINAL,20838,20841,doc_013,IPCC Report
3.3,CARDINAL,20850,20853,doc_013,IPCC Report
4.1,DATE,20855,20858,doc_013,IPCC Report
4.3,CARDINAL,20860,20863,doc_013,IPCC Report
Current Progress in Adaptation and Gaps,WORK_OF_ART,20879,20918,doc_013,IPCC Report
A.3.1 Progress,WORK_OF_ART,21514,21528,doc_013,IPCC Report
at least 170,CARDINAL,21761,21773,doc_013,IPCC Report
2.2.3,CARDINAL,21892,21897,doc_013,IPCC Report
risks16,GPE,21956,21963,doc_013,IPCC Report
incremental18,ORG,23092,23105,doc_013,IPCC Report
2.3.2,CARDINAL,23381,23386,doc_013,IPCC Report
A.3.4,GPE,23389,23394,doc_013,IPCC Report
Effectiveness,ORG,24104,24117,doc_013,IPCC Report
Adaptation (EbA,ORG,24297,24312,doc_013,IPCC Report
NbS,ORG,24446,24449,doc_013,IPCC Report
Annex,PERSON,24456,24461,doc_013,IPCC Report
Incremental,ORG,24478,24489,doc_013,IPCC Report
PolicymakersA.3.6 Key,ORG,24737,24758,doc_013,IPCC Report
2.3.3,CARDINAL,26026,26031,doc_013,IPCC Report
pathways19,PRODUCT,26138,26148,doc_013,IPCC Report
WGI,ORG,26986,26989,doc_013,IPCC Report
Shared Socio-economic,PERSON,27060,27081,doc_013,IPCC Report
SSP3-7.0,ORG,27266,27274,doc_013,IPCC Report
2050,DATE,27364,27368,doc_013,IPCC Report
the middle of the century,DATE,27493,27518,doc_013,IPCC Report
SSP1-1.9,ORG,27566,27574,doc_013,IPCC Report
SSP1-2.6,PRODUCT,27579,27587,doc_013,IPCC Report
zero,CARDINAL,27627,27631,doc_013,IPCC Report
2070,DATE,27648,27652,doc_013,IPCC Report
Representative Concentration Pathways,ORG,27741,27778,doc_013,IPCC Report
WGII,ORG,27809,27813,doc_013,IPCC Report
more than 50%,PERCENT,28116,28129,doc_013,IPCC Report
GWL,ORG,28476,28479,doc_013,IPCC Report
20 Around half,DATE,28986,29000,doc_013,IPCC Report
half,CARDINAL,29149,29153,doc_013,IPCC Report
SSP,ORG,29238,29241,doc_013,IPCC Report
the Shared Socioeconomic Pathway,ORG,29308,29340,doc_013,IPCC Report
the year 2100,DATE,29522,29535,doc_013,IPCC Report
3.1.1,CARDINAL,29845,29850,doc_013,IPCC Report
RCP,ORG,29856,29859,doc_013,IPCC Report
WGIIICategory,ORG,30445,30458,doc_013,IPCC Report
WGI & WGII,ORG,30507,30517,doc_013,IPCC Report
67%,PERCENT,30728,30731,doc_013,IPCC Report
2.5,CARDINAL,30784,30787,doc_013,IPCC Report
4.5,CARDINAL,30856,30859,doc_013,IPCC Report
8.5C7,CARDINAL,30864,30869,doc_013,IPCC Report
4°C,CARDINAL,30887,30890,doc_013,IPCC Report
Table 1: Description,PRODUCT,30977,30997,doc_013,IPCC Report
AR6 Working Group,ORG,31068,31085,doc_013,IPCC Report
about 0.1,CARDINAL,31293,31302,doc_013,IPCC Report
0.1°C-0.3°C,QUANTITY,31324,31335,doc_013,IPCC Report
up to several decades,DATE,31356,31377,doc_013,IPCC Report
Current Mitigation Progress,ORG,31379,31406,doc_013,IPCC Report
Challenges,PERSON,31417,31427,doc_013,IPCC Report
2030,DATE,31535,31539,doc_013,IPCC Report
October,DATE,31607,31614,doc_013,IPCC Report
2.3,DATE,31960,31963,doc_013,IPCC Report
UNFCCC,ORG,31999,32005,doc_013,IPCC Report
Kyoto Protocol,LAW,32007,32021,doc_013,IPCC Report
the Paris Agreement,EVENT,32027,32046,doc_013,IPCC Report
The Paris Agreement,EVENT,32098,32117,doc_013,IPCC Report
several24 Gt CO 2-eq,ORG,32790,32810,doc_013,IPCC Report
At least 18,CARDINAL,32868,32879,doc_013,IPCC Report
CO 2 reductions25,PRODUCT,32958,32975,doc_013,IPCC Report
10 years,DATE,32992,33000,doc_013,IPCC Report
"2.2.1, 2.2.2",DATE,33090,33102,doc_013,IPCC Report
At least 1.8,CARDINAL,33465,33477,doc_013,IPCC Report
5.9,CARDINAL,33713,33716,doc_013,IPCC Report
2016,DATE,33750,33754,doc_013,IPCC Report
2.2.2,CARDINAL,33815,33820,doc_013,IPCC Report
Policymakerspublic,GPE,34073,34091,doc_013,IPCC Report
85%,PERCENT,34182,34185,doc_013,IPCC Report
55%,PERCENT,34202,34205,doc_013,IPCC Report
2.4,CARDINAL,34761,34764,doc_013,IPCC Report
COP2626,NORP,34910,34917,doc_013,IPCC Report
this decade,DATE,35421,35432,doc_013,IPCC Report
SPM Box 1,ORG,35458,35467,doc_013,IPCC Report
B.6)27,GPE,35478,35484,doc_013,IPCC Report
2.8,CARDINAL,35679,35682,doc_013,IPCC Report
mid-century,DATE,35824,35835,doc_013,IPCC Report
2.3.1,CARDINAL,35973,35978,doc_013,IPCC Report
Table 2.2,PRODUCT,35980,35989,doc_013,IPCC Report
Table 3.1,PRODUCT,36003,36012,doc_013,IPCC Report
4.1,CARDINAL,36014,36017,doc_013,IPCC Report
A.4.4 Policy,PERSON,36020,36032,doc_013,IPCC Report
the end of 2020,DATE,36112,36127,doc_013,IPCC Report
3.5,CARDINAL,36347,36350,doc_013,IPCC Report
the last decade,DATE,36744,36759,doc_013,IPCC Report
C7.2,PERSON,37302,37306,doc_013,IPCC Report
Paris Agreement,LAW,37495,37510,doc_013,IPCC Report
USD 100 billion,MONEY,37524,37539,doc_013,IPCC Report
the Longer Report,ORG,37823,37840,doc_013,IPCC Report
47-55,DATE,37883,37888,doc_013,IPCC Report
GtCO 2-eq,PERSON,37890,37899,doc_013,IPCC Report
50-57,CARDINAL,38081,38086,doc_013,IPCC Report
around two decades,DATE,38668,38686,doc_013,IPCC Report
a few years,DATE,38755,38766,doc_013,IPCC Report
Cross-Section Boxes 1,ORG,38789,38810,doc_013,IPCC Report
SPM.2,GPE,38865,38870,doc_013,IPCC Report
Box SPM.1,GPE,38872,38881,doc_013,IPCC Report
B.1.1 Global warming28,ORG,38884,38906,doc_013,IPCC Report
2021-2040,DATE,38951,38960,doc_013,IPCC Report
the end of the 21st century,DATE,39486,39513,doc_013,IPCC Report
B.7,GPE,39559,39562,doc_013,IPCC Report
2081-2100,DATE,39665,39674,doc_013,IPCC Report
1.4,CARDINAL,39700,39703,doc_013,IPCC Report
2.7,CARDINAL,39758,39761,doc_013,IPCC Report
B.1.2 Discernible,ORG,40034,40051,doc_013,IPCC Report
variability32,GPE,40234,40247,doc_013,IPCC Report
around 20 years,DATE,40255,40270,doc_013,IPCC Report
years,DATE,40348,40353,doc_013,IPCC Report
GHG emissions33,ORG,40810,40825,doc_013,IPCC Report
20-year,DATE,41300,41307,doc_013,IPCC Report
any single year,DATE,41397,41412,doc_013,IPCC Report
a single year,DATE,41558,41571,doc_013,IPCC Report
five-year,DATE,41837,41846,doc_013,IPCC Report
2030-2035,DATE,41982,41991,doc_013,IPCC Report
between 40%,PERCENT,42112,42123,doc_013,IPCC Report
60%,PERCENT,42129,42132,doc_013,IPCC Report
the first half of the 2030s,DATE,42434,42462,doc_013,IPCC Report
the late 2020s,DATE,42524,42538,doc_013,IPCC Report
3.3.1,CARDINAL,42548,42553,doc_013,IPCC Report
1.8,CARDINAL,42666,42669,doc_013,IPCC Report
3.6,CARDINAL,42749,42752,doc_013,IPCC Report
5.7,CARDINAL,42796,42799,doc_013,IPCC Report
El Niño-Southern Oscillation,ORG,43404,43433,doc_013,IPCC Report
Atlantic Multi-decadal Variability,LOC,43467,43501,doc_013,IPCC Report
Policymakersclimate,ORG,43580,43599,doc_013,IPCC Report
3.1.3,CARDINAL,44864,44869,doc_013,IPCC Report
one to three years,DATE,45393,45411,doc_013,IPCC Report
Greenland,GPE,45491,45500,doc_013,IPCC Report
Antarctic Ice Sheets,LOC,45505,45525,doc_013,IPCC Report
Arctic sea,LOC,45531,45541,doc_013,IPCC Report
2500-year,DATE,45559,45568,doc_013,IPCC Report
-1 W,ORG,45640,45644,doc_013,IPCC Report
2°CThe,CARDINAL,46024,46030,doc_013,IPCC Report
3°CThe,CARDINAL,46064,46070,doc_013,IPCC Report
Annual,DATE,46208,46214,doc_013,IPCC Report
changeGlobal,ORG,46241,46253,doc_013,IPCC Report
Annual wettest day,DATE,46382,46400,doc_013,IPCC Report
Annual hottest day,DATE,46544,46562,doc_013,IPCC Report
the South American Monsoon,LOC,46680,46706,doc_013,IPCC Report
0 0.5,CARDINAL,46975,46980,doc_013,IPCC Report
daily,DATE,47174,47179,doc_013,IPCC Report
1-day,DATE,47260,47265,doc_013,IPCC Report
3°C,CARDINAL,47320,47323,doc_013,IPCC Report
CMIP6,NORP,47557,47562,doc_013,IPCC Report
one,CARDINAL,47942,47945,doc_013,IPCC Report
every six years,DATE,48051,48066,doc_013,IPCC Report
Atlas,PERSON,48105,48110,doc_013,IPCC Report
Climatic,ORG,48707,48715,doc_013,IPCC Report
4.3,DATE,48901,48904,doc_013,IPCC Report
levels37,PERSON,50576,50584,doc_013,IPCC Report
B.3,ORG,50937,50940,doc_013,IPCC Report
3.1.2,CARDINAL,51060,51065,doc_013,IPCC Report
Indigenous Peoples,ORG,52567,52585,doc_013,IPCC Report
Unique,PERSON,53596,53602,doc_013,IPCC Report
Maize yield4,PERSON,54476,54488,doc_013,IPCC Report
0 days,DATE,54629,54635,doc_013,IPCC Report
80 10,DATE,54677,54682,doc_013,IPCC Report
40 1,DATE,54683,54687,doc_013,IPCC Report
60 5 100%,PERCENT,54691,54700,doc_013,IPCC Report
2.4 - 3.1,CARDINAL,54780,54789,doc_013,IPCC Report
4.2,CARDINAL,54792,54795,doc_013,IPCC Report
0.9,CARDINAL,54827,54830,doc_013,IPCC Report
3.3 - 4.8,PRODUCT,54862,54871,doc_013,IPCC Report
3.9,CARDINAL,54874,54877,doc_013,IPCC Report
2 Days,DATE,55002,55008,doc_013,IPCC Report
individuals3,ORG,55100,55112,doc_013,IPCC Report
5Projected,CARDINAL,55113,55123,doc_013,IPCC Report
1Projected,CARDINAL,56130,56140,doc_013,IPCC Report
1850-2005,DATE,56197,56206,doc_013,IPCC Report
"2Includes 30,652",CARDINAL,56305,56321,doc_013,IPCC Report
1991-2005,DATE,57237,57246,doc_013,IPCC Report
Earth,LOC,57502,57507,doc_013,IPCC Report
the days per year,DATE,58244,58261,doc_013,IPCC Report
1.7°C-2.3,DATE,58445,58454,doc_013,IPCC Report
1.9°C,CARDINAL,58465,58470,doc_013,IPCC Report
4.2°C-5.4,QUANTITY,58536,58545,doc_013,IPCC Report
4.7,CARDINAL,58549,58552,doc_013,IPCC Report
2081-2100,CARDINAL,58608,58617,doc_013,IPCC Report
RCP4.5,LOC,58633,58639,doc_013,IPCC Report
RCP8.5,GPE,58644,58650,doc_013,IPCC Report
2080-2099,DATE,58835,58844,doc_013,IPCC Report
1986-2005,DATE,58857,58866,doc_013,IPCC Report
1.6°C-2.4°C,CARDINAL,58888,58899,doc_013,IPCC Report
2.0°,CARDINAL,58901,58905,doc_013,IPCC Report
4.1°,CARDINAL,58922,58926,doc_013,IPCC Report
4.9,CARDINAL,58947,58950,doc_013,IPCC Report
the Agricultural Model Intercomparison and Improvement Project (AgMIP,ORG,59083,59152,doc_013,IPCC Report
the Inter-Sectoral Impact Model Intercomparison Project,ORG,59158,59213,doc_013,IPCC Report
Policymakers2080-2099,DATE,59274,59295,doc_013,IPCC Report
2.6,CARDINAL,59435,59438,doc_013,IPCC Report
SSP3-7.0,PRODUCT,59440,59448,doc_013,IPCC Report
70%,PERCENT,59509,59512,doc_013,IPCC Report
2081-2099,DATE,59634,59643,doc_013,IPCC Report
1.5°,CARDINAL,59700,59704,doc_013,IPCC Report
3.4°C-5.2,QUANTITY,59711,59720,doc_013,IPCC Report
4.3°,CARDINAL,59724,59728,doc_013,IPCC Report
RCP2.6,PERSON,59757,59763,doc_013,IPCC Report
RCP8.5,ORG,59768,59774,doc_013,IPCC Report
Antarctica,LOC,59991,60001,doc_013,IPCC Report
1850-1900Global,DATE,60347,60362,doc_013,IPCC Report
AR5 (2014,DATE,60394,60403,doc_013,IPCC Report
AR6,PERSON,60409,60412,doc_013,IPCC Report
2022,DATE,60414,60418,doc_013,IPCC Report
011.52345,CARDINAL,60423,60432,doc_013,IPCC Report
2000 2015,DATE,60449,60458,doc_013,IPCC Report
2050 210012345,DATE,60459,60473,doc_013,IPCC Report
•• damageWildﬁre••• •• ••,ORG,60557,60582,doc_013,IPCC Report
Dryland,GPE,60583,60590,doc_013,IPCC Report
seasone.g,ORG,61056,61065,doc_013,IPCC Report
over 100 million,CARDINAL,61067,61083,doc_013,IPCC Report
1950 2000 2015 20501234,DATE,61116,61139,doc_013,IPCC Report
1900 1950 2000,DATE,61344,61359,doc_013,IPCC Report
25cm cm,QUANTITY,61372,61379,doc_013,IPCC Report
•••• ••• ••••••,FAC,61606,61621,doc_013,IPCC Report
••• •• •• Tree,ORG,61972,61986,doc_013,IPCC Report
99%,PERCENT,62025,62028,doc_013,IPCC Report
Ocean,ORG,62084,62089,doc_013,IPCC Report
SSP3,PERSON,62474,62478,doc_013,IPCC Report
•••• ••• Biodiversity,ORG,62668,62689,doc_013,IPCC Report
Subset,PERSON,63080,63086,doc_013,IPCC Report
RFC,ORG,63882,63885,doc_013,IPCC Report
1992,DATE,64319,64323,doc_013,IPCC Report
CMIP,ORG,64487,64491,doc_013,IPCC Report
four,CARDINAL,64671,64675,doc_013,IPCC Report
SROCC,ORG,64814,64819,doc_013,IPCC Report
today,DATE,65147,65152,doc_013,IPCC Report
Left - Heat,PRODUCT,65957,65968,doc_013,IPCC Report
Right - Risks,ORG,66178,66191,doc_013,IPCC Report
"Likelihood and Risks of Unavoidable, Irreversible",ORG,66678,66727,doc_013,IPCC Report
Abrupt Changes,PERSON,66731,66747,doc_013,IPCC Report
centuries,DATE,67400,67409,doc_013,IPCC Report
millennia,GPE,67413,67422,doc_013,IPCC Report
thousands of years,DATE,67521,67539,doc_013,IPCC Report
1995-2014,DATE,67734,67743,doc_013,IPCC Report
0.28-0.55,CARDINAL,67853,67862,doc_013,IPCC Report
0.20-0.29,QUANTITY,67927,67936,doc_013,IPCC Report
0.63,CARDINAL,67951,67955,doc_013,IPCC Report
next 2000 years,DATE,68004,68019,doc_013,IPCC Report
about 2-3,CARDINAL,68056,68065,doc_013,IPCC Report
2°C,CARDINAL,68124,68127,doc_013,IPCC Report
between 2°C,CARDINAL,68664,68675,doc_013,IPCC Report
West Antarctic,GPE,68704,68718,doc_013,IPCC Report
the Atlantic Meridional Overturning Circulation,ORG,69447,69495,doc_013,IPCC Report
PolicymakersAdaptation Options,ORG,69746,69776,doc_013,IPCC Report
Limits,ORG,69787,69793,doc_013,IPCC Report
Warmer World B.4 Adaptation,ORG,69799,69826,doc_013,IPCC Report
4.2,DATE,70296,70299,doc_013,IPCC Report
Adaptation,ORG,71424,71434,doc_013,IPCC Report
B.4.3 Actions,ORG,71520,71533,doc_013,IPCC Report
Carbon Budgets,ORG,72350,72364,doc_013,IPCC Report
CO 2 emissions39,ORG,73287,73303,doc_013,IPCC Report
CDR,ORG,73329,73332,doc_013,IPCC Report
B.6,PERSON,73397,73400,doc_013,IPCC Report
3.3.3,CARDINAL,73583,73588,doc_013,IPCC Report
Cross-Section Box.1,ORG,73601,73620,doc_013,IPCC Report
GtCO 2,LAW,73643,73649,doc_013,IPCC Report
0.45°,CARDINAL,73713,73718,doc_013,IPCC Report
the beginning of 2020,DATE,73837,73858,doc_013,IPCC Report
39 Net zero,QUANTITY,74220,74231,doc_013,IPCC Report
100-year,DATE,74261,74269,doc_013,IPCC Report
PolicymakersB.5.3,GPE,74989,75006,doc_013,IPCC Report
2020-2030,DATE,75044,75053,doc_013,IPCC Report
more than a third,CARDINAL,75215,75232,doc_013,IPCC Report
B.5.4 Based,PERSON,75847,75858,doc_013,IPCC Report
between 1850 and 2019,DATE,75927,75948,doc_013,IPCC Report
GtCO 2,WORK_OF_ART,76095,76101,doc_013,IPCC Report
about two thirds46,CARDINAL,76111,76129,doc_013,IPCC Report
about 3550,CARDINAL,76229,76239,doc_013,IPCC Report
the early 2050s,DATE,76628,76643,doc_013,IPCC Report
the early 2070s,DATE,76655,76671,doc_013,IPCC Report
4.5,DATE,76722,76725,doc_013,IPCC Report
Box SPM.1,PERSON,76754,76763,doc_013,IPCC Report
the 2070s,DATE,77406,77415,doc_013,IPCC Report
2 °,CARDINAL,77448,77451,doc_013,IPCC Report
between 2020,DATE,77554,77566,doc_013,IPCC Report
2025,DATE,77592,77596,doc_013,IPCC Report
3.3.2,CARDINAL,77787,77792,doc_013,IPCC Report
43 Ibid,PERSON,78007,78014,doc_013,IPCC Report
83%,PERCENT,78163,78166,doc_013,IPCC Report
46 Ibid,PERSON,78295,78302,doc_013,IPCC Report
2030 2035,DATE,78539,78548,doc_013,IPCC Report
Limit,ORG,78559,78564,doc_013,IPCC Report
34-60,CARDINAL,78625,78630,doc_013,IPCC Report
58-90,CARDINAL,78647,78652,doc_013,IPCC Report
36-69,CARDINAL,78674,78679,doc_013,IPCC Report
50-96,CARDINAL,78685,78690,doc_013,IPCC Report
36-70,CARDINAL,78821,78826,doc_013,IPCC Report
55-90,CARDINAL,78832,78837,doc_013,IPCC Report
non-CO 2,ORG,78996,79004,doc_013,IPCC Report
B.6.3 Global,WORK_OF_ART,79637,79649,doc_013,IPCC Report
non-CO 2,NORP,79948,79956,doc_013,IPCC Report
CDR47,PERSON,79976,79981,doc_013,IPCC Report
context48,PERSON,80579,80588,doc_013,IPCC Report
Indigenous Peoples,GPE,81033,81051,doc_013,IPCC Report
3.4.1,CARDINAL,81368,81373,doc_013,IPCC Report
CO 2,PERSON,81521,81525,doc_013,IPCC Report
DACCS,ORG,81569,81574,doc_013,IPCC Report
GtCO 2,PRODUCT,82019,82025,doc_013,IPCC Report
the CO 2,PRODUCT,82046,82054,doc_013,IPCC Report
−20,PERSON,83165,83168,doc_013,IPCC Report
IMP,ORG,83222,83225,doc_013,IPCC Report
1.5°CGigatons,CARDINAL,83392,83405,doc_013,IPCC Report
2GHG Year,DATE,83542,83551,doc_013,IPCC Report
CH4,ORG,83728,83731,doc_013,IPCC Report
2000-2015,DATE,83892,83901,doc_013,IPCC Report
2015,DATE,83919,83923,doc_013,IPCC Report
25-75%,PERCENT,84063,84069,doc_013,IPCC Report
Key Transport,ORG,84168,84181,doc_013,IPCC Report
buildingsNon-CO 2,ORG,84196,84213,doc_013,IPCC Report
electricity)these,NORP,84279,84296,doc_013,IPCC Report
12%,PERCENT,84831,84834,doc_013,IPCC Report
Illustrative Mitigation Pathways,ORG,84852,84885,doc_013,IPCC Report
5th,ORDINAL,85275,85278,doc_013,IPCC Report
95th,ORDINAL,85282,85286,doc_013,IPCC Report
the second half of the century,DATE,85833,85864,doc_013,IPCC Report
2070-2075,DATE,85879,85888,doc_013,IPCC Report
IMP-Neg,ORG,86170,86177,doc_013,IPCC Report
IMP-LD,ORG,86225,86231,doc_013,IPCC Report
IMP-SP,ORG,86270,86276,doc_013,IPCC Report
IMP-Ren,ORG,86291,86298,doc_013,IPCC Report
IMP-GS,ORG,86403,86409,doc_013,IPCC Report
the year 2019,DATE,86499,86512,doc_013,IPCC Report
3.3.4,CARDINAL,88170,88175,doc_013,IPCC Report
C.1 Climate,ORG,89547,89558,doc_013,IPCC Report
4.7,DATE,90281,90284,doc_013,IPCC Report
4.8,CARDINAL,90286,90289,doc_013,IPCC Report
C.1.2 Government,ORG,90993,91009,doc_013,IPCC Report
Indigenous Knowledge,PERSON,93428,93448,doc_013,IPCC Report
4.6,DATE,94507,94510,doc_013,IPCC Report
The Benefits of Near-Term Action C.2 Deep,WORK_OF_ART,94518,94559,doc_013,IPCC Report
2.2,DATE,95227,95230,doc_013,IPCC Report
SDG,ORG,96119,96122,doc_013,IPCC Report
•Economic,NORP,97504,97513,doc_013,IPCC Report
Central,ORG,98301,98308,doc_013,IPCC Report
C.4,ORG,98592,98595,doc_013,IPCC Report
4.5.4,DATE,99198,99203,doc_013,IPCC Report
4.5.5,CARDINAL,99205,99210,doc_013,IPCC Report
4.8.1,CARDINAL,100780,100785,doc_013,IPCC Report
Mexico,GPE,100812,100818,doc_013,IPCC Report
South Central America,LOC,100857,100878,doc_013,IPCC Report
SCA,ORG,100880,100883,doc_013,IPCC Report
Latin America,LOC,101082,101095,doc_013,IPCC Report
up to 1.5,CARDINAL,101856,101865,doc_013,IPCC Report
0-20,CARDINAL,102416,102420,doc_013,IPCC Report
20-50,CARDINAL,102440,102445,doc_013,IPCC Report
100-200,CARDINAL,102490,102497,doc_013,IPCC Report
Medium High Lowa,PERSON,102749,102765,doc_013,IPCC Report
assessed0 1 2,DATE,102916,102929,doc_013,IPCC Report
BECCS,ORG,103374,103379,doc_013,IPCC Report
Fossil Carbon Capture and,ORG,103381,103406,doc_013,IPCC Report
diets)Green,CARDINAL,103719,103730,doc_013,IPCC Report
Early Warning Systems Livelihood,ORG,103870,103902,doc_013,IPCC Report
Coastal,ORG,104275,104282,doc_013,IPCC Report
INFRASTRUCTURESOCIETY,ORG,104526,104547,doc_013,IPCC Report
20 10,DATE,104591,104596,doc_013,IPCC Report
020 10,DATE,104597,104603,doc_013,IPCC Report
66% 29%,PERCENT,104660,104670,doc_013,IPCC Report
44% 73%,PERCENT,104670,104678,doc_013,IPCC Report
at least half,CARDINAL,105243,105256,doc_013,IPCC Report
40-70%,PERCENT,105389,105395,doc_013,IPCC Report
Six,CARDINAL,105536,105539,doc_013,IPCC Report
Panel,GPE,105979,105984,doc_013,IPCC Report
25-50%,PERCENT,107145,107151,doc_013,IPCC Report
approximately 500,CARDINAL,107276,107293,doc_013,IPCC Report
Mitigati,GPE,108761,108769,doc_013,IPCC Report
Adaptation Options,ORG,108777,108795,doc_013,IPCC Report
4.5.1,CARDINAL,110186,110191,doc_013,IPCC Report
4.5.6,CARDINAL,110195,110200,doc_013,IPCC Report
Energy Systems,ORG,110219,110233,doc_013,IPCC Report
less than USD 20,MONEY,110760,110776,doc_013,IPCC Report
90%,PERCENT,111978,111981,doc_013,IPCC Report
50-80%,PERCENT,112017,112023,doc_013,IPCC Report
PolicymakersIndustry,ORG,112111,112131,doc_013,IPCC Report
4.5.2,CARDINAL,113505,113510,doc_013,IPCC Report
4.5.3,CARDINAL,113512,113517,doc_013,IPCC Report
diets53,PERSON,115704,115711,doc_013,IPCC Report
decades,DATE,116577,116584,doc_013,IPCC Report
4.5.4,CARDINAL,116637,116642,doc_013,IPCC Report
approximately 30% to 50%,PERCENT,116803,116827,doc_013,IPCC Report
53 ‘Sustainable,CARDINAL,117201,117216,doc_013,IPCC Report
FAO,ORG,117434,117437,doc_013,IPCC Report
WHO,ORG,117442,117445,doc_013,IPCC Report
Policymakersocean,NORP,117773,117790,doc_013,IPCC Report
PolicymakersC.4.3 Implementing,ORG,123118,123148,doc_013,IPCC Report
Equity and Inclusion C.5 Prioritising,ORG,123678,123715,doc_013,IPCC Report
C.5.1 Equity,ORG,124304,124316,doc_013,IPCC Report
C.5.2 Adaptation,ORG,124842,124858,doc_013,IPCC Report
3.3 to 3.6 billion,QUANTITY,125691,125709,doc_013,IPCC Report
4.5.3,DATE,126768,126773,doc_013,IPCC Report
Socio,PERSON,127168,127173,doc_013,IPCC Report
4.4,DATE,128559,128562,doc_013,IPCC Report
Effective,ORG,128581,128590,doc_013,IPCC Report
C.7,PERSON,129061,129064,doc_013,IPCC Report
Effective,NORP,129106,129115,doc_013,IPCC Report
4.5.6,DATE,132218,132223,doc_013,IPCC Report
1 to 4%,PERCENT,132328,132335,doc_013,IPCC Report
up to 10%,PERCENT,132358,132367,doc_013,IPCC Report
"PolicymakersFinance, Technology and International Cooperation C.7 Finance",ORG,132461,132534,doc_013,IPCC Report
three to six,CARDINAL,134204,134216,doc_013,IPCC Report
levels56,PERSON,134238,134246,doc_013,IPCC Report
C.7.4 Tracked,ORG,135576,135589,doc_013,IPCC Report
Sub-Saharan Africa,ORG,136253,136271,doc_013,IPCC Report
Policymakerssupport,ORG,137831,137850,doc_013,IPCC Report
effects57,LAW,138180,138189,doc_013,IPCC Report
4.8.3,CARDINAL,138558,138563,doc_013,IPCC Report
International,ORG,138572,138585,doc_013,IPCC Report
4.8.2,CARDINAL,139871,139876,doc_013,IPCC Report
202 1,CARDINAL,0,5,doc_014,Policies Affecting Carbon Emissions
October 2021,DATE,7,19,doc_014,Policies Affecting Carbon Emissions
Emanuel Kohlscheen,PERSON,97,115,doc_014,Policies Affecting Carbon Emissions
Richhild Moessner,PERSON,117,134,doc_014,Policies Affecting Carbon Emissions
ISSN,ORG,187,191,doc_014,Policies Affecting Carbon Emissions
2364- 1428,DATE,192,202,doc_014,Policies Affecting Carbon Emissions
Munich Society for the Promotion of Economic Research - CESifo GmbH,ORG,252,320,doc_014,Policies Affecting Carbon Emissions
Ludwigs -Maximilians University’s Center for Economic Studies,ORG,352,413,doc_014,Policies Affecting Carbon Emissions
Germany,GPE,462,468,doc_014,Policies Affecting Carbon Emissions
Telefax,GPE,511,518,doc_014,Policies Affecting Carbon Emissions
Clemens Fuest,ORG,558,575,doc_014,Policies Affecting Carbon Emissions
CESifo,PERSON,695,701,doc_014,Policies Affecting Carbon Emissions
$10,MONEY,1442,1445,doc_014,Policies Affecting Carbon Emissions
1.3%,PERCENT,1500,1504,doc_014,Policies Affecting Carbon Emissions
4.6%,PERCENT,1529,1533,doc_014,Policies Affecting Carbon Emissions
JEL-Codes,ORG,1552,1561,doc_014,Policies Affecting Carbon Emissions
O440,CARDINAL,1564,1568,doc_014,Policies Affecting Carbon Emissions
Q000,CARDINAL,1570,1574,doc_014,Policies Affecting Carbon Emissions
Q480,DATE,1576,1580,doc_014,Policies Affecting Carbon Emissions
Q580,DATE,1582,1586,doc_014,Policies Affecting Carbon Emissions
Q400,PRODUCT,1588,1592,doc_014,Policies Affecting Carbon Emissions
Q500,PRODUCT,1594,1598,doc_014,Policies Affecting Carbon Emissions
Emanuel Kohlscheen Bank,PERSON,1749,1773,doc_014,Policies Affecting Carbon Emissions
Bank for International Settlements Centralbahnplatz 2,ORG,1871,1927,doc_014,Policies Affecting Carbon Emissions
Corvinus University Fővám,ORG,1968,1994,doc_014,Policies Affecting Carbon Emissions
Hungary,GPE,2002,2009,doc_014,Policies Affecting Carbon Emissions
2021,DATE,2038,2042,doc_014,Policies Affecting Carbon Emissions
the Bank for International S,ORG,2144,2172,doc_014,Policies Affecting Carbon Emissions
Introduction Emissions,ORG,2192,2217,doc_014,Policies Affecting Carbon Emissions
recent years,DATE,2335,2347,doc_014,Policies Affecting Carbon Emissions
3 degrees Celsius,QUANTITY,2452,2469,doc_014,Policies Affecting Carbon Emissions
IPCC,ORG,2563,2567,doc_014,Policies Affecting Carbon Emissions
2014,DATE,2569,2573,doc_014,Policies Affecting Carbon Emissions
Group,ORG,2575,2580,doc_014,Policies Affecting Carbon Emissions
"30, 2020",DATE,2584,2592,doc_014,Policies Affecting Carbon Emissions
2007,DATE,2905,2909,doc_014,Policies Affecting Carbon Emissions
2008,DATE,2912,2916,doc_014,Policies Affecting Carbon Emissions
France,GPE,3006,3011,doc_014,Policies Affecting Carbon Emissions
1.5,CARDINAL,3026,3029,doc_014,Policies Affecting Carbon Emissions
about 45 %,PERCENT,3138,3148,doc_014,Policies Affecting Carbon Emissions
2010,DATE,3161,3165,doc_014,Policies Affecting Carbon Emissions
2030,DATE,3175,3179,doc_014,Policies Affecting Carbon Emissions
zero,CARDINAL,3194,3198,doc_014,Policies Affecting Carbon Emissions
2050,DATE,3207,3211,doc_014,Policies Affecting Carbon Emissions
about 25 %,PERCENT,3277,3287,doc_014,Policies Affecting Carbon Emissions
United Nations,ORG,3349,3363,doc_014,Policies Affecting Carbon Emissions
16 %,PERCENT,3483,3487,doc_014,Policies Affecting Carbon Emissions
OECD,ORG,3754,3758,doc_014,Policies Affecting Carbon Emissions
Arlinghaus,PERSON,3766,3776,doc_014,Policies Affecting Carbon Emissions
2015,DATE,3778,3782,doc_014,Policies Affecting Carbon Emissions
Martin et al.,PERSON,3784,3797,doc_014,Policies Affecting Carbon Emissions
2016,DATE,3799,3803,doc_014,Policies Affecting Carbon Emissions
CO 2,PRODUCT,4119,4123,doc_014,Policies Affecting Carbon Emissions
1971 -2016 period,DATE,4386,4403,doc_014,Policies Affecting Carbon Emissions
Kohlscheen,PERSON,5013,5023,doc_014,Policies Affecting Carbon Emissions
1 .3%,PERCENT,5269,5274,doc_014,Policies Affecting Carbon Emissions
0.01,CARDINAL,5436,5440,doc_014,Policies Affecting Carbon Emissions
1.4%,PERCENT,5532,5536,doc_014,Policies Affecting Carbon Emissions
5.0%,PERCENT,5558,5562,doc_014,Policies Affecting Carbon Emissions
five,CARDINAL,5689,5693,doc_014,Policies Affecting Carbon Emissions
nine,CARDINAL,5701,5705,doc_014,Policies Affecting Carbon Emissions
0.05,CARDINAL,5744,5748,doc_014,Policies Affecting Carbon Emissions
around 1 .5%,PERCENT,5994,6006,doc_014,Policies Affecting Carbon Emissions
six,CARDINAL,6084,6087,doc_014,Policies Affecting Carbon Emissions
Green,GPE,6409,6414,doc_014,Policies Affecting Carbon Emissions
Section 3 summaris,LAW,7405,7423,doc_014,Policies Affecting Carbon Emissions
two,CARDINAL,7589,7592,doc_014,Policies Affecting Carbon Emissions
First,ORDINAL,7620,7625,doc_014,Policies Affecting Carbon Emissions
Second,ORDINAL,7751,7757,doc_014,Policies Affecting Carbon Emissions
Europe,LOC,8298,8304,doc_014,Policies Affecting Carbon Emissions
Murray,PERSON,8500,8506,doc_014,Policies Affecting Carbon Emissions
Maniloff,PERSON,8512,8520,doc_014,Policies Affecting Carbon Emissions
Bayer,ORG,8530,8535,doc_014,Policies Affecting Carbon Emissions
Aklin,ORG,8540,8545,doc_014,Policies Affecting Carbon Emissions
2020,DATE,8548,8552,doc_014,Policies Affecting Carbon Emissions
Rafaty et al,PERSON,8559,8571,doc_014,Policies Affecting Carbon Emissions
2020).2,CARDINAL,8573,8580,doc_014,Policies Affecting Carbon Emissions
0% and 2%,PERCENT,8733,8742,doc_014,Policies Affecting Carbon Emissions
the European Union’s,ORG,8893,8914,doc_014,Policies Affecting Carbon Emissions
annual,DATE,8944,8950,doc_014,Policies Affecting Carbon Emissions
0% to 1.5%,PERCENT,8985,8995,doc_014,Policies Affecting Carbon Emissions
"Green, 2021",DATE,9724,9735,doc_014,Policies Affecting Carbon Emissions
2 Rafaty et al,PERSON,9740,9754,doc_014,Policies Affecting Carbon Emissions
the 1990s,DATE,9854,9863,doc_014,Policies Affecting Carbon Emissions
2.5%,PERCENT,9963,9967,doc_014,Policies Affecting Carbon Emissions
Vollebergh,PERSON,10233,10243,doc_014,Policies Affecting Carbon Emissions
2018,DATE,10245,10249,doc_014,Policies Affecting Carbon Emissions
7.3%,PERCENT,10378,10382,doc_014,Policies Affecting Carbon Emissions
around 4%,PERCENT,10552,10561,doc_014,Policies Affecting Carbon Emissions
30%,PERCENT,10598,10601,doc_014,Policies Affecting Carbon Emissions
United States,GPE,10696,10698,doc_014,Policies Affecting Carbon Emissions
European,NORP,10718,10726,doc_014,Policies Affecting Carbon Emissions
0.5%,PERCENT,10944,10948,doc_014,Policies Affecting Carbon Emissions
Raupach,GPE,11106,11113,doc_014,Policies Affecting Carbon Emissions
2012,DATE,11129,11133,doc_014,Policies Affecting Carbon Emissions
Sadorsky,PERSON,11137,11145,doc_014,Policies Affecting Carbon Emissions
Kasman,PERSON,11155,11161,doc_014,Policies Affecting Carbon Emissions
Duman,PERSON,11166,11171,doc_014,Policies Affecting Carbon Emissions
Menyah,GPE,11181,11187,doc_014,Policies Affecting Carbon Emissions
Wolde -Rufael,PERSON,11192,11205,doc_014,Policies Affecting Carbon Emissions
Gonzalez -Sanchez,PERSON,11216,11233,doc_014,Policies Affecting Carbon Emissions
Martin -Ortega,PERSON,11238,11252,doc_014,Policies Affecting Carbon Emissions
Feng et al,PERSON,11262,11272,doc_014,Policies Affecting Carbon Emissions
Peters,PERSON,11282,11288,doc_014,Policies Affecting Carbon Emissions
Doda,PERSON,11304,11308,doc_014,Policies Affecting Carbon Emissions
Wang,PERSON,11319,11323,doc_014,Policies Affecting Carbon Emissions
International Energy Agency,ORG,11335,11362,doc_014,Policies Affecting Carbon Emissions
Ellis et al,PERSON,11632,11643,doc_014,Policies Affecting Carbon Emissions
2019,DATE,11645,11649,doc_014,Policies Affecting Carbon Emissions
G20,ORG,11753,11756,doc_014,Policies Affecting Carbon Emissions
Lilliestam et al,PERSON,11891,11907,doc_014,Policies Affecting Carbon Emissions
European Union,ORG,12120,12139,doc_014,Policies Affecting Carbon Emissions
New Zealand,GPE,12141,12152,doc_014,Policies Affecting Carbon Emissions
Scandinavia,LOC,12157,12168,doc_014,Policies Affecting Carbon Emissions
Metcalf and Stock,ORG,12400,12417,doc_014,Policies Affecting Carbon Emissions
"2020 , 2020b",DATE,12419,12431,doc_014,Policies Affecting Carbon Emissions
Data,ORG,12441,12449,doc_014,Policies Affecting Carbon Emissions
the Carbon Dioxide Information Analysis Center,ORG,12647,12693,doc_014,Policies Affecting Carbon Emissions
the U.S. Department of Energy’s Oak Ridge National Laboratory,ORG,12705,12767,doc_014,Policies Affecting Carbon Emissions
the World Bank,ORG,12820,12835,doc_014,Policies Affecting Carbon Emissions
1971 -,DATE,13018,13025,doc_014,Policies Affecting Carbon Emissions
Africa,LOC,13608,13614,doc_014,Policies Affecting Carbon Emissions
4 Note,CARDINAL,13821,13827,doc_014,Policies Affecting Carbon Emissions
East Asian,NORP,13989,13999,doc_014,Policies Affecting Carbon Emissions
first,ORDINAL,14278,14283,doc_014,Policies Affecting Carbon Emissions
Finland,GPE,14314,14321,doc_014,Policies Affecting Carbon Emissions
1990,DATE,14325,14329,doc_014,Policies Affecting Carbon Emissions
the early 1990s,DATE,14443,14458,doc_014,Policies Affecting Carbon Emissions
the Kyoto Protocol,LAW,14484,14502,doc_014,Policies Affecting Carbon Emissions
Philibert,PERSON,14515,14524,doc_014,Policies Affecting Carbon Emissions
Reinaud,PERSON,14529,14536,doc_014,Policies Affecting Carbon Emissions
2004,DATE,14539,14543,doc_014,Policies Affecting Carbon Emissions
World Bank,ORG,14693,14703,doc_014,Policies Affecting Carbon Emissions
Appendix Figures A1,WORK_OF_ART,15963,15982,doc_014,Policies Affecting Carbon Emissions
7.79 - 38.9,QUANTITY,16102,16113,doc_014,Policies Affecting Carbon Emissions
4.11,CARDINAL,16114,16118,doc_014,Policies Affecting Carbon Emissions
0.53,CARDINAL,16138,16142,doc_014,Policies Affecting Carbon Emissions
0.03 - 0.53,QUANTITY,16150,16161,doc_014,Policies Affecting Carbon Emissions
1 April 2016,DATE,16318,16330,doc_014,Policies Affecting Carbon Emissions
$/tCO 2,MONEY,16334,16341,doc_014,Policies Affecting Carbon Emissions
Ukraine,GPE,16356,16363,doc_014,Policies Affecting Carbon Emissions
2011,DATE,16391,16395,doc_014,Policies Affecting Carbon Emissions
above $ 0.01/,MONEY,16407,16420,doc_014,Policies Affecting Carbon Emissions
Iceland,GPE,16541,16548,doc_014,Policies Affecting Carbon Emissions
the Emission Database for Global Atmospheric Research,ORG,17154,17207,doc_014,Policies Affecting Carbon Emissions
EDGAR,ORG,17209,17214,doc_014,Policies Affecting Carbon Emissions
5.0,CARDINAL,17225,17228,doc_014,Policies Affecting Carbon Emissions
EDGAR,PERSON,17345,17350,doc_014,Policies Affecting Carbon Emissions
China,GPE,17658,17663,doc_014,Policies Affecting Carbon Emissions
China’s National Development and Reform Commission,ORG,17744,17795,doc_014,Policies Affecting Carbon Emissions
December 2017,DATE,17833,17846,doc_014,Policies Affecting Carbon Emissions
Emissions Trading System,LAW,17897,17900,doc_014,Policies Affecting Carbon Emissions
the Environmental Policy Stringency Index,ORG,18106,18147,doc_014,Policies Affecting Carbon Emissions
EPS,ORG,18149,18152,doc_014,Policies Affecting Carbon Emissions
Botta,ORG,18322,18327,doc_014,Policies Affecting Carbon Emissions
Kozluk,GPE,18332,18338,doc_014,Policies Affecting Carbon Emissions
Brazil,GPE,18663,18669,doc_014,Policies Affecting Carbon Emissions
India,GPE,18678,18683,doc_014,Policies Affecting Carbon Emissions
Indonesia,GPE,18685,18694,doc_014,Policies Affecting Carbon Emissions
Russia,GPE,18696,18702,doc_014,Policies Affecting Carbon Emissions
South Africa,GPE,18704,18716,doc_014,Policies Affecting Carbon Emissions
Italy,GPE,18829,18834,doc_014,Policies Affecting Carbon Emissions
Japan,GPE,18836,18841,doc_014,Policies Affecting Carbon Emissions
Korea,GPE,18843,18848,doc_014,Policies Affecting Carbon Emissions
United Kingdom,GPE,18850,18865,doc_014,Policies Affecting Carbon Emissions
t−1+λ,ORG,20132,20137,doc_014,Policies Affecting Carbon Emissions
t−1+γ,CARDINAL,20142,20147,doc_014,Policies Affecting Carbon Emissions
t+μ3,ORG,20243,20247,doc_014,Policies Affecting Carbon Emissions
2.5,CARDINAL,21750,21753,doc_014,Policies Affecting Carbon Emissions
5.1,CARDINAL,21813,21816,doc_014,Policies Affecting Carbon Emissions
three,CARDINAL,22221,22226,doc_014,Policies Affecting Carbon Emissions
97−98%,PERCENT,22426,22432,doc_014,Policies Affecting Carbon Emissions
0.8 2,CARDINAL,22630,22635,doc_014,Policies Affecting Carbon Emissions
0.88,CARDINAL,22639,22643,doc_014,Policies Affecting Carbon Emissions
0.97,CARDINAL,22677,22681,doc_014,Policies Affecting Carbon Emissions
0.9 9,CARDINAL,22685,22690,doc_014,Policies Affecting Carbon Emissions
0.7,CARDINAL,22754,22757,doc_014,Policies Affecting Carbon Emissions
70%,PERCENT,22904,22907,doc_014,Policies Affecting Carbon Emissions
previous year,DATE,22946,22959,doc_014,Policies Affecting Carbon Emissions
10%,PERCENT,23935,23938,doc_014,Policies Affecting Carbon Emissions
one,CARDINAL,23985,23988,doc_014,Policies Affecting Carbon Emissions
1.6%,PERCENT,24073,24077,doc_014,Policies Affecting Carbon Emissions
6.2%,PERCENT,24100,24104,doc_014,Policies Affecting Carbon Emissions
1.1%,PERCENT,24307,24311,doc_014,Policies Affecting Carbon Emissions
3.9%,PERCENT,24333,24337,doc_014,Policies Affecting Carbon Emissions
more than 80%,PERCENT,25019,25032,doc_014,Policies Affecting Carbon Emissions
5.2,CARDINAL,25256,25259,doc_014,Policies Affecting Carbon Emissions
2).10,CARDINAL,25456,25461,doc_014,Policies Affecting Carbon Emissions
CO2,PRODUCT,26165,26168,doc_014,Policies Affecting Carbon Emissions
0.7206,CARDINAL,26303,26309,doc_014,Policies Affecting Carbon Emissions
0.7231,CARDINAL,26313,26319,doc_014,Policies Affecting Carbon Emissions
0.0627,CARDINAL,26381,26387,doc_014,Policies Affecting Carbon Emissions
0.0003 0.0003 0.0002 ETS,MONEY,26441,26465,doc_014,Policies Affecting Carbon Emissions
0.0064 0.0066,CARDINAL,26559,26572,doc_014,Policies Affecting Carbon Emissions
0.1801,CARDINAL,26634,26640,doc_014,Policies Affecting Carbon Emissions
0.0432 0.04,MONEY,26651,26662,doc_014,Policies Affecting Carbon Emissions
0.0616,MONEY,26670,26676,doc_014,Policies Affecting Carbon Emissions
0.3615,CARDINAL,26791,26797,doc_014,Policies Affecting Carbon Emissions
0.3643,CARDINAL,26800,26806,doc_014,Policies Affecting Carbon Emissions
0.2500,CARDINAL,26818,26824,doc_014,Policies Affecting Carbon Emissions
0.2086,CARDINAL,26826,26832,doc_014,Policies Affecting Carbon Emissions
0.1352,CARDINAL,26861,26867,doc_014,Policies Affecting Carbon Emissions
0.1661 0.1036,CARDINAL,26918,26931,doc_014,Policies Affecting Carbon Emissions
0.1875,MONEY,26951,26957,doc_014,Policies Affecting Carbon Emissions
0.1571,MONEY,26995,27001,doc_014,Policies Affecting Carbon Emissions
0.1614,CARDINAL,27034,27040,doc_014,Policies Affecting Carbon Emissions
0.0396 0.0392,MONEY,27043,27056,doc_014,Policies Affecting Carbon Emissions
0.0396,MONEY,27057,27063,doc_014,Policies Affecting Carbon Emissions
0.0592,CARDINAL,27071,27077,doc_014,Policies Affecting Carbon Emissions
0.2415,CARDINAL,27109,27115,doc_014,Policies Affecting Carbon Emissions
0.0720,MONEY,27166,27172,doc_014,Policies Affecting Carbon Emissions
0.0792,MONEY,27288,27294,doc_014,Policies Affecting Carbon Emissions
0.0852,MONEY,27308,27314,doc_014,Policies Affecting Carbon Emissions
3881 3881 3881,WORK_OF_ART,27328,27342,doc_014,Policies Affecting Carbon Emissions
653 653,CARDINAL,27343,27350,doc_014,Policies Affecting Carbon Emissions
30 30,DATE,27383,27388,doc_014,Policies Affecting Carbon Emissions
0.822 0.822 0.822,MONEY,27399,27416,doc_014,Policies Affecting Carbon Emissions
0.879 0.881,CARDINAL,27417,27428,doc_014,Policies Affecting Carbon Emissions
1971,DATE,27496,27500,doc_014,Policies Affecting Carbon Emissions
to2016,LANGUAGE,27501,27507,doc_014,Policies Affecting Carbon Emissions
1%/5%/10%,PERCENT,27656,27665,doc_014,Policies Affecting Carbon Emissions
USD,ORG,27767,27770,doc_014,Policies Affecting Carbon Emissions
EPSmodel,ORG,27852,27860,doc_014,Policies Affecting Carbon Emissions
0.7300,CARDINAL,28616,28622,doc_014,Policies Affecting Carbon Emissions
0.0255,MONEY,28673,28679,doc_014,Policies Affecting Carbon Emissions
0.0643,CARDINAL,28694,28700,doc_014,Policies Affecting Carbon Emissions
0.0003 0.0003 0.0003 ETS,MONEY,28754,28778,doc_014,Policies Affecting Carbon Emissions
0.0003 0.0003 0.0005 EPS,MONEY,28814,28838,doc_014,Policies Affecting Carbon Emissions
0.0072 0.0077,CARDINAL,28867,28880,doc_014,Policies Affecting Carbon Emissions
0.2030,CARDINAL,28912,28918,doc_014,Policies Affecting Carbon Emissions
0.3060,CARDINAL,28942,28948,doc_014,Policies Affecting Carbon Emissions
0.0360,MONEY,28959,28965,doc_014,Policies Affecting Carbon Emissions
0.0590,MONEY,28980,28986,doc_014,Policies Affecting Carbon Emissions
0.1061,MONEY,29055,29061,doc_014,Policies Affecting Carbon Emissions
0.2689,CARDINAL,29101,29107,doc_014,Policies Affecting Carbon Emissions
0.2754 0.2595,MONEY,29108,29121,doc_014,Policies Affecting Carbon Emissions
0.1778,CARDINAL,29136,29142,doc_014,Policies Affecting Carbon Emissions
0.2092,MONEY,29164,29170,doc_014,Policies Affecting Carbon Emissions
0.2968,CARDINAL,29191,29197,doc_014,Policies Affecting Carbon Emissions
0.1882,CARDINAL,29222,29228,doc_014,Policies Affecting Carbon Emissions
0.1595 0.1591 0.2908 0.2917,MONEY,29236,29263,doc_014,Policies Affecting Carbon Emissions
0.0428,MONEY,29351,29357,doc_014,Policies Affecting Carbon Emissions
0.0862,CARDINAL,29372,29378,doc_014,Policies Affecting Carbon Emissions
0.2848,CARDINAL,29410,29416,doc_014,Policies Affecting Carbon Emissions
0.2816,CARDINAL,29430,29436,doc_014,Policies Affecting Carbon Emissions
0.3427,CARDINAL,29440,29446,doc_014,Policies Affecting Carbon Emissions
0.0637 0.0642 0.0643 0.0949,MONEY,29460,29487,doc_014,Policies Affecting Carbon Emissions
0.0801 0.0830 0.0797 0.1018,MONEY,29584,29611,doc_014,Policies Affecting Carbon Emissions
0.0170,MONEY,29716,29722,doc_014,Policies Affecting Carbon Emissions
1845 1845,DATE,29736,29745,doc_014,Policies Affecting Carbon Emissions
441 441,CARDINAL,29751,29758,doc_014,Policies Affecting Carbon Emissions
30 30,CARDINAL,29791,29796,doc_014,Policies Affecting Carbon Emissions
0.855 0.858,PRODUCT,29825,29836,doc_014,Policies Affecting Carbon Emissions
0.987,CARDINAL,29854,29859,doc_014,Policies Affecting Carbon Emissions
ETSmodel,ORG,30278,30286,doc_014,Policies Affecting Carbon Emissions
Conclu,ORG,30739,30745,doc_014,Policies Affecting Carbon Emissions
Table 3 Effects,PRODUCT,31625,31640,doc_014,Policies Affecting Carbon Emissions
0.7205,CARDINAL,31828,31834,doc_014,Policies Affecting Carbon Emissions
0.7233,CARDINAL,31838,31844,doc_014,Policies Affecting Carbon Emissions
0.0542 0.0538 0.0543 0.0598 0.0635,MONEY,31878,31912,doc_014,Policies Affecting Carbon Emissions
0.1884,CARDINAL,32131,32137,doc_014,Policies Affecting Carbon Emissions
0.0438 0.0432 0.0440,EVENT,32181,32201,doc_014,Policies Affecting Carbon Emissions
0.0622,CARDINAL,32209,32215,doc_014,Policies Affecting Carbon Emissions
0.3952,CARDINAL,32247,32253,doc_014,Policies Affecting Carbon Emissions
0.1334 0.1332,CARDINAL,32298,32311,doc_014,Policies Affecting Carbon Emissions
0.3655,CARDINAL,32339,32345,doc_014,Policies Affecting Carbon Emissions
0.3517,CARDINAL,32348,32354,doc_014,Policies Affecting Carbon Emissions
0.2127,CARDINAL,32365,32371,doc_014,Policies Affecting Carbon Emissions
0.1624,MONEY,32386,32392,doc_014,Policies Affecting Carbon Emissions
0.5452,CARDINAL,32427,32433,doc_014,Policies Affecting Carbon Emissions
0.1661 0.1144,CARDINAL,32457,32470,doc_014,Policies Affecting Carbon Emissions
0.1575,CARDINAL,32575,32581,doc_014,Policies Affecting Carbon Emissions
0.0397 0.0392,MONEY,32584,32597,doc_014,Policies Affecting Carbon Emissions
0.0397,MONEY,32598,32604,doc_014,Policies Affecting Carbon Emissions
0.0721,MONEY,32707,32713,doc_014,Policies Affecting Carbon Emissions
0.0758 0.0858 0.0848,WORK_OF_ART,32836,32856,doc_014,Policies Affecting Carbon Emissions
1 .4%,PERCENT,33684,33689,doc_014,Policies Affecting Carbon Emissions
5.0 %,PERCENT,33712,33717,doc_014,Policies Affecting Carbon Emissions
n g r u,ORG,33732,33739,doc_014,Policies Affecting Carbon Emissions
6.0%,PERCENT,34099,34103,doc_014,Policies Affecting Carbon Emissions
Carbon Prices on Indicators of Competitiveness,ORG,34875,34921,doc_014,Policies Affecting Carbon Emissions
OECD Environment Working Papers,ORG,34957,34988,doc_014,Policies Affecting Carbon Emissions
Bartram,ORG,35025,35032,doc_014,Policies Affecting Carbon Emissions
S Kim,PERSON,35048,35053,doc_014,Policies Affecting Carbon Emissions
Bayer P and M Aklin,ORG,35168,35187,doc_014,Policies Affecting Carbon Emissions
The European Union Emissions Trading System,ORG,35196,35239,doc_014,Policies Affecting Carbon Emissions
the Nationa l Acad emy,ORG,35302,35324,doc_014,Policies Affecting Carbon Emissions
Sci,ORG,35328,35331,doc_014,Policies Affecting Carbon Emissions
8804-12,DATE,35346,35353,doc_014,Policies Affecting Carbon Emissions
Botta,GPE,35356,35361,doc_014,Policies Affecting Carbon Emissions
Measuring Environmental Policy Stringency,WORK_OF_ART,35386,35427,doc_014,Policies Affecting Carbon Emissions
OECD Economics Department,ORG,35477,35502,doc_014,Policies Affecting Carbon Emissions
OECD Publishing,ORG,35529,35544,doc_014,Policies Affecting Carbon Emissions
Doda,ORG,35553,35557,doc_014,Policies Affecting Carbon Emissions
Journal of Macroeconomics,ORG,35617,35642,doc_014,Policies Affecting Carbon Emissions
214- 227,CARDINAL,35658,35666,doc_014,Policies Affecting Carbon Emissions
Ellis,PERSON,35669,35674,doc_014,Policies Affecting Carbon Emissions
F Venmans,PRODUCT,35697,35706,doc_014,Policies Affecting Carbon Emissions
Carbon Pricing and Competitiveness: Are They at Odds,WORK_OF_ART,35715,35768,doc_014,Policies Affecting Carbon Emissions
OECD Environment Working Papers No,ORG,35773,35807,doc_014,Policies Affecting Carbon Emissions
ECD Publishing,ORG,35816,35830,doc_014,Policies Affecting Carbon Emissions
"Feng, K, S J Davis",ORG,35840,35858,doc_014,Policies Affecting Carbon Emissions
L Sun,ORG,35860,35865,doc_014,Policies Affecting Carbon Emissions
Drivers of the US CO2,WORK_OF_ART,35888,35909,doc_014,Policies Affecting Carbon Emissions
1997 - 2013,DATE,35920,35931,doc_014,Policies Affecting Carbon Emissions
Nature Communications,WORK_OF_ART,35933,35954,doc_014,Policies Affecting Carbon Emissions
"6, 7714",CARDINAL,35962,35969,doc_014,Policies Affecting Carbon Emissions
10.1038/ncomms8714,CARDINAL,35977,35995,doc_014,Policies Affecting Carbon Emissions
Ortega,PERSON,36035,36041,doc_014,Policies Affecting Carbon Emissions
"12, 1012",DATE,36156,36164,doc_014,Policies Affecting Carbon Emissions
doi:10.3390/su12031012,ORG,36167,36189,doc_014,Policies Affecting Carbon Emissions
Environ,ORG,36279,36286,doc_014,Policies Affecting Carbon Emissions
Research Lett,PERSON,36294,36307,doc_014,Policies Affecting Carbon Emissions
"16, 043004",DATE,36318,36328,doc_014,Policies Affecting Carbon Emissions
Holtz -Eakin,PERSON,36437,36449,doc_014,Policies Affecting Carbon Emissions
1995,DATE,36469,36473,doc_014,Policies Affecting Carbon Emissions
Journal of Public Economics,ORG,36531,36558,doc_014,Policies Affecting Carbon Emissions
Global Energy Review,ORG,36621,36641,doc_014,Policies Affecting Carbon Emissions
April,DATE,36731,36736,doc_014,Policies Affecting Carbon Emissions
Intergovernmental Panel on Climate Change,ORG,36739,36780,doc_014,Policies Affecting Carbon Emissions
Synthesis Report,ORG,36818,36834,doc_014,Policies Affecting Carbon Emissions
Working Groups,ORG,36853,36867,doc_014,Policies Affecting Carbon Emissions
"the Intergovernmental Panel on Climate Change, Core Writing Team",ORG,36917,36981,doc_014,Policies Affecting Carbon Emissions
Pachauri,GPE,36986,36994,doc_014,Policies Affecting Carbon Emissions
L Meyer,ORG,36999,37006,doc_014,Policies Affecting Carbon Emissions
Switzerland,GPE,37020,37026,doc_014,Policies Affecting Carbon Emissions
Y S Duman,PRODUCT,37056,37065,doc_014,Policies Affecting Carbon Emissions
Moessner,PERSON,37277,37285,doc_014,Policies Affecting Carbon Emissions
Carbon Emissions,PERSON,37328,37344,doc_014,Policies Affecting Carbon Emissions
BIS Working Paper No,ORG,37390,37410,doc_014,Policies Affecting Carbon Emissions
Lilliestam,PERSON,37418,37428,doc_014,Policies Affecting Carbon Emissions
Patt,PERSON,37433,37437,doc_014,Policies Affecting Carbon Emissions
G Bersalli,PERSON,37445,37455,doc_014,Policies Affecting Carbon Emissions
Wiley,PERSON,37594,37599,doc_014,Policies Affecting Carbon Emissions
12(1,DATE,37645,37649,doc_014,Policies Affecting Carbon Emissions
Vangenechten,PERSON,37664,37676,doc_014,Policies Affecting Carbon Emissions
Alberola,GPE,37681,37689,doc_014,Policies Affecting Carbon Emissions
Olsen,PERSON,37694,37699,doc_014,Policies Affecting Carbon Emissions
Wegener Center,ORG,37799,37813,doc_014,Policies Affecting Carbon Emissions
BloombergNEF,ORG,37815,37827,doc_014,Policies Affecting Carbon Emissions
Martin,PERSON,37842,37848,doc_014,Policies Affecting Carbon Emissions
Muûls,ORG,37853,37858,doc_014,Policies Affecting Carbon Emissions
U Wagner,ORG,37867,37875,doc_014,Policies Affecting Carbon Emissions
The Impact of the European Union Emissions Trading Scheme on Regulated Firms: What Is the Evidence,WORK_OF_ART,37884,37983,doc_014,Policies Affecting Carbon Emissions
Ten Years,DATE,37990,37999,doc_014,Policies Affecting Carbon Emissions
Environmental Economics,ORG,38013,38036,doc_014,Policies Affecting Carbon Emissions
Vol,PERSON,38050,38053,doc_014,Policies Affecting Carbon Emissions
2911- 2915,DATE,38225,38235,doc_014,Policies Affecting Carbon Emissions
Metcalf,PERSON,38238,38245,doc_014,Policies Affecting Carbon Emissions
The Macroeconomic Impact of Europe’s Carbon Taxes,WORK_OF_ART,38269,38318,doc_014,Policies Affecting Carbon Emissions
NBER Working Paper No.,ORG,38322,38344,doc_014,Policies Affecting Carbon Emissions
2020,CARDINAL,38377,38381,doc_014,Policies Affecting Carbon Emissions
AEA Papers,WORK_OF_ART,38441,38451,doc_014,Policies Affecting Carbon Emissions
Energy Econ,ORG,38651,38662,doc_014,Policies Affecting Carbon Emissions
Taxes,ORG,38761,38766,doc_014,Policies Affecting Carbon Emissions
5 May,DATE,38793,38798,doc_014,Policies Affecting Carbon Emissions
en.htm,NORP,38864,38870,doc_014,Policies Affecting Carbon Emissions
21 June 2021,DATE,38884,38896,doc_014,Policies Affecting Carbon Emissions
C L Quere,ORG,38924,38933,doc_014,Policies Affecting Carbon Emissions
Nature Climate Change,WORK_OF_ART,39058,39080,doc_014,Policies Affecting Carbon Emissions
UNFCCC,ORG,39295,39301,doc_014,Policies Affecting Carbon Emissions
Rafaty,PERSON,39305,39311,doc_014,Policies Affecting Carbon Emissions
Dolphin,PERSON,39316,39323,doc_014,Policies Affecting Carbon Emissions
F Pretis,PRODUCT,39331,39339,doc_014,Policies Affecting Carbon Emissions
Institute for New Economic Thinking Working Paper No,ORG,39405,39457,doc_014,Policies Affecting Carbon Emissions
C l Quere,ORG,39499,39508,doc_014,Policies Affecting Carbon Emissions
G Klepper and C B Field,ORG,39524,39547,doc_014,Policies Affecting Carbon Emissions
10288- 10293,DATE,39642,39654,doc_014,Policies Affecting Carbon Emissions
Energy Economics,ORG,39746,39762,doc_014,Policies Affecting Carbon Emissions
"Sen, S and H Vollebergh",ORG,39791,39814,doc_014,Policies Affecting Carbon Emissions
Journal of Environmental Economics and Management,ORG,39894,39943,doc_014,Policies Affecting Carbon Emissions
74- 99,DATE,39959,39965,doc_014,Policies Affecting Carbon Emissions
The Economics of Climate Change: The Stern Review,ORG,39986,40035,doc_014,Policies Affecting Carbon Emissions
Cambridge,GPE,40038,40047,doc_014,Policies Affecting Carbon Emissions
Cambridge University Press,ORG,40050,40076,doc_014,Policies Affecting Carbon Emissions
The Economics of Climate Change” American Economic Review,ORG,40096,40153,doc_014,Policies Affecting Carbon Emissions
1-37,CARDINAL,40174,40178,doc_014,Policies Affecting Carbon Emissions
Glasgow,PERSON,40375,40382,doc_014,Policies Affecting Carbon Emissions
31 October to 12 November,DATE,40384,40409,doc_014,Policies Affecting Carbon Emissions
Synthesis,ORG,40411,40420,doc_014,Policies Affecting Carbon Emissions
"Wang, K (2012",ORG,40467,40480,doc_014,Policies Affecting Carbon Emissions
1537- 1547,DATE,40607,40617,doc_014,Policies Affecting Carbon Emissions
Carbon Pricing Dashboard,WORK_OF_ART,40639,40663,doc_014,Policies Affecting Carbon Emissions
29 January 2021,DATE,40682,40697,doc_014,Policies Affecting Carbon Emissions
0.6963,CARDINAL,40912,40918,doc_014,Policies Affecting Carbon Emissions
0.0438,MONEY,41259,41265,doc_014,Policies Affecting Carbon Emissions
0.0969,MONEY,41362,41368,doc_014,Policies Affecting Carbon Emissions
0.4650,CARDINAL,41401,41407,doc_014,Policies Affecting Carbon Emissions
0.4695,CARDINAL,41410,41416,doc_014,Policies Affecting Carbon Emissions
0.4566,CARDINAL,41419,41425,doc_014,Policies Affecting Carbon Emissions
0.3376,CARDINAL,41498,41504,doc_014,Policies Affecting Carbon Emissions
0.3396,CARDINAL,41516,41522,doc_014,Policies Affecting Carbon Emissions
0.1477,CARDINAL,41614,41620,doc_014,Policies Affecting Carbon Emissions
0.0490,MONEY,41659,41665,doc_014,Policies Affecting Carbon Emissions
0.3375,CARDINAL,41718,41724,doc_014,Policies Affecting Carbon Emissions
0.3300,CARDINAL,41738,41744,doc_014,Policies Affecting Carbon Emissions
0.0972,MONEY,41775,41781,doc_014,Policies Affecting Carbon Emissions
0.0861 0.0858,EVENT,41884,41897,doc_014,Policies Affecting Carbon Emissions
2875 2875,DATE,41932,41941,doc_014,Policies Affecting Carbon Emissions
0.842 0.841 0.842,MONEY,42003,42020,doc_014,Policies Affecting Carbon Emissions
0.971 0.971,CARDINAL,42062,42073,doc_014,Policies Affecting Carbon Emissions
2010 dollars,MONEY,42463,42475,doc_014,Policies Affecting Carbon Emissions
1500.model,CARDINAL,42485,42495,doc_014,Policies Affecting Carbon Emissions
1 April 20 20,DATE,42724,42737,doc_014,Policies Affecting Carbon Emissions
1 April 2020,DATE,42914,42926,doc_014,Policies Affecting Carbon Emissions
ScienceDirect,ORG,28,41,doc_015,Power - X - Energy Policy
Germany,GPE,68,75,doc_015,Power - X - Energy Policy
"Ali Ebadi Torkayesha,∗,Sandra Venghausa",PERSON,126,165,doc_015,Power - X - Energy Policy
"Socio-economic Assessment, School of Business and Economics",ORG,191,250,doc_015,Power - X - Energy Policy
RWTH Aachen University,ORG,252,274,doc_015,Power - X - Energy Policy
Aachen,GPE,282,288,doc_015,Power - X - Energy Policy
bInstitute of Energy and Climate Research - Systems Analysis and Technology Evaluation,ORG,298,384,doc_015,Power - X - Energy Policy
IEK,ORG,386,389,doc_015,Power - X - Energy Policy
Forschungszentrum Jülich,PERSON,396,420,doc_015,Power - X - Energy Policy
Wilhelm-Johnen-Straße,PERSON,422,443,doc_015,Power - X - Energy Policy
European Union,ORG,607,625,doc_015,Power - X - Energy Policy
65%,PERCENT,696,699,doc_015,Power - X - Energy Policy
2030,DATE,703,707,doc_015,Power - X - Energy Policy
2045,DATE,744,748,doc_015,Power - X - Energy Policy
German,NORP,1513,1519,doc_015,Power - X - Energy Policy
the 2010s and,DATE,1579,1592,doc_015,Power - X - Energy Policy
the National Hydrogen Strategy,ORG,1783,1813,doc_015,Power - X - Energy Policy
"5,6",CARDINAL,2299,2302,doc_015,Power - X - Energy Policy
2020,DATE,2552,2556,doc_015,Power - X - Energy Policy
2021,DATE,2591,2595,doc_015,Power - X - Energy Policy
55%,PERCENT,2654,2657,doc_015,Power - X - Energy Policy
2050,DATE,2714,2718,doc_015,Power - X - Energy Policy
European,NORP,2766,2774,doc_015,Power - X - Energy Policy
Agency,ORG,2789,2795,doc_015,Power - X - Energy Policy
EU-27,PRODUCT,2857,2862,doc_015,Power - X - Energy Policy
approximately 4.65 million kt,QUANTITY,2868,2897,doc_015,Power - X - Energy Policy
1990,DATE,2917,2921,doc_015,Power - X - Energy Policy
almost 3.24 million,CARDINAL,2925,2944,doc_015,Power - X - Energy Policy
the last three decades,DATE,3232,3254,doc_015,Power - X - Energy Policy
672.476 million tons,QUANTITY,3294,3314,doc_015,Power - X - Energy Policy
16.3%,PERCENT,3354,3359,doc_015,Power - X - Energy Policy
A.E. Torkayesh,PERSON,3440,3454,doc_015,Power - X - Energy Policy
over one-fifth,CARDINAL,3472,3486,doc_015,Power - X - Energy Policy
"54,632",CARDINAL,3654,3660,doc_015,Power - X - Energy Policy
"109,723 kt",QUANTITY,3664,3674,doc_015,Power - X - Energy Policy
100%,PERCENT,3697,3701,doc_015,Power - X - Energy Policy
"102,176",CARDINAL,3768,3775,doc_015,Power - X - Energy Policy
27.86%,PERCENT,3809,3815,doc_015,Power - X - Energy Policy
163 million tons,QUANTITY,4195,4211,doc_015,Power - X - Energy Policy
148 million tons,QUANTITY,4239,4255,doc_015,Power - X - Energy Policy
2022,DATE,4276,4280,doc_015,Power - X - Energy Policy
roughly one-fifth,CARDINAL,4297,4314,doc_015,Power - X - Energy Policy
the Climate Action Plan,LAW,4595,4618,doc_015,Power - X - Energy Policy
18 June 2024,DATE,4902,4914,doc_015,Power - X - Energy Policy
November 2024,DATE,4944,4957,doc_015,Power - X - Energy Policy
November,DATE,4971,4979,doc_015,Power - X - Energy Policy
2024,DATE,4996,5000,doc_015,Power - X - Energy Policy
December 2024,DATE,5029,5042,doc_015,Power - X - Energy Policy
S. Venghaus,PERSON,5200,5211,doc_015,Power - X - Energy Policy
Power-to-X,PERSON,6199,6202,doc_015,Power - X - Energy Policy
19-21,CARDINAL,6399,6404,doc_015,Power - X - Energy Policy
Chehade et al,PERSON,6808,6821,doc_015,Power - X - Energy Policy
Europe,LOC,6999,7005,doc_015,Power - X - Energy Policy
North America,LOC,7013,7026,doc_015,Power - X - Energy Policy
Asia,LOC,7034,7038,doc_015,Power - X - Energy Policy
five,CARDINAL,7040,7044,doc_015,Power - X - Energy Policy
Oceania,GPE,7048,7055,doc_015,Power - X - Energy Policy
two,CARDINAL,7061,7064,doc_015,Power - X - Energy Policy
South America,LOC,7068,7081,doc_015,Power - X - Energy Policy
59%,PERCENT,7160,7163,doc_015,Power - X - Energy Policy
2003,DATE,7454,7458,doc_015,Power - X - Energy Policy
one,CARDINAL,7463,7466,doc_015,Power - X - Energy Policy
first,ORDINAL,7474,7479,doc_015,Power - X - Energy Policy
United Kingdom,GPE,7629,7647,doc_015,Power - X - Energy Policy
Italy,GPE,7654,7659,doc_015,Power - X - Energy Policy
South Korea,GPE,7666,7677,doc_015,Power - X - Energy Policy
"28,29",CARDINAL,7697,7702,doc_015,Power - X - Energy Policy
"19,30,31",CARDINAL,7855,7863,doc_015,Power - X - Energy Policy
PtG,ORG,7880,7883,doc_015,Power - X - Energy Policy
"36,37",CARDINAL,7948,7953,doc_015,Power - X - Energy Policy
38-41,CARDINAL,8170,8175,doc_015,Power - X - Energy Policy
"19,20",CARDINAL,9157,9162,doc_015,Power - X - Energy Policy
PtX fuels;(II,PERSON,9736,9749,doc_015,Power - X - Energy Policy
"20,45,51,52",CARDINAL,12261,12272,doc_015,Power - X - Energy Policy
Table 1summarizes,PRODUCT,12598,12615,doc_015,Power - X - Energy Policy
Fig,PERSON,12764,12767,doc_015,Power - X - Energy Policy
2.1,CARDINAL,12838,12841,doc_015,Power - X - Energy Policy
the Council of the EU,ORG,13414,13435,doc_015,Power - X - Energy Policy
theEnergy 313,ORG,13599,13612,doc_015,Power - X - Energy Policy
2024),DATE,13614,13619,doc_015,Power - X - Energy Policy
S. Venghaus Table 1 Relevant,PERSON,13648,13676,doc_015,Power - X - Energy Policy
Fischer-Tropsch,ORG,14070,14085,doc_015,Power - X - Energy Policy
LNG,ORG,14387,14390,doc_015,Power - X - Energy Policy
PBtX Power-Biomass-to-X,ORG,14559,14582,doc_015,Power - X - Energy Policy
PtL PtL,PRODUCT,14725,14732,doc_015,Power - X - Energy Policy
PtG PtG,PERSON,14874,14881,doc_015,Power - X - Energy Policy
Haber-Bosch,ORG,15948,15959,doc_015,Power - X - Energy Policy
Haber-Bosch,PERSON,15969,15980,doc_015,Power - X - Energy Policy
The Haber-Bosch,PERSON,15991,16006,doc_015,Power - X - Energy Policy
electro-methanol,FAC,16469,16485,doc_015,Power - X - Energy Policy
EU Green Deal,ORG,16654,16667,doc_015,Power - X - Energy Policy
EU Council,ORG,17762,17772,doc_015,Power - X - Energy Policy
European Commission,ORG,17965,17988,doc_015,Power - X - Energy Policy
2.2,CARDINAL,18874,18877,doc_015,Power - X - Energy Policy
Section 1are,LAW,19842,19854,doc_015,Power - X - Energy Policy
2024) 134020,DATE,20012,20024,doc_015,Power - X - Energy Policy
S. Venghaus Fig,PERSON,20046,20061,doc_015,Power - X - Energy Policy
1.A flowchart,PERSON,20063,20076,doc_015,Power - X - Energy Policy
Terminology Resources &,ORG,20163,20186,doc_015,Power - X - Energy Policy
1provides,CARDINAL,21809,21818,doc_015,Power - X - Energy Policy
3.1,CARDINAL,21966,21969,doc_015,Power - X - Energy Policy
the European Hydrogen Observatory,ORG,22347,22380,doc_015,Power - X - Energy Policy
EHO,ORG,22382,22385,doc_015,Power - X - Energy Policy
S. Venghaus Table,PERSON,22968,22985,doc_015,Power - X - Energy Policy
Identified EU,ORG,22988,23001,doc_015,Power - X - Energy Policy
EU Emission Trading System,ORG,23096,23122,doc_015,Power - X - Energy Policy
Energy Taxation Directive (,ORG,23130,23157,doc_015,Power - X - Energy Policy
ETD,ORG,23157,23160,doc_015,Power - X - Energy Policy
Energy Efficiency Directive,ORG,23163,23190,doc_015,Power - X - Energy Policy
EED,ORG,23192,23195,doc_015,Power - X - Energy Policy
Carbon Border Adjustment,PERSON,23231,23255,doc_015,Power - X - Energy Policy
REPowerEUEU Hydrogen Strategy,ORG,23350,23379,doc_015,Power - X - Energy Policy
Hydrogen Bank,ORG,23381,23394,doc_015,Power - X - Energy Policy
Infrastructure Social Climate Fund,ORG,23535,23569,doc_015,Power - X - Energy Policy
Smart Mobility Strategy,ORG,23592,23615,doc_015,Power - X - Energy Policy
CAP,ORG,23652,23655,doc_015,Power - X - Energy Policy
LULUCFAlternative Fuels,PERSON,23658,23682,doc_015,Power - X - Energy Policy
the early 2010s,DATE,23717,23732,doc_015,Power - X - Energy Policy
2014,DATE,23815,23819,doc_015,Power - X - Energy Policy
2018,DATE,24510,24514,doc_015,Power - X - Energy Policy
the RED II,LAW,24516,24526,doc_015,Power - X - Energy Policy
20%,PERCENT,24642,24645,doc_015,Power - X - Energy Policy
32%,PERCENT,24670,24673,doc_015,Power - X - Energy Policy
42.5%,PERCENT,25047,25052,doc_015,Power - X - Energy Policy
RED III,LOC,25093,25100,doc_015,Power - X - Energy Policy
29%,PERCENT,25113,25116,doc_015,Power - X - Energy Policy
at least a,CARDINAL,25236,25246,doc_015,Power - X - Energy Policy
the RED III,LOC,25304,25315,doc_015,Power - X - Energy Policy
the ReFuelEU Aviation,ORG,25356,25377,doc_015,Power - X - Energy Policy
"59,60",CARDINAL,25399,25404,doc_015,Power - X - Energy Policy
28%,PERCENT,25562,25565,doc_015,Power - X - Energy Policy
five tons,QUANTITY,26563,26572,doc_015,Power - X - Energy Policy
zero,CARDINAL,26967,26971,doc_015,Power - X - Energy Policy
ten-year,DATE,26998,27006,doc_015,Power - X - Energy Policy
Carbon Border Adjustment Mechanism,LAW,27185,27189,doc_015,Power - X - Energy Policy
Emissions Trading System,LAW,27253,27256,doc_015,Power - X - Energy Policy
EU Hydrogen Strategy,ORG,27732,27752,doc_015,Power - X - Energy Policy
EU Green,ORG,27875,27883,doc_015,Power - X - Energy Policy
four,CARDINAL,27947,27951,doc_015,Power - X - Energy Policy
10 million tons,QUANTITY,28296,28311,doc_015,Power - X - Energy Policy
"19,61",CARDINAL,28353,28358,doc_015,Power - X - Energy Policy
Austria,GPE,28976,28983,doc_015,Power - X - Energy Policy
Belgium,GPE,28985,28992,doc_015,Power - X - Energy Policy
Bulgaria,GPE,28994,29002,doc_015,Power - X - Energy Policy
the Czech Republic,GPE,29015,29033,doc_015,Power - X - Energy Policy
Denmark,GPE,29035,29042,doc_015,Power - X - Energy Policy
Estonia,GPE,29044,29051,doc_015,Power - X - Energy Policy
Finland,GPE,29053,29060,doc_015,Power - X - Energy Policy
France,GPE,29062,29068,doc_015,Power - X - Energy Policy
Hungary,GPE,29079,29086,doc_015,Power - X - Energy Policy
Ireland,GPE,29088,29095,doc_015,Power - X - Energy Policy
Lithuania,GPE,29097,29106,doc_015,Power - X - Energy Policy
Luxembourg,GPE,29108,29118,doc_015,Power - X - Energy Policy
Netherlands,GPE,29124,29135,doc_015,Power - X - Energy Policy
Norway,GPE,29137,29143,doc_015,Power - X - Energy Policy
Poland,GPE,29145,29151,doc_015,Power - X - Energy Policy
Portugal,GPE,29153,29161,doc_015,Power - X - Energy Policy
Slovakia,GPE,29163,29171,doc_015,Power - X - Energy Policy
Spain,GPE,29173,29178,doc_015,Power - X - Energy Policy
Cyprus,GPE,29254,29260,doc_015,Power - X - Energy Policy
Greece,GPE,29262,29268,doc_015,Power - X - Energy Policy
Iceland,GPE,29270,29277,doc_015,Power - X - Energy Policy
Latvia,GPE,29279,29285,doc_015,Power - X - Energy Policy
Switzerland,GPE,29288,29299,doc_015,Power - X - Energy Policy
December 2022,DATE,29365,29378,doc_015,Power - X - Energy Policy
the Innovation Fund,ORG,29578,29597,doc_015,Power - X - Energy Policy
the Innovation Fund,LAW,29650,29669,doc_015,Power - X - Energy Policy
The European Clean Hydrogen Alliance,ORG,29788,29824,doc_015,Power - X - Energy Policy
Sixteen,CARDINAL,29891,29898,doc_015,Power - X - Energy Policy
5.6 million tons,QUANTITY,30036,30052,doc_015,Power - X - Energy Policy
over 30%,PERCENT,30449,30457,doc_015,Power - X - Energy Policy
the Hydrogen Bank,ORG,30595,30612,doc_015,Power - X - Energy Policy
Policy Targets & Support Schemes References RED III - A,ORG,30808,30863,doc_015,Power - X - Energy Policy
An additional 2.5%,PERCENT,30932,30950,doc_015,Power - X - Energy Policy
5.5%,PERCENT,31064,31068,doc_015,Power - X - Energy Policy
1.2%,PERCENT,31195,31199,doc_015,Power - X - Energy Policy
42%,PERCENT,31351,31354,doc_015,Power - X - Energy Policy
Sustainable Aviation Fuel,PRODUCT,31757,31760,doc_015,Power - X - Energy Policy
2025,DATE,31784,31788,doc_015,Power - X - Energy Policy
2035,DATE,31809,31813,doc_015,Power - X - Energy Policy
34%,PERCENT,31815,31818,doc_015,Power - X - Energy Policy
2040,DATE,31822,31826,doc_015,Power - X - Energy Policy
70%,PERCENT,31845,31848,doc_015,Power - X - Energy Policy
10%,PERCENT,31935,31938,doc_015,Power - X - Energy Policy
15%,PERCENT,31948,31951,doc_015,Power - X - Energy Policy
35%,PERCENT,31965,31968,doc_015,Power - X - Energy Policy
Maritime - Ensuring,ORG,32064,32083,doc_015,Power - X - Energy Policy
6%-9%,PERCENT,32103,32108,doc_015,Power - X - Energy Policy
86%-88%,PERCENT,32121,32128,doc_015,Power - X - Energy Policy
2034,DATE,32240,32244,doc_015,Power - X - Energy Policy
less than 1%,PERCENT,32270,32282,doc_015,Power - X - Energy Policy
2031,DATE,32286,32290,doc_015,Power - X - Energy Policy
EU Hydrogen Strategy - Developing,ORG,32358,32391,doc_015,Power - X - Energy Policy
the RED III,ORG,32740,32751,doc_015,Power - X - Energy Policy
the European Network of Network Operators,ORG,34262,34303,doc_015,Power - X - Energy Policy
net-zero,CARDINAL,34478,34486,doc_015,Power - X - Energy Policy
2024 to 2026,DATE,35362,35374,doc_015,Power - X - Energy Policy
SCF.[65,ORG,35544,35551,doc_015,Power - X - Energy Policy
Bank,ORG,35613,35617,doc_015,Power - X - Energy Policy
LULUCF-,PERSON,36134,36141,doc_015,Power - X - Energy Policy
the Net-Zero Industry Act,ORG,36355,36380,doc_015,Power - X - Energy Policy
3.2,CARDINAL,36625,36628,doc_015,Power - X - Energy Policy
the early 2000s,DATE,36855,36870,doc_015,Power - X - Energy Policy
Fuels,PERSON,37056,37061,doc_015,Power - X - Energy Policy
MFS,ORG,37074,37077,doc_015,Power - X - Energy Policy
2013,DATE,37082,37086,doc_015,Power - X - Energy Policy
SNG,ORG,37171,37174,doc_015,Power - X - Energy Policy
the Federal Ministry of Transport,ORG,37361,37394,doc_015,Power - X - Energy Policy
Digital Infrastructure,ORG,37399,37421,doc_015,Power - X - Energy Policy
the 2030 Federal Transport Infrastructure Plan,ORG,37431,37477,doc_015,Power - X - Energy Policy
2016,DATE,37488,37492,doc_015,Power - X - Energy Policy
FTIP,ORG,37666,37670,doc_015,Power - X - Energy Policy
GHG Reduction Quota,ORG,38087,38106,doc_015,Power - X - Energy Policy
2015,DATE,38142,38146,doc_015,Power - X - Energy Policy
the Biofuel Quota,ORG,38163,38180,doc_015,Power - X - Energy Policy
the Federal Immission Control Act,ORG,38336,38369,doc_015,Power - X - Energy Policy
37th,ORDINAL,38739,38743,doc_015,Power - X - Energy Policy
GHG Reduction,ORG,38939,38952,doc_015,Power - X - Energy Policy
the National Platform for Electromobility,LAW,39367,39408,doc_015,Power - X - Energy Policy
NPE,ORG,39410,39413,doc_015,Power - X - Energy Policy
the National Platform for Future Mobility,ORG,39420,39461,doc_015,Power - X - Energy Policy
NPM,ORG,39569,39572,doc_015,Power - X - Energy Policy
21%,PERCENT,39936,39939,doc_015,Power - X - Energy Policy
the EU Hydrogen Strategy,ORG,40299,40323,doc_015,Power - X - Energy Policy
Roadmap,PERSON,40429,40436,doc_015,Power - X - Energy Policy
three,CARDINAL,40564,40569,doc_015,Power - X - Energy Policy
annually,DATE,41192,41200,doc_015,Power - X - Energy Policy
"100,000 tons",QUANTITY,41211,41223,doc_015,Power - X - Energy Policy
2028,DATE,41227,41231,doc_015,Power - X - Energy Policy
annual,DATE,41424,41430,doc_015,Power - X - Energy Policy
an additional 10,CARDINAL,41469,41485,doc_015,Power - X - Energy Policy
"250,000 tons",QUANTITY,41512,41524,doc_015,Power - X - Energy Policy
The Climate Action Plan,LAW,41540,41563,doc_015,Power - X - Energy Policy
55% to 65%,PERCENT,42104,42114,doc_015,Power - X - Energy Policy
Federal Ministry for Economic Affairs,ORG,42556,42593,doc_015,Power - X - Energy Policy
Climate Action,ORG,42598,42612,doc_015,Power - X - Energy Policy
BMWK,ORG,42625,42629,doc_015,Power - X - Energy Policy
Federal Government,ORG,43060,43078,doc_015,Power - X - Energy Policy
2023,DATE,43610,43614,doc_015,Power - X - Energy Policy
at least 10,CARDINAL,43685,43696,doc_015,Power - X - Energy Policy
"200,000 tons",QUANTITY,44060,44072,doc_015,Power - X - Energy Policy
Power-to-Liquid,PRODUCT,44076,44079,doc_015,Power - X - Energy Policy
"50,000 tons",QUANTITY,44156,44167,doc_015,Power - X - Energy Policy
2026,DATE,44178,44182,doc_015,Power - X - Energy Policy
3.3,CARDINAL,44395,44398,doc_015,Power - X - Energy Policy
5present,CARDINAL,44787,44795,doc_015,Power - X - Energy Policy
TheEnergy 313,ORG,45521,45534,doc_015,Power - X - Energy Policy
S. Venghaus Table 5 Summary,PERSON,45570,45597,doc_015,Power - X - Energy Policy
Policy Targets & Support Schemes References,ORG,45645,45688,doc_015,Power - X - Energy Policy
National Hydrogen,ORG,45861,45878,doc_015,Power - X - Energy Policy
the National Innovation Programme for Hydrogen,ORG,46752,46798,doc_015,Power - X - Energy Policy
the Energy and Climate Fund,ORG,46835,46862,doc_015,Power - X - Energy Policy
ECF,ORG,46941,46944,doc_015,Power - X - Energy Policy
The Hydrogen Global,WORK_OF_ART,47867,47886,doc_015,Power - X - Energy Policy
GHG Reduction Quota - Defining,ORG,48142,48172,doc_015,Power - X - Energy Policy
Energy Tax Act,ORG,48403,48417,doc_015,Power - X - Energy Policy
25%,PERCENT,48656,48659,doc_015,Power - X - Energy Policy
2.6%,PERCENT,48796,48800,doc_015,Power - X - Energy Policy
2030.[73,CARDINAL,48804,48812,doc_015,Power - X - Energy Policy
PtL Roadmap - Defining,PERSON,48814,48836,doc_015,Power - X - Energy Policy
"50,000",CARDINAL,49780,49786,doc_015,Power - X - Energy Policy
"200,000 PtL tons",QUANTITY,49809,49825,doc_015,Power - X - Energy Policy
The Federal Ministry for Economic Affairs,ORG,50347,50388,doc_015,Power - X - Energy Policy
million,CARDINAL,50423,50430,doc_015,Power - X - Energy Policy
PtG,PERSON,50601,50604,doc_015,Power - X - Energy Policy
"264, 3166",DATE,50843,50852,doc_015,Power - X - Energy Policy
2(a,CARDINAL,51856,51859,doc_015,Power - X - Energy Policy
Energy 313,ORG,52004,52014,doc_015,Power - X - Energy Policy
2(b)illustrates,CARDINAL,53691,53706,doc_015,Power - X - Energy Policy
thebroader,CARDINAL,53961,53971,doc_015,Power - X - Energy Policy
RED II,EVENT,54417,54423,doc_015,Power - X - Energy Policy
2(c,CARDINAL,55641,55644,doc_015,Power - X - Energy Policy
2(b,CARDINAL,55662,55665,doc_015,Power - X - Energy Policy
2(d)dis-,CARDINAL,57034,57042,doc_015,Power - X - Energy Policy
First,ORDINAL,57716,57721,doc_015,Power - X - Energy Policy
3(c)extends,CARDINAL,58667,58678,doc_015,Power - X - Energy Policy
six,CARDINAL,59858,59861,doc_015,Power - X - Energy Policy
RED III,ORG,59914,59921,doc_015,Power - X - Energy Policy
EU H2 Strategy,ORG,60019,60033,doc_015,Power - X - Energy Policy
SSMS,GPE,60111,60115,doc_015,Power - X - Energy Policy
second,ORDINAL,60413,60419,doc_015,Power - X - Energy Policy
only two,CARDINAL,60664,60672,doc_015,Power - X - Energy Policy
PtL Roadmap,PERSON,60686,60697,doc_015,Power - X - Energy Policy
EEG,ORG,61193,61196,doc_015,Power - X - Energy Policy
NZIA,ORG,61436,61440,doc_015,Power - X - Energy Policy
SCF,ORG,61465,61468,doc_015,Power - X - Energy Policy
EU CAP,ORG,62667,62673,doc_015,Power - X - Energy Policy
ESR,ORG,62814,62817,doc_015,Power - X - Energy Policy
4.1,CARDINAL,63522,63525,doc_015,Power - X - Energy Policy
Forschungsvereinigung,PERSON,63722,63743,doc_015,Power - X - Energy Policy
Engines,ORG,63827,63834,doc_015,Power - X - Energy Policy
Deutsche Energie-Agentur (DENA,ORG,63842,63872,doc_015,Power - X - Energy Policy
German Energy Agency,ORG,63875,63895,doc_015,Power - X - Energy Policy
Fraunhofer Institute,ORG,63903,63923,doc_015,Power - X - Energy Policy
Solar Energy Systems,ORG,63928,63948,doc_015,Power - X - Energy Policy
Fraun-,PERSON,63950,63956,doc_015,Power - X - Energy Policy
The International PtX Hub,EVENT,64053,64078,doc_015,Power - X - Energy Policy
the German Development Cooperation,ORG,64157,64191,doc_015,Power - X - Energy Policy
Deutsche Gesellschaft,ORG,64193,64214,doc_015,Power - X - Energy Policy
Zusammenarbeit,GPE,64236,64250,doc_015,Power - X - Energy Policy
GIZ,ORG,64252,64255,doc_015,Power - X - Energy Policy
3.PtX,CARDINAL,64354,64359,doc_015,Power - X - Energy Policy
the International Climate Initiative (Internationale Klimaschutzinitiative,ORG,64434,64508,doc_015,Power - X - Energy Policy
The International PtX Hub,ORG,64557,64582,doc_015,Power - X - Energy Policy
the PtX Lab Lausitz,LAW,64762,64781,doc_015,Power - X - Energy Policy
Zukunft - Umwelt - Gesellschaft,ORG,64861,64892,doc_015,Power - X - Energy Policy
The PtX Lab Lausitz,LAW,64911,64930,doc_015,Power - X - Energy Policy
TPP,ORG,65039,65042,doc_015,Power - X - Energy Policy
the Federal Ministry,ORG,65084,65104,doc_015,Power - X - Energy Policy
Digital,ORG,65109,65116,doc_015,Power - X - Energy Policy
BMDV,ORG,65132,65136,doc_015,Power - X - Energy Policy
the German Aerospace Center,ORG,65188,65215,doc_015,Power - X - Energy Policy
VDI,ORG,65236,65239,doc_015,Power - X - Energy Policy
North Rhine-Westphalia,GPE,65674,65696,doc_015,Power - X - Energy Policy
Lower Saxony,GPE,65698,65710,doc_015,Power - X - Energy Policy
Schleswig-Holstein,PERSON,65716,65734,doc_015,Power - X - Energy Policy
Saxony-Anhalt,ORG,65826,65839,doc_015,Power - X - Energy Policy
Mecklenburg-Vorpommern,PERSON,65841,65863,doc_015,Power - X - Energy Policy
Brandenburg,GPE,65865,65876,doc_015,Power - X - Energy Policy
4(a,CARDINAL,65930,65933,doc_015,Power - X - Energy Policy
Mt (Fig,ORG,66843,66850,doc_015,Power - X - Energy Policy
4(b,CARDINAL,66852,66855,doc_015,Power - X - Energy Policy
Saxony,GPE,67094,67100,doc_015,Power - X - Energy Policy
Thuringia,GPE,67102,67111,doc_015,Power - X - Energy Policy
Bavaria,GPE,67117,67124,doc_015,Power - X - Energy Policy
4(d,CARDINAL,67216,67219,doc_015,Power - X - Energy Policy
recent years,DATE,67412,67424,doc_015,Power - X - Energy Policy
Baden-Württemberg,GPE,67554,67571,doc_015,Power - X - Energy Policy
eight,CARDINAL,67583,67588,doc_015,Power - X - Energy Policy
kerosene,PERSON,67916,67924,doc_015,Power - X - Energy Policy
eFuels Kraftstoffe,PERSON,67999,68017,doc_015,Power - X - Energy Policy
Ineratec,NORP,68030,68038,doc_015,Power - X - Energy Policy
Projekt,ORG,68060,68067,doc_015,Power - X - Energy Policy
OMV Burghausen,ORG,68069,68083,doc_015,Power - X - Energy Policy
HyEast,ORG,68102,68108,doc_015,Power - X - Energy Policy
Jangada,PERSON,68122,68129,doc_015,Power - X - Energy Policy
Concrete Chemicals,ORG,68131,68149,doc_015,Power - X - Energy Policy
Klima,PERSON,68196,68201,doc_015,Power - X - Energy Policy
Luftverkehr,GPE,68219,68230,doc_015,Power - X - Energy Policy
GG2L,ORG,68256,68260,doc_015,Power - X - Energy Policy
Solarbelt,ORG,68262,68271,doc_015,Power - X - Energy Policy
PtL Shell,PERSON,68273,68282,doc_015,Power - X - Energy Policy
DAWN,ORG,68284,68288,doc_015,Power - X - Energy Policy
Wasserstoff,ORG,68314,68325,doc_015,Power - X - Energy Policy
Energien,ORG,68344,68352,doc_015,Power - X - Energy Policy
EDL Anlagenbau GmbH,PERSON,68354,68373,doc_015,Power - X - Energy Policy
TU Bergakademie Freiberg,PERSON,68375,68399,doc_015,Power - X - Energy Policy
Green Fuels Lausitz,PERSON,68405,68424,doc_015,Power - X - Energy Policy
EWiK,PERSON,68426,68430,doc_015,Power - X - Energy Policy
Hy2Lausitz,PERSON,68432,68442,doc_015,Power - X - Energy Policy
Technologie-Plattform,ORG,68444,68465,doc_015,Power - X - Energy Policy
4.An,CARDINAL,68638,68642,doc_015,Power - X - Energy Policy
4.2,CARDINAL,68688,68691,doc_015,Power - X - Energy Policy
5illustrates,CARDINAL,69135,69147,doc_015,Power - X - Energy Policy
Bremen,GPE,69368,69374,doc_015,Power - X - Energy Policy
Hessen,GPE,69385,69391,doc_015,Power - X - Energy Policy
Saarland,GPE,69417,69425,doc_015,Power - X - Energy Policy
Thuringia,ORG,69450,69459,doc_015,Power - X - Energy Policy
Rhineland-Palatinate,ORG,69810,69830,doc_015,Power - X - Energy Policy
5.Hydrogen,CARDINAL,69905,69915,doc_015,Power - X - Energy Policy
May 2019,DATE,70186,70194,doc_015,Power - X - Energy Policy
Mecklenburg-Western Pomerania,PERSON,70333,70362,doc_015,Power - X - Energy Policy
Lower Saxony,FAC,70364,70376,doc_015,Power - X - Energy Policy
November 2019,DATE,70405,70418,doc_015,Power - X - Energy Policy
December 2021,DATE,70668,70681,doc_015,Power - X - Energy Policy
50%-70%,GPE,70888,70895,doc_015,Power - X - Energy Policy
July 2024,DATE,71471,71480,doc_015,Power - X - Energy Policy
Carbon Contracts for Difference,ORG,73098,73129,doc_015,Power - X - Energy Policy
Federal Funding,ORG,73131,73146,doc_015,Power - X - Energy Policy
Industry and Climate Action,ORG,73151,73178,doc_015,Power - X - Energy Policy
Innovation Fund,ORG,73214,73229,doc_015,Power - X - Energy Policy
Hydrogen Acceleration Act,LAW,73405,73430,doc_015,Power - X - Energy Policy
LNG Acceleration Act,ORG,73504,73524,doc_015,Power - X - Energy Policy
National Port Strategy,ORG,73526,73548,doc_015,Power - X - Energy Policy
the National Action Plan,LAW,73554,73578,doc_015,Power - X - Energy Policy
EU Gas,ORG,73661,73667,doc_015,Power - X - Energy Policy
Hydrogen Internal Market Package,ORG,73672,73704,doc_015,Power - X - Energy Policy
NHS,ORG,73751,73754,doc_015,Power - X - Energy Policy
"91,92",CARDINAL,73869,73874,doc_015,Power - X - Energy Policy
EIB Green Hydrogen Fund,ORG,73968,73991,doc_015,Power - X - Energy Policy
PtX Development Fund,ORG,74049,74069,doc_015,Power - X - Energy Policy
EFTA,ORG,74165,74169,doc_015,Power - X - Energy Policy
International,ORG,74284,74297,doc_015,Power - X - Energy Policy
Hydrogen Technology,ORG,74441,74460,doc_015,Power - X - Energy Policy
Innovation Roadmap,PERSON,74465,74483,doc_015,Power - X - Energy Policy
the German Federal Ministry for Economic Coop-,ORG,74502,74548,doc_015,Power - X - Energy Policy
the PtX Development Fund,ORG,74585,74609,doc_015,Power - X - Energy Policy
ofe270 million,CARDINAL,74632,74646,doc_015,Power - X - Energy Policy
Brazil,GPE,74922,74928,doc_015,Power - X - Energy Policy
Egypt,GPE,74930,74935,doc_015,Power - X - Energy Policy
Georgia,GPE,74937,74944,doc_015,Power - X - Energy Policy
India,GPE,74946,74951,doc_015,Power - X - Energy Policy
Kenya,GPE,74953,74958,doc_015,Power - X - Energy Policy
Morocco,GPE,74960,74967,doc_015,Power - X - Energy Policy
South Africa,GPE,74973,74985,doc_015,Power - X - Energy Policy
Australia,GPE,75692,75701,doc_015,Power - X - Energy Policy
Chile,GPE,75703,75708,doc_015,Power - X - Energy Policy
Canada,GPE,75710,75716,doc_015,Power - X - Energy Policy
Namibia,GPE,75727,75734,doc_015,Power - X - Energy Policy
Saudi Arabia,GPE,75740,75752,doc_015,Power - X - Energy Policy
Russia,GPE,76030,76036,doc_015,Power - X - Energy Policy
Russian,NORP,76097,76104,doc_015,Power - X - Energy Policy
2045,CARDINAL,76275,76279,doc_015,Power - X - Energy Policy
Japan,GPE,76292,76297,doc_015,Power - X - Energy Policy
the United Arab,GPE,76322,76337,doc_015,Power - X - Energy Policy
Oman,GPE,76350,76354,doc_015,Power - X - Energy Policy
Qatar,GPE,76360,76365,doc_015,Power - X - Energy Policy
Four,CARDINAL,76514,76518,doc_015,Power - X - Energy Policy
the Canada-Germany Energy Partnership,ORG,76647,76684,doc_015,Power - X - Energy Policy
the North Sea Energy Island,LOC,77036,77063,doc_015,Power - X - Energy Policy
the North Sea,LOC,77132,77145,doc_015,Power - X - Energy Policy
up to 10,CARDINAL,77193,77201,doc_015,Power - X - Energy Policy
e660 million,CARDINAL,77677,77689,doc_015,Power - X - Energy Policy
Hank et al,PERSON,77890,77900,doc_015,Power - X - Energy Policy
Geographic Information System,ORG,78016,78045,doc_015,Power - X - Energy Policy
Ukraine,GPE,78196,78203,doc_015,Power - X - Energy Policy
Colombia,GPE,78205,78213,doc_015,Power - X - Energy Policy
Tunisia,GPE,78231,78238,doc_015,Power - X - Energy Policy
Algeria,GPE,78240,78247,doc_015,Power - X - Energy Policy
Mexico,GPE,78258,78264,doc_015,Power - X - Energy Policy
EUR,ORG,78790,78793,doc_015,Power - X - Energy Policy
the year 2030,DATE,78802,78815,doc_015,Power - X - Energy Policy
up to 4,CARDINAL,78848,78855,doc_015,Power - X - Energy Policy
andEnergy 313,ORG,79157,79170,doc_015,Power - X - Energy Policy
7.Overview,CARDINAL,79223,79233,doc_015,Power - X - Energy Policy
4.3,CARDINAL,79847,79850,doc_015,Power - X - Energy Policy
European PtX,ORG,79852,79864,doc_015,Power - X - Energy Policy
one million tons,QUANTITY,80221,80237,doc_015,Power - X - Energy Policy
the European Federation for Transport and Environment,ORG,80335,80388,doc_015,Power - X - Energy Policy
7(a)shows,CARDINAL,80588,80597,doc_015,Power - X - Energy Policy
"420,000 tons",QUANTITY,80658,80670,doc_015,Power - X - Energy Policy
Two,CARDINAL,80744,80747,doc_015,Power - X - Energy Policy
Nordic Electrofuel,PERSON,80759,80777,doc_015,Power - X - Energy Policy
Norsk,PERSON,80782,80787,doc_015,Power - X - Energy Policy
"approximately 300,000 tons",QUANTITY,81265,81291,doc_015,Power - X - Energy Policy
"around 300,000 tons",QUANTITY,81365,81384,doc_015,Power - X - Energy Policy
Sweden,GPE,81544,81550,doc_015,Power - X - Energy Policy
at least 0.5%,PERCENT,81718,81731,doc_015,Power - X - Energy Policy
80%,PERCENT,82047,82050,doc_015,Power - X - Energy Policy
1.06 million,CARDINAL,82212,82224,doc_015,Power - X - Energy Policy
1.9 million tons,QUANTITY,82326,82342,doc_015,Power - X - Energy Policy
94].Fig,DATE,82403,82410,doc_015,Power - X - Energy Policy
3.61 million tons,QUANTITY,82601,82618,doc_015,Power - X - Energy Policy
Kokkola Renewable Ammonia,ORG,82804,82829,doc_015,Power - X - Energy Policy
"780,000 tons",QUANTITY,82850,82862,doc_015,Power - X - Energy Policy
"357,000 tons",QUANTITY,82933,82945,doc_015,Power - X - Energy Policy
"178,000 tons",QUANTITY,82991,83003,doc_015,Power - X - Energy Policy
"119,000 tons",QUANTITY,83036,83048,doc_015,Power - X - Energy Policy
"47,000 tons",QUANTITY,83080,83091,doc_015,Power - X - Energy Policy
9750 tons,QUANTITY,83125,83134,doc_015,Power - X - Energy Policy
the 1990s,DATE,83503,83512,doc_015,Power - X - Energy Policy
5.1,CARDINAL,84185,84188,doc_015,Power - X - Energy Policy
PBtX,ORG,86626,86630,doc_015,Power - X - Energy Policy
the Global PtX Atlas,ORG,87158,87178,doc_015,Power - X - Energy Policy
Power-to-X,GPE,87335,87338,doc_015,Power - X - Energy Policy
the 37,DATE,88683,88689,doc_015,Power - X - Energy Policy
6shows,CARDINAL,88980,88986,doc_015,Power - X - Energy Policy
5.2,CARDINAL,90005,90008,doc_015,Power - X - Energy Policy
andEnergy 313,PERSON,90237,90250,doc_015,Power - X - Energy Policy
One,CARDINAL,91590,91593,doc_015,Power - X - Energy Policy
the Water Framework Directive,ORG,91642,91671,doc_015,Power - X - Energy Policy
International Sustainability & Carbon,ORG,94206,94243,doc_015,Power - X - Energy Policy
TÜV SÜD Green Hydrogen,ORG,94262,94284,doc_015,Power - X - Energy Policy
the RED II,EVENT,95454,95464,doc_015,Power - X - Energy Policy
PBtX,PERSON,95502,95506,doc_015,Power - X - Energy Policy
Nordic,NORP,96936,96942,doc_015,Power - X - Energy Policy
Southern European,NORP,97007,97024,doc_015,Power - X - Energy Policy
State,ORG,99114,99119,doc_015,Power - X - Energy Policy
S. Venghaus Finally,PERSON,99287,99306,doc_015,Power - X - Energy Policy
the Trans-European Transport Network,LAW,100124,100160,doc_015,Power - X - Energy Policy
5.3,CARDINAL,100670,100673,doc_015,Power - X - Energy Policy
Limitations &,ORG,100675,100688,doc_015,Power - X - Energy Policy
February 2024,DATE,101470,101483,doc_015,Power - X - Energy Policy
the Industrial Carbon Management Strategy,ORG,101503,101544,doc_015,Power - X - Energy Policy
Northern Germany,GPE,102953,102969,doc_015,Power - X - Energy Policy
S. Venghaus •High,PERSON,107746,107763,doc_015,Power - X - Energy Policy
National Hydrogen Strategy,ORG,107948,107974,doc_015,Power - X - Energy Policy
Ali Ebadi,PERSON,109291,109300,doc_015,Power - X - Energy Policy
Writing - review &,ORG,109312,109330,doc_015,Power - X - Energy Policy
Conceptualization,ORG,109405,109422,doc_015,Power - X - Energy Policy
Sandra Venghaus: Writing - review & editing,PERSON,109424,109467,doc_015,Power - X - Energy Policy
"Validation, Supervision",ORG,109469,109492,doc_015,Power - X - Energy Policy
the Deutsche Forschungsgemeinschaft,ORG,109771,109806,doc_015,Power - X - Energy Policy
DFG,ORG,109808,109811,doc_015,Power - X - Energy Policy
German Research Foundation,ORG,109813,109839,doc_015,Power - X - Energy Policy
The Fuel Science Center’’ - ID,WORK_OF_ART,109917,109947,doc_015,Power - X - Energy Policy
Identified,NORP,110014,110024,doc_015,Power - X - Energy Policy
RED III 1 Hydrogen,PRODUCT,110130,110148,doc_015,Power - X - Energy Policy
1 37,DATE,110277,110281,doc_015,Power - X - Energy Policy
NZIA 1 Hydrogen Bank 1,ORG,110414,110436,doc_015,Power - X - Energy Policy
Location Year Capacity,ORG,110519,110541,doc_015,Power - X - Energy Policy
Plant Name Location,ORG,110554,110573,doc_015,Power - X - Energy Policy
Aqua Ventus Nordsee,PERSON,110600,110619,doc_015,Power - X - Energy Policy
10 000,CARDINAL,110636,110642,doc_015,Power - X - Energy Policy
ErlangenErlangen,ORG,110662,110678,doc_015,Power - X - Energy Policy
Dörentrup,PERSON,110849,110858,doc_015,Power - X - Energy Policy
2019,DATE,110859,110863,doc_015,Power - X - Energy Policy
0.1,CARDINAL,110864,110867,doc_015,Power - X - Energy Policy
2030 1,DATE,110910,110916,doc_015,Power - X - Energy Policy
2018 1,DATE,110941,110947,doc_015,Power - X - Energy Policy
Lubmin,PERSON,110957,110963,doc_015,Power - X - Energy Policy
0.3,CARDINAL,111083,111086,doc_015,Power - X - Energy Policy
CH4,PRODUCT,111087,111090,doc_015,Power - X - Energy Policy
Deutsche Bucht,PERSON,111102,111116,doc_015,Power - X - Energy Policy
Green Energy HubWilhelmshaven,ORG,111172,111201,doc_015,Power - X - Energy Policy
2028 123,DATE,111259,111267,doc_015,Power - X - Energy Policy
Carbon Cycle)Freiberg 2018 - Synthetic,PERSON,111291,111329,doc_015,Power - X - Energy Policy
2027,DATE,111396,111400,doc_015,Power - X - Energy Policy
2Brunsbüttel,CARDINAL,111518,111530,doc_015,Power - X - Energy Policy
Fenne Völklingen,PERSON,111599,111615,doc_015,Power - X - Energy Policy
2017 2,DATE,111654,111660,doc_015,Power - X - Energy Policy
Lingen Green Hydrogen,ORG,111675,111696,doc_015,Power - X - Energy Policy
2017 1,DATE,111756,111762,doc_015,Power - X - Energy Policy
2027,CARDINAL,111799,111803,doc_015,Power - X - Energy Policy
2017,DATE,111826,111830,doc_015,Power - X - Energy Policy
page)Energy 313,ORG,111857,111872,doc_015,Power - X - Energy Policy
HydrOxy Hub WalsumDuisburg,PRODUCT,111943,111969,doc_015,Power - X - Energy Policy
2027 520,DATE,111970,111978,doc_015,Power - X - Energy Policy
2017 0.1,DATE,112024,112032,doc_015,Power - X - Energy Policy
2026,PRODUCT,112108,112112,doc_015,Power - X - Energy Policy
Regensburg,PERSON,112135,112145,doc_015,Power - X - Energy Policy
2nd,CARDINAL,112295,112298,doc_015,Power - X - Energy Policy
Ibbenbüren,ORG,112304,112314,doc_015,Power - X - Energy Policy
Clean Hydrogen Coastline (,ORG,112326,112352,doc_015,Power - X - Energy Policy
Hamburg Green Hydrogen Hub,PERSON,112421,112447,doc_015,Power - X - Energy Policy
Essen 2017 - Synthetic,ORG,112493,112515,doc_015,Power - X - Energy Policy
86.5,CARDINAL,112565,112569,doc_015,Power - X - Energy Policy
2016,PRODUCT,112628,112632,doc_015,Power - X - Energy Policy
1.3 H2 Clean Hydrogen Coastline,PRODUCT,112633,112664,doc_015,Power - X - Energy Policy
ErweiterungAllendorf,ORG,112704,112724,doc_015,Power - X - Energy Policy
1.2,CARDINAL,112736,112739,doc_015,Power - X - Energy Policy
2026 500,DATE,112768,112776,doc_015,Power - X - Energy Policy
Lampold- shausen2016 1 H2 Lingen Green Hydrogen,PERSON,112789,112836,doc_015,Power - X - Energy Policy
Brunsbüttel,PERSON,113035,113046,doc_015,Power - X - Energy Policy
CH4 HPEM2GAS Emden 2016 0.2 - Westküste,PERSON,113059,113098,doc_015,Power - X - Energy Policy
2025,PRODUCT,113116,113120,doc_015,Power - X - Energy Policy
2025 28,DATE,113236,113243,doc_015,Power - X - Energy Policy
methanisierung von BiogasBad Hersfeld,PERSON,113255,113292,doc_015,Power - X - Energy Policy
2016 0.1,CARDINAL,113293,113301,doc_015,Power - X - Energy Policy
CH4 RHYME,PRODUCT,113302,113311,doc_015,Power - X - Energy Policy
Bavaria Burghausen,PERSON,113312,113330,doc_015,Power - X - Energy Policy
2025 20,DATE,113331,113338,doc_015,Power - X - Energy Policy
Referenzkraftwerk Lausitz,ORG,113376,113401,doc_015,Power - X - Energy Policy
RefLau,ORG,113403,113409,doc_015,Power - X - Energy Policy
Phase ISpremberg,PERSON,113411,113427,doc_015,Power - X - Energy Policy
Mainz Mainz,PERSON,113451,113462,doc_015,Power - X - Energy Policy
Wyhlen2025 5 H2,WORK_OF_ART,113493,113508,doc_015,Power - X - Energy Policy
Pirmasens-WinzelnPirmasens 2015,ORG,113521,113552,doc_015,Power - X - Energy Policy
2.5,CARDINAL,113553,113556,doc_015,Power - X - Energy Policy
Ludwigshafen,PERSON,113569,113581,doc_015,Power - X - Energy Policy
H2 Power-to,PRODUCT,113590,113601,doc_015,Power - X - Energy Policy
Reitbrook2015 1.5 H2 HH2E,PERSON,113627,113652,doc_015,Power - X - Energy Policy
Lubmin Lubmin,PERSON,113734,113747,doc_015,Power - X - Energy Policy
2025,CARDINAL,113748,113752,doc_015,Power - X - Energy Policy
Arzberg,PERSON,113917,113924,doc_015,Power - X - Energy Policy
2015 0.1,DATE,113925,113933,doc_015,Power - X - Energy Policy
Bad Lauchstädt,ORG,113952,113966,doc_015,Power - X - Energy Policy
2024 30,DATE,113967,113974,doc_015,Power - X - Energy Policy
Sonneberg,GPE,113986,113995,doc_015,Power - X - Energy Policy
WunsiedelWunsiedel,ORG,114020,114038,doc_015,Power - X - Energy Policy
2024,PRODUCT,114039,114043,doc_015,Power - X - Energy Policy
8.8,CARDINAL,114044,114047,doc_015,Power - X - Energy Policy
CH4 Wasserelektrolyse Windpark,PRODUCT,114097,114127,doc_015,Power - X - Energy Policy
2024 4,DATE,114142,114148,doc_015,Power - X - Energy Policy
2014,PRODUCT,114438,114442,doc_015,Power - X - Energy Policy
CH4,ORG,114451,114454,doc_015,Power - X - Energy Policy
CH4 Bosch SOEC Stuttgart,PRODUCT,114530,114554,doc_015,Power - X - Energy Policy
2024 1 H2 HELMETH,DATE,114555,114572,doc_015,Power - X - Energy Policy
CH4 HyBit Bremen Bremen,PRODUCT,114593,114616,doc_015,Power - X - Energy Policy
Green Motion Steel Duisburg,ORG,114669,114696,doc_015,Power - X - Energy Policy
Leuna,PERSON,114817,114822,doc_015,Power - X - Energy Policy
24 H2 Audi,ORG,114839,114849,doc_015,Power - X - Energy Policy
2013 6,DATE,114863,114869,doc_015,Power - X - Energy Policy
CH4 HY.Waiblingen,PRODUCT,114870,114887,doc_015,Power - X - Energy Policy
Waiblingen,WORK_OF_ART,114888,114898,doc_015,Power - X - Energy Policy
2023 2 H2 PtG-Etzel Etzel 2013 6,DATE,114899,114931,doc_015,Power - X - Energy Policy
2013 2 H2 Hydrogen Lab,DATE,114996,115019,doc_015,Power - X - Energy Policy
2013 1 H2,DATE,115068,115077,doc_015,Power - X - Energy Policy
Kleinen (EwiK)Großräschen 2023 - H2 PtG-Emden Emden 2013 0.3,ORG,115199,115259,doc_015,Power - X - Energy Policy
CH4 Hy2B,PRODUCT,115260,115268,doc_015,Power - X - Energy Policy
Pfeffenhausen Pfeffenhausen,PERSON,115269,115296,doc_015,Power - X - Energy Policy
2023 5,DATE,115297,115303,doc_015,Power - X - Energy Policy
SeWAGE PLANT H,ORG,115352,115366,doc_015,Power - X - Energy Policy
2023 17,DATE,115376,115383,doc_015,Power - X - Energy Policy
Allendorf,PERSON,115404,115413,doc_015,Power - X - Energy Policy
Cuxhafen 2023 2 H2 Mikrobielle MethanisierungSchwandorf 2013 0.3,WORK_OF_ART,115440,115504,doc_015,Power - X - Energy Policy
CH4 KRUH2,PRODUCT,115505,115514,doc_015,Power - X - Energy Policy
2013 0.1,DATE,115666,115674,doc_015,Power - X - Energy Policy
2012 1,DATE,115839,115845,doc_015,Power - X - Energy Policy
BioenergieparkSaerbeck,ORG,115863,115885,doc_015,Power - X - Energy Policy
2023 1 H2 H2BER,PRODUCT,115886,115901,doc_015,Power - X - Energy Policy
Energie-TankstelleBerlin 2012 0.5 H2 bioFarm,ORG,115909,115953,doc_015,Power - X - Energy Policy
CH4 P2G-Elektrolyse,PRODUCT,115973,115992,doc_015,Power - X - Energy Policy
AEL-ErforschungStuttgart,ORG,115997,116021,doc_015,Power - X - Energy Policy
2012,PRODUCT,116022,116026,doc_015,Power - X - Energy Policy
0.4 H2 AWG Wuppertal Wuppertal,PRODUCT,116027,116057,doc_015,Power - X - Energy Policy
2023 2,DATE,116058,116064,doc_015,Power - X - Energy Policy
REFHYNE,ORG,116118,116125,doc_015,Power - X - Energy Policy
H2 PtG,PRODUCT,116147,116153,doc_015,Power - X - Energy Policy
Eucolino Schwandorf,PERSON,116157,116176,doc_015,Power - X - Energy Policy
2012,DATE,116177,116181,doc_015,Power - X - Energy Policy
CH4 RWE Elektrolysetestanlage,PRODUCT,116186,116216,doc_015,Power - X - Energy Policy
SolarFuel,ORG,116267,116276,doc_015,Power - X - Energy Policy
CH4 CEC Haren Haren,PRODUCT,116314,116333,doc_015,Power - X - Energy Policy
2011 1 H2,PRODUCT,116366,116376,doc_015,Power - X - Energy Policy
Hensoldt Green,PERSON,116376,116390,doc_015,Power - X - Energy Policy
2022,CARDINAL,116404,116408,doc_015,Power - X - Energy Policy
2011 0.3 CH4 GrinHy,PRODUCT,116441,116460,doc_015,Power - X - Energy Policy
2.0,CARDINAL,116461,116464,doc_015,Power - X - Energy Policy
2nd site)Karlsruhe 2011,DATE,116578,116601,doc_015,Power - X - Energy Policy
CH4 Energiepark Zerbst,PRODUCT,116607,116629,doc_015,Power - X - Energy Policy
2010,DATE,116678,116682,doc_015,Power - X - Energy Policy
CottbusCottbus,ORG,116756,116770,doc_015,Power - X - Energy Policy
2010 0.1,DATE,116771,116779,doc_015,Power - X - Energy Policy
Green Electrolyzer,ORG,116783,116801,doc_015,Power - X - Energy Policy
2022 5,DATE,116812,116818,doc_015,Power - X - Energy Policy
0.1 H2 REFHYNE,QUANTITY,116844,116858,doc_015,Power - X - Energy Policy
CH4 WindH2,PRODUCT,116922,116932,doc_015,Power - X - Energy Policy
2009,DATE,116987,116991,doc_015,Power - X - Energy Policy
Fairfuels Atmosfair,PERSON,117001,117020,doc_015,Power - X - Energy Policy
1.3,CARDINAL,117033,117036,doc_015,Power - X - Energy Policy
keroseneSolarFuel-Alpha,PERSON,117063,117086,doc_015,Power - X - Energy Policy
2008,DATE,117105,117109,doc_015,Power - X - Energy Policy
CH4 Green Hydrogen,PRODUCT,117115,117133,doc_015,Power - X - Energy Policy
EsslingenEsslingen,ORG,117134,117152,doc_015,Power - X - Energy Policy
2021 1 H2 EXYTRON Demon- strationsanlageRostock 2008,DATE,117153,117205,doc_015,Power - X - Energy Policy
CH4 E-CO2MET Raffinerie MitteldeutschlandLeuna,PRODUCT,117211,117257,doc_015,Power - X - Energy Policy
CUTE,ORG,117305,117309,doc_015,Power - X - Energy Policy
2006,DATE,117318,117322,doc_015,Power - X - Energy Policy
Oldenburg,GPE,117392,117401,doc_015,Power - X - Energy Policy
0.1 H2 Elektrolyseur HuntorfHuntorf,QUANTITY,117408,117443,doc_015,Power - X - Energy Policy
oilHybridkraftwerk PrenzlauPrenzlau 2005 0.5 H2 Stromlückenfüller,ORG,117584,117650,doc_015,Power - X - Energy Policy
2nd,ORDINAL,117650,117653,doc_015,Power - X - Energy Policy
HanauHanau 2005,ORG,117705,117720,doc_015,Power - X - Energy Policy
0.1 H2 Nachhaltige Energieversorgung,QUANTITY,117722,117758,doc_015,Power - X - Energy Policy
Natur,PERSON,117789,117794,doc_015,Power - X - Energy Policy
Freizeitgebiet,NORP,117799,117813,doc_015,Power - X - Energy Policy
FH Stralsund,ORG,117861,117873,doc_015,Power - X - Energy Policy
Stralsund,PERSON,117875,117884,doc_015,Power - X - Energy Policy
2005,DATE,117885,117889,doc_015,Power - X - Energy Policy
0.1 H2 PtG-MSE Duisburg,QUANTITY,117891,117914,doc_015,Power - X - Energy Policy
1993,DATE,117942,117946,doc_015,Power - X - Energy Policy
0.1 H2 FlexMethanol AnlageStralsund,QUANTITY,117948,117983,doc_015,Power - X - Energy Policy
2020,CARDINAL,118135,118139,doc_015,Power - X - Energy Policy
100Lägerdorf 2020,DATE,118228,118245,doc_015,Power - X - Energy Policy
Salzbergen Salzbergen - - CH4,PERSON,118264,118293,doc_015,Power - X - Energy Policy
2019 2.4,DATE,118469,118477,doc_015,Power - X - Energy Policy
Hemmingstedt - - Synthetic,ORG,118492,118518,doc_015,Power - X - Energy Policy
PtG-Anlage,PERSON,118532,118542,doc_015,Power - X - Energy Policy
Grenzach,PERSON,118543,118551,doc_015,Power - X - Energy Policy
KompetenzzentrumsCottbus - - Synthetic,ORG,118616,118654,doc_015,Power - X - Energy Policy
Kopernikus 2.0 Karlsruhe,ORG,118668,118692,doc_015,Power - X - Energy Policy
Main2019 0.2 H2 ChemCH2ange Köln - 100 H2,ORG,118771,118812,doc_015,Power - X - Energy Policy
Klimafreundliches Wohnen,PERSON,118824,118848,doc_015,Power - X - Energy Policy
2019 0.1,DATE,118869,118877,doc_015,Power - X - Energy Policy
CH4 Grüner Wasserstoff,PERSON,118882,118904,doc_015,Power - X - Energy Policy
Stahl DuisburgDuisburg - - H2 Kopernikus,PERSON,118916,118956,doc_015,Power - X - Energy Policy
PtM - Miniplant,WORK_OF_ART,119035,119050,doc_015,Power - X - Energy Policy
Plants & Projects Federal State Remarks Plants & Projects Federal State,ORG,119177,119248,doc_015,Power - X - Energy Policy
Kraftstoffe,PERSON,119265,119276,doc_015,Power - X - Energy Policy
2027.Kompetenzzentrum,CARDINAL,119396,119417,doc_015,Power - X - Energy Policy
Lärmschutz,ORG,119432,119442,doc_015,Power - X - Energy Policy
LuftverkehrHessen,PERSON,119446,119463,doc_015,Power - X - Energy Policy
Kerosene,PERSON,119478,119486,doc_015,Power - X - Energy Policy
3500 tons,QUANTITY,119577,119586,doc_015,Power - X - Energy Policy
Industriepark Hoechst Hessen,PERSON,119676,119704,doc_015,Power - X - Energy Policy
OXY,ORG,119979,119982,doc_015,Power - X - Energy Policy
Koordinierung der Bundesländer,PERSON,119988,120018,doc_015,Power - X - Energy Policy
Aufbau,PERSON,120023,120029,doc_015,Power - X - Energy Policy
"120,000 tons",QUANTITY,120434,120446,doc_015,Power - X - Energy Policy
Stuttgart,GPE,120472,120481,doc_015,Power - X - Energy Policy
750 kg,QUANTITY,120660,120666,doc_015,Power - X - Energy Policy
405 kg,QUANTITY,120685,120691,doc_015,Power - X - Energy Policy
265 kg,QUANTITY,120714,120720,doc_015,Power - X - Energy Policy
274 tons,QUANTITY,120741,120749,doc_015,Power - X - Energy Policy
KIT,ORG,120847,120850,doc_015,Power - X - Energy Policy
Viridi RE GmbH,ORG,121067,121081,doc_015,Power - X - Energy Policy
GG2L Lower Saxony,ORG,121556,121573,doc_015,Power - X - Energy Policy
TUM Bavaria,PERSON,121673,121684,doc_015,Power - X - Energy Policy
OMV BurghausenBavaria,ORG,121830,121851,doc_015,Power - X - Energy Policy
"20,000 tons",QUANTITY,121866,121877,doc_015,Power - X - Energy Policy
the end of 2020s,DATE,121903,121919,doc_015,Power - X - Energy Policy
Solarbelt Lower Saxony,ORG,121997,122019,doc_015,Power - X - Energy Policy
360 tons,QUANTITY,122034,122042,doc_015,Power - X - Energy Policy
Straubing Bavaria,PERSON,122235,122252,doc_015,Power - X - Energy Policy
PtL Shell North Rhine-Westphalia,FAC,122352,122384,doc_015,Power - X - Energy Policy
Hy2Lausitz Bavaria,PERSON,122619,122637,doc_015,Power - X - Energy Policy
of70 + 5MW.DLR-Institut Future,PRODUCT,122713,122744,doc_015,Power - X - Energy Policy
PtX Lab Lausitz Bavaria,PERSON,122875,122898,doc_015,Power - X - Energy Policy
"10,000 tons",QUANTITY,122995,123006,doc_015,Power - X - Energy Policy
MobilityNorth Rhine-Westphalia,GPE,123105,123135,doc_015,Power - X - Energy Policy
HyEast Bavaria,PERSON,123209,123223,doc_015,Power - X - Energy Policy
EWiK Bavaria,PERSON,123519,123531,doc_015,Power - X - Energy Policy
EnergienRhineland-Palatinate,ORG,123689,123717,doc_015,Power - X - Energy Policy
GG2L Bavaria,PERSON,123758,123770,doc_015,Power - X - Energy Policy
Speyer Rhineland-Palatinate,ORG,123819,123846,doc_015,Power - X - Energy Policy
"60,000 tons",QUANTITY,123881,123892,doc_015,Power - X - Energy Policy
Bremen,ORG,123992,123998,doc_015,Power - X - Energy Policy
EDL Anlagenbau,ORG,124063,124077,doc_015,Power - X - Energy Policy
GmbH Saxony,PERSON,124078,124089,doc_015,Power - X - Energy Policy
"42,000 tons",QUANTITY,124135,124146,doc_015,Power - X - Energy Policy
"11,000 tons",QUANTITY,124176,124187,doc_015,Power - X - Energy Policy
1500 tons,QUANTITY,124200,124209,doc_015,Power - X - Energy Policy
Bremerhaven Bremen,PERSON,124295,124313,doc_015,Power - X - Energy Policy
up to 10 million,MONEY,124470,124486,doc_015,Power - X - Energy Policy
up to 100 million,CARDINAL,124591,124608,doc_015,Power - X - Energy Policy
Wasser & Luft’’Hamburg,ORG,124660,124682,doc_015,Power - X - Energy Policy
Keramische,ORG,124753,124763,doc_015,Power - X - Energy Policy
SystemeSaxony,ORG,124781,124794,doc_015,Power - X - Energy Policy
200 tons,QUANTITY,124852,124860,doc_015,Power - X - Energy Policy
TU Bergakademie FreibergSaxony,PERSON,124955,124985,doc_015,Power - X - Energy Policy
Leipzig,GPE,125017,125024,doc_015,Power - X - Energy Policy
Jangada Brandenburg,PERSON,125101,125120,doc_015,Power - X - Energy Policy
"34,000 tons",QUANTITY,125135,125146,doc_015,Power - X - Energy Policy
"30,000 tons",QUANTITY,125448,125459,doc_015,Power - X - Energy Policy
kerosene per year,PERSON,125633,125650,doc_015,Power - X - Energy Policy
ELPSachsen,GPE,125927,125937,doc_015,Power - X - Energy Policy
Raffinerie Heide Schleswig-Holstein,PERSON,126005,126040,doc_015,Power - X - Energy Policy
600 tons,QUANTITY,126085,126093,doc_015,Power - X - Energy Policy
PlattformSachsen-Anhalt,ORG,126299,126322,doc_015,Power - X - Energy Policy
methanol per year,ORG,126365,126382,doc_015,Power - X - Energy Policy
S. Venghaus Data,PERSON,126685,126701,doc_015,Power - X - Energy Policy
1]Jakučionyt,CARDINAL,126767,126779,doc_015,Power - X - Energy Policy
Liobikien ̇e G.,PERSON,126814,126829,doc_015,Power - X - Energy Policy
2]Berrang,CARDINAL,127068,127077,doc_015,Power - X - Energy Policy
Ford JD,PERSON,127086,127093,doc_015,Power - X - Energy Policy
Paterson J. Are,PERSON,127095,127110,doc_015,Power - X - Energy Policy
Glob Environ,PERSON,127142,127154,doc_015,Power - X - Energy Policy
2011;21(1):25-33,DATE,127162,127178,doc_015,Power - X - Energy Policy
3]Lümmen,CARDINAL,127181,127189,doc_015,Power - X - Energy Policy
Røstbø EV,PERSON,127193,127202,doc_015,Power - X - Energy Policy
Biowaste,PERSON,127204,127212,doc_015,Power - X - Energy Policy
Gibbs,GPE,127268,127273,doc_015,Power - X - Energy Policy
2020;211:118996,CARDINAL,127388,127403,doc_015,Power - X - Energy Policy
4]Monasterolo,CARDINAL,127406,127419,doc_015,Power - X - Energy Policy
5]Panarello,CARDINAL,127544,127555,doc_015,Power - X - Energy Policy
Gatto A. Decarbonising Europe-EU,PERSON,127559,127591,doc_015,Power - X - Energy Policy
the European Green Deal,ORG,127653,127676,doc_015,Power - X - Energy Policy
2023;172:113272,CARDINAL,127692,127707,doc_015,Power - X - Energy Policy
6]Wang Z,ORG,127710,127718,doc_015,Power - X - Energy Policy
Abdul-Samad Z.,PERSON,127743,127757,doc_015,Power - X - Energy Policy
Renew Energy,PERSON,127907,127919,doc_015,Power - X - Energy Policy
7]European Commission,ORG,127937,127958,doc_015,Power - X - Energy Policy
Publications Office,ORG,128009,128028,doc_015,Power - X - Energy Policy
8]European Commission,ORG,128069,128090,doc_015,Power - X - Energy Policy
the European council,ORG,128246,128266,doc_015,Power - X - Energy Policy
Rosendal MB,PERSON,128658,128669,doc_015,Power - X - Energy Policy
Münster M,ORG,128671,128680,doc_015,Power - X - Energy Policy
Bramstoft R. Renewable,PERSON,128682,128704,doc_015,Power - X - Energy Policy
Nordics,ORG,128783,128790,doc_015,Power - X - Energy Policy
Hansen K,PERSON,128817,128825,doc_015,Power - X - Energy Policy
Mathiesen BV,PERSON,128827,128839,doc_015,Power - X - Energy Policy
Skov IR,PERSON,128841,128848,doc_015,Power - X - Energy Policy
2019;102:1,CARDINAL,128955,128965,doc_015,Power - X - Energy Policy
Fischer W,ORG,128985,128994,doc_015,Power - X - Energy Policy
Weckenbrock C.,PERSON,129008,129022,doc_015,Power - X - Energy Policy
2015;92:532-46,DATE,129079,129093,doc_015,Power - X - Energy Policy
Peiseler L,ORG,129100,129110,doc_015,Power - X - Energy Policy
Serrenho AC,ORG,129112,129123,doc_015,Power - X - Energy Policy
CO2,PRODUCT,129204,129207,doc_015,Power - X - Energy Policy
Manno M,ORG,129376,129383,doc_015,Power - X - Energy Policy
Prina MG,PERSON,129396,129404,doc_015,Power - X - Energy Policy
Italian,NORP,129533,129540,doc_015,Power - X - Energy Policy
2020;196:117062,CARDINAL,129563,129578,doc_015,Power - X - Energy Policy
Bannik S,PERSON,129595,129603,doc_015,Power - X - Energy Policy
Otten S,ORG,129605,129612,doc_015,Power - X - Energy Policy
Praktiknjo A,ORG,129614,129626,doc_015,Power - X - Energy Policy
Robinius M. Direct,PERSON,129628,129646,doc_015,Power - X - Energy Policy
2019;166:989-99,DATE,129774,129789,doc_015,Power - X - Energy Policy
Venghaus S.,PERSON,130030,130041,doc_015,Power - X - Energy Policy
Schneider N. Incentive,PERSON,130197,130219,doc_015,Power - X - Energy Policy
Sterner M,WORK_OF_ART,130341,130350,doc_015,Power - X - Energy Policy
Specht M. Power-to,PERSON,130352,130370,doc_015,Power - X - Energy Policy
2021;14(20):6594,CARDINAL,130460,130476,doc_015,Power - X - Energy Policy
Int J Hydrog Energy,ORG,130611,130630,doc_015,Power - X - Energy Policy
2019;44(33):17411-30,DATE,130631,130651,doc_015,Power - X - Energy Policy
Mansilla C,ORG,130669,130679,doc_015,Power - X - Energy Policy
Lucchese,NORP,130681,130689,doc_015,Power - X - Energy Policy
Hilliard S,PERSON,130693,130703,doc_015,Power - X - Energy Policy
Proost J. Review,ORG,130705,130721,doc_015,Power - X - Energy Policy
Int J Hydrog Energy,PERSON,130798,130817,doc_015,Power - X - Energy Policy
Front Energy Res,ORG,130929,130945,doc_015,Power - X - Energy Policy
Schneider N,PERSON,130972,130983,doc_015,Power - X - Energy Policy
Schweiger G,PERSON,130985,130996,doc_015,Power - X - Energy Policy
Schöggl J-P,PERSON,130998,131009,doc_015,Power - X - Energy Policy
2021;14(4):913,CARDINAL,131119,131133,doc_015,Power - X - Energy Policy
Edwards RL,PERSON,131140,131150,doc_015,Power - X - Energy Policy
Font-Palma C,PERSON,131152,131164,doc_015,Power - X - Energy Policy
Lim JY,PERSON,131466,131472,doc_015,Power - X - Energy Policy
Safder U,PERSON,131474,131482,doc_015,Power - X - Energy Policy
Yoo CK,ORG,131501,131507,doc_015,Power - X - Energy Policy
Reisemann S. Socio-technical,PERSON,131739,131767,doc_015,Power - X - Energy Policy
2019;51:187-97,DATE,131899,131913,doc_015,Power - X - Energy Policy
Incer-Valverde J,PERSON,131920,131936,doc_015,Power - X - Energy Policy
Tsatsaronis G,PERSON,131957,131970,doc_015,Power - X - Energy Policy
Morosuk T. Hydrogen,PERSON,131972,131991,doc_015,Power - X - Energy Policy
Rifkin J.,PERSON,132131,132140,doc_015,Power - X - Energy Policy
2006;34(17):2630,CARDINAL,132181,132197,doc_015,Power - X - Energy Policy
Galimova,GPE,132206,132214,doc_015,Power - X - Energy Policy
Keiner D,PERSON,132229,132237,doc_015,Power - X - Energy Policy
Breyer C. Sustainable,PERSON,132239,132260,doc_015,Power - X - Energy Policy
Greenland,GPE,132282,132291,doc_015,Power - X - Energy Policy
Arctic,LOC,132325,132331,doc_015,Power - X - Energy Policy
East Asia,LOC,132380,132389,doc_015,Power - X - Energy Policy
Graf F,PERSON,132457,132463,doc_015,Power - X - Energy Policy
Reimert,PERSON,132475,132482,doc_015,Power - X - Energy Policy
Kolb T. Renewable Power,PERSON,132486,132509,doc_015,Power - X - Energy Policy
Thema M,ORG,132590,132597,doc_015,Power - X - Energy Policy
Neuling U,PERSON,132735,132744,doc_015,Power - X - Energy Policy
Zitscher,PERSON,132746,132754,doc_015,Power - X - Energy Policy
Kaltschmitt M. Power-to-Liquid,PERSON,132758,132788,doc_015,Power - X - Energy Policy
Yu Y,PERSON,132917,132921,doc_015,Power - X - Energy Policy
Makowski M,PERSON,132930,132940,doc_015,Power - X - Energy Policy
Ma T. How,PERSON,132964,132973,doc_015,Power - X - Energy Policy
China,GPE,133058,133063,doc_015,Power - X - Energy Policy
2022;261:125058,CARDINAL,133096,133111,doc_015,Power - X - Energy Policy
Ferrari M. Power,PERSON,133128,133144,doc_015,Power - X - Energy Policy
Singh JG,GPE,133268,133276,doc_015,Power - X - Energy Policy
Garg A.,PERSON,133278,133285,doc_015,Power - X - Energy Policy
2024;130827,CARDINAL,133440,133451,doc_015,Power - X - Energy Policy
Luderer G. Potential,PERSON,133515,133535,doc_015,Power - X - Energy Policy
Nature Clim Change 2021;11(5):384-93,PERSON,133602,133638,doc_015,Power - X - Energy Policy
"Cavalett O, Cherubini F, Watanabe MDB",PERSON,133655,133692,doc_015,Power - X - Energy Policy
2023;338:127316,CARDINAL,133814,133829,doc_015,Power - X - Energy Policy
Fuentes Hutfilter U,PERSON,133857,133876,doc_015,Power - X - Energy Policy
Wilson R. Options,PERSON,133878,133895,doc_015,Power - X - Energy Policy
Technical Report,ORG,134015,134031,doc_015,Power - X - Energy Policy
Umweltbundesamt,PERSON,134033,134048,doc_015,Power - X - Energy Policy
ElSayed M,ORG,134086,134095,doc_015,Power - X - Energy Policy
Breyer C. Power-to-X Economy,PERSON,134109,134137,doc_015,Power - X - Energy Policy
Africa,LOC,134212,134218,doc_015,Power - X - Energy Policy
Energy Rep 2024;12:2026-48,ORG,134220,134246,doc_015,Power - X - Energy Policy
Grundlagen,PERSON,134292,134302,doc_015,Power - X - Energy Policy
Studien-Verlag,PERSON,134322,134336,doc_015,Power - X - Energy Policy
1997,DATE,134338,134342,doc_015,Power - X - Energy Policy
Steiner R. Policy,PERSON,134548,134565,doc_015,Power - X - Energy Policy
2020;7:100787,DATE,134670,134683,doc_015,Power - X - Energy Policy
Brée L,PERSON,134711,134717,doc_015,Power - X - Energy Policy
Roh K,PERSON,134719,134724,doc_015,Power - X - Energy Policy
Mitsos A. Power-to-X,PERSON,134726,134746,doc_015,Power - X - Energy Policy
Ing Tech,PERSON,134826,134834,doc_015,Power - X - Energy Policy
2020;92(1,CARDINAL,134835,134844,doc_015,Power - X - Energy Policy
Wagemann K. Power-to,PERSON,134873,134893,doc_015,Power - X - Energy Policy
"Hillestad M, Ostadi M",ORG,135018,135039,doc_015,Power - X - Energy Policy
Rytter E,PERSON,135053,135061,doc_015,Power - X - Energy Policy
Austbø B,PERSON,135063,135071,doc_015,Power - X - Energy Policy
Pharoah J,PERSON,135073,135082,doc_015,Power - X - Energy Policy
2018;234:1431-51,DATE,135216,135232,doc_015,Power - X - Energy Policy
the European Union Directive,ORG,135271,135299,doc_015,Power - X - Energy Policy
2018/2001,DATE,135305,135314,doc_015,Power - X - Energy Policy
European Parliament,ORG,135318,135341,doc_015,Power - X - Energy Policy
the Council of 11 December 2018,ORG,135349,135380,doc_015,Power - X - Energy Policy
2018;328(82):1,CARDINAL,135459,135473,doc_015,Power - X - Energy Policy
] European Federation for Transport and Environment,ORG,135583,135634,doc_015,Power - X - Energy Policy
Connolly D. Terminology,PERSON,135800,135823,doc_015,Power - X - Energy Policy
J Clean Prod,LAW,135918,135930,doc_015,Power - X - Energy Policy
2016;112:3709-20,CARDINAL,135931,135947,doc_015,Power - X - Energy Policy
Palys MJ,PERSON,135954,135962,doc_015,Power - X - Energy Policy
Daoutidis P. Power-to-,PERSON,135964,135986,doc_015,Power - X - Energy Policy
MAXQDA,ORG,136104,136110,doc_015,Power - X - Energy Policy
] European Commission,ORG,136131,136152,doc_015,Power - X - Energy Policy
the Council of 22 October 2014,ORG,136209,136239,doc_015,Power - X - Energy Policy
European Council,ORG,136515,136522,doc_015,Power - X - Energy Policy
328.01.0082.01.ENG&toc,CARDINAL,136894,136916,doc_015,Power - X - Energy Policy
L:2018:328,ORG,136920,136930,doc_015,Power - X - Energy Policy
2009/28,CARDINAL,136974,136981,doc_015,Power - X - Energy Policy
the Council of 23 April 2009,ORG,137019,137047,doc_015,Power - X - Energy Policy
Directives,ORG,137149,137159,doc_015,Power - X - Energy Policy
2001/77,CARDINAL,137160,137167,doc_015,Power - X - Energy Policy
2003/30/EC,ORG,137175,137185,doc_015,Power - X - Energy Policy
2018/1999,DATE,137413,137422,doc_015,Power - X - Energy Policy
Council Directive,ORG,137519,137536,doc_015,Power - X - Energy Policy
2015/652,CARDINAL,137542,137550,doc_015,Power - X - Energy Policy
https,PERSON,137558,137563,doc_015,Power - X - Energy Policy
2009/16,CARDINAL,137792,137799,doc_015,Power - X - Energy Policy
2003/87,CARDINAL,138864,138871,doc_015,Power - X - Energy Policy
the Council of 13 October 2003,ORG,138909,138939,doc_015,Power - X - Energy Policy
1682349760946/,CARDINAL,139586,139600,doc_015,Power - X - Energy Policy
Justiz,PERSON,140222,140228,doc_015,Power - X - Energy Policy
zur anrechnung von,PERSON,140326,140344,doc_015,Power - X - Energy Policy
mitverarbeiteten biogenen ölen auf,PERSON,140379,140413,doc_015,Power - X - Energy Policy
Redaktion/EN/Publikationen/Energie,ORG,140534,140568,doc_015,Power - X - Energy Policy
BMF,ORG,140715,140718,doc_015,Power - X - Energy Policy
4/.,CARDINAL,140855,140858,doc_015,Power - X - Energy Policy
Brennstoffzelle,PERSON,141052,141067,doc_015,Power - X - Energy Policy
Alternative Kraftstoffe - Einsatzmöglichkeiten aus,PERSON,141069,141119,doc_015,Power - X - Energy Policy
Sicht,PERSON,141136,141141,doc_015,Power - X - Energy Policy
Roadmap - Markthochläufe,PERSON,141351,141375,doc_015,Power - X - Energy Policy
Redaktion/EN/Hydrogen/Dossiers,ORG,141568,141598,doc_015,Power - X - Energy Policy
E-Fuels - The,PERSON,141873,141886,doc_015,Power - X - Energy Policy
Smolinka T. Site-,PERSON,142110,142127,doc_015,Power - X - Energy Policy
FSC,ORG,142311,142314,doc_015,Power - X - Energy Policy
Schumm L,PERSON,142642,142650,doc_015,Power - X - Energy Policy
Birett F,PERSON,142652,142660,doc_015,Power - X - Energy Policy
Heusgen V,ORG,142676,142685,doc_015,Power - X - Energy Policy
Rahim S. Wasserstoffatlas,PERSON,142687,142712,doc_015,Power - X - Energy Policy
DENA H2-report,PERSON,142771,142785,doc_015,Power - X - Energy Policy
Wasserstoffstrategien,PERSON,142787,142808,doc_015,Power - X - Energy Policy
import-strategy-hydrogen.html,GPE,142988,143017,doc_015,Power - X - Energy Policy
2023 2nd half.,DATE,143160,143174,doc_015,Power - X - Energy Policy
Global PtX Atlas,WORK_OF_ART,143198,143214,doc_015,Power - X - Energy Policy
Taljegard M,ORG,143336,143347,doc_015,Power - X - Energy Policy
Hansson J. Electrofuels,PERSON,143358,143381,doc_015,Power - X - Energy Policy
2018;81:1887,CARDINAL,143463,143475,doc_015,Power - X - Energy Policy
2000,DATE,143625,143629,doc_015,Power - X - Energy Policy
Gale F,PERSON,143705,143711,doc_015,Power - X - Energy Policy
Lovell H,ORG,143713,143721,doc_015,Power - X - Energy Policy
Beasy K,PERSON,143723,143730,doc_015,Power - X - Energy Policy
Murphy H,ORG,143732,143740,doc_015,Power - X - Energy Policy
Schoen M. Sustainability,PERSON,143742,143766,doc_015,Power - X - Energy Policy
Frank C,PERSON,143892,143899,doc_015,Power - X - Energy Policy
Crewell S. Balancing,PERSON,143912,143932,doc_015,Power - X - Energy Policy
Renew Energy,ORG,144046,144058,doc_015,Power - X - Energy Policy
1/77DIRECTIVE,DATE,6,19,doc_016,Renewable Energy Directive
European Union,ORG,21,23,doc_016,Renewable Energy Directive
2023/2413,DATE,25,34,doc_016,Renewable Energy Directive
ober 2023,DATE,93,102,doc_016,Renewable Energy Directive
Directiv,ORG,112,120,doc_016,Renewable Energy Directive
2018/2001,DATE,128,137,doc_016,Renewable Energy Directive
2018/1999,DATE,155,164,doc_016,Renewable Energy Directive
European Commission,ORG,186,188,doc_016,Renewable Energy Directive
Council Directiv,ORG,263,279,doc_016,Renewable Energy Directive
2015/652,CARDINAL,287,295,doc_016,Renewable Energy Directive
THE COUNCIL OF THE EUR OPEAN UNION,ORG,326,360,doc_016,Renewable Energy Directive
Havi,PERSON,362,366,doc_016,Renewable Energy Directive
Treaty,ORG,385,391,doc_016,Renewable Energy Directive
Articles 114,GPE,452,464,doc_016,Renewable Energy Directive
192(1,DATE,466,471,doc_016,Renewable Energy Directive
the European Economic and Social Committee,ORG,669,711,doc_016,Renewable Energy Directive
Committ,PERSON,755,762,doc_016,Renewable Energy Directive
the European Green Deal,ORG,885,908,doc_016,Renewable Energy Directive
11 December 2019,DATE,962,979,doc_016,Renewable Energy Directive
the ‘European Green Deal,PRODUCT,981,1005,doc_016,Renewable Energy Directive
2021/1119,DATE,1025,1034,doc_016,Renewable Energy Directive
European Parliament,ORG,1038,1061,doc_016,Renewable Energy Directive
European Council,ORG,1073,1080,doc_016,Renewable Energy Directive
2050,DATE,1150,1154,doc_016,Renewable Energy Directive
at least 55 %,PERCENT,1233,1246,doc_016,Renewable Energy Directive
1990,DATE,1260,1264,doc_016,Renewable Energy Directive
2030,DATE,1275,1279,doc_016,Renewable Energy Directive
75 %,PERCENT,1674,1678,doc_016,Renewable Energy Directive
ng challeng,PERSON,1820,1831,doc_016,Renewable Energy Directive
12 May 2021,DATE,1988,2000,doc_016,Renewable Energy Directive
2022/591,CARDINAL,2230,2238,doc_016,Renewable Energy Directive
inter alia,ORG,2374,2384,doc_016,Renewable Energy Directive
fosteri ng local industr ies,ORG,2669,2698,doc_016,Renewable Energy Directive
1)OJ,CARDINAL,2786,2790,doc_016,Renewable Energy Directive
6.4.2022,CARDINAL,2798,2806,doc_016,Renewable Energy Directive
22.11.2022,DATE,2829,2839,doc_016,Renewable Energy Directive
2)OJ,CARDINAL,2850,2854,doc_016,Renewable Energy Directive
5.8.2022,DATE,2862,2870,doc_016,Renewable Energy Directive
September 2023,DATE,2925,2939,doc_016,Renewable Energy Directive
the Council of,ORG,3001,3017,doc_016,Renewable Energy Directive
October 2023,DATE,3019,3031,doc_016,Renewable Energy Directive
the Council of 30 June 2021,ORG,3096,3123,doc_016,Renewable Energy Directive
9.7.2021,CARDINAL,3283,3291,doc_016,Renewable Energy Directive
the Council of 6 Apr il 2022,ORG,3361,3389,doc_016,Renewable Energy Directive
General Union Environment Action Programme,ORG,3395,3438,doc_016,Renewable Energy Directive
12.4.2022,CARDINAL,3458,3467,doc_016,Renewable Energy Directive
Offi,PERSON,3477,3481,doc_016,Renewable Energy Directive
Jour,PRODUCT,3487,3491,doc_016,Renewable Energy Directive
the European Union EN L,ORG,3500,3524,doc_016,Renewable Energy Directive
6)sets,CARDINAL,3640,3646,doc_016,Renewable Energy Directive
at least 32 %,PERCENT,3700,3713,doc_016,Renewable Energy Directive
Union’s,ORG,3754,3761,doc_016,Renewable Energy Directive
the 2030 Climat e Target Plan,ORG,3814,3843,doc_016,Renewable Energy Directive
Sept ember 2020,DATE,3891,3906,doc_016,Renewable Energy Directive
Stepping up Europe’s 2030,WORK_OF_ART,3920,3945,doc_016,Renewable Energy Directive
40 %,PERCENT,4130,4134,doc_016,Renewable Energy Directive
achi eve,PERSON,4156,4164,doc_016,Renewable Energy Directive
July 2021,DATE,4241,4250,doc_016,Renewable Energy Directive
compar ed,PERSON,4409,4418,doc_016,Renewable Energy Directive
2020,DATE,4422,4426,doc_016,Renewable Energy Directive
at least 40 %,PERCENT,4437,4450,doc_016,Renewable Energy Directive
Russia,GPE,4487,4493,doc_016,Renewable Energy Directive
Ukraine,GPE,4509,4516,doc_016,Renewable Energy Directive
COVID-19,ORG,4540,4548,doc_016,Renewable Energy Directive
third,ORDINAL,4818,4823,doc_016,Renewable Energy Directive
18 May 2022,DATE,5177,5188,doc_016,Renewable Energy Directive
Russian,NORP,5254,5261,doc_016,Renewable Energy Directive
45 %,PERCENT,6227,6231,doc_016,Renewable Energy Directive
Member States,GPE,7005,7018,doc_016,Renewable Energy Directive
The European Strategic Energy Technology Plan,ORG,7105,7150,doc_016,Renewable Energy Directive
Sept ember 2015,DATE,7198,7213,doc_016,Renewable Energy Directive
the European Energy System Transf,ORG,7303,7336,doc_016,Renewable Energy Directive
Article 3 of Regulation,LAW,7637,7660,doc_016,Renewable Energy Directive
the Energy Union,ORG,7867,7883,doc_016,Renewable Energy Directive
the Energy Union Strategy,ORG,7998,8023,doc_016,Renewable Energy Directive
2015,DATE,8081,8085,doc_016,Renewable Energy Directive
the Council of 11 December 2018,ORG,8244,8275,doc_016,Renewable Energy Directive
21.12.2018,DATE,8349,8359,doc_016,Renewable Energy Directive
Governa,PERSON,8471,8478,doc_016,Renewable Energy Directive
the Energy Union and Climate Action,ORG,8486,8522,doc_016,Renewable Energy Directive
Directives 94/22/EC,ORG,8631,8650,doc_016,Renewable Energy Directive
98/70/EC,ORG,8652,8660,doc_016,Renewable Energy Directive
2009/31,CARDINAL,8662,8669,doc_016,Renewable Energy Directive
2009/73,CARDINAL,8674,8681,doc_016,Renewable Energy Directive
2010/31/EU,ORG,8686,8696,doc_016,Renewable Energy Directive
2012/27/EU,ORG,8698,8708,doc_016,Renewable Energy Directive
"the Council, Council Directives 2009/119/EC",ORG,8759,8802,doc_016,Renewable Energy Directive
OJ L 328,ORG,8911,8919,doc_016,Renewable Energy Directive
1).OJ,CARDINAL,8936,8941,doc_016,Renewable Energy Directive
3/77Change,CARDINAL,8966,8976,doc_016,Renewable Energy Directive
at least 5 %,PERCENT,9407,9419,doc_016,Renewable Energy Directive
Article 3 of Directive,LAW,9498,9520,doc_016,Renewable Energy Directive
2023/1791,DATE,9526,9535,doc_016,Renewable Energy Directive
8)and,CARDINAL,9583,9588,doc_016,Renewable Energy Directive
Commission Recommendation,ORG,9603,9628,doc_016,Renewable Energy Directive
2021/1749,DATE,9634,9643,doc_016,Renewable Energy Directive
35 billion cubic meters,QUANTITY,10080,10103,doc_016,Renewable Energy Directive
accompan ying,PERSON,10178,10191,doc_016,Renewable Energy Directive
the REP owerEU Plan,LAW,10192,10211,doc_016,Renewable Energy Directive
Implementing the Repowe r EU,WORK_OF_ART,10223,10251,doc_016,Renewable Energy Directive
2008/98,CARDINAL,11380,11387,doc_016,Renewable Energy Directive
identifi ed,PERSON,12263,12274,doc_016,Renewable Energy Directive
2021,DATE,12282,12286,doc_016,Renewable Energy Directive
Centre,GPE,12332,12338,doc_016,Renewable Energy Directive
necessar,PERSON,12536,12544,doc_016,Renewable Energy Directive
Sept ember 2023,DATE,13650,13665,doc_016,Renewable Energy Directive
2023/955,DATE,13717,13725,doc_016,Renewable Energy Directive
20.9.2023,CARDINAL,13737,13746,doc_016,Renewable Energy Directive
Recommendation (EU,WORK_OF_ART,13769,13787,doc_016,Renewable Energy Directive
2021/1749,CARDINAL,13789,13798,doc_016,Renewable Energy Directive
September 2021,DATE,13805,13819,doc_016,Renewable Energy Directive
Energy Efficiency First,ORG,13823,13846,doc_016,Renewable Energy Directive
4.10.2021,CARDINAL,13989,13998,doc_016,Renewable Energy Directive
November 2008,DATE,14084,14097,doc_016,Renewable Energy Directive
Directives,ORG,14130,14140,doc_016,Renewable Energy Directive
22.11.2008,DATE,14153,14163,doc_016,Renewable Energy Directive
3).OJ,CARDINAL,14168,14173,doc_016,Renewable Energy Directive
t. Waste,ORG,14229,14237,doc_016,Renewable Energy Directive
locat ed,PERSON,14685,14693,doc_016,Renewable Energy Directive
Article 349 of the Treaty,LAW,14829,14854,doc_016,Renewable Energy Directive
TFEU,ORG,14897,14901,doc_016,Renewable Energy Directive
storag e. (,PERSON,14950,14961,doc_016,Renewable Energy Directive
the Member States,GPE,17770,17787,doc_016,Renewable Energy Directive
up to 70 %,PERCENT,17824,17834,doc_016,Renewable Energy Directive
up to 30 %,PERCENT,17896,17906,doc_016,Renewable Energy Directive
29 November 2021,DATE,18120,18136,doc_016,Renewable Energy Directive
Europe,LOC,18360,18366,doc_016,Renewable Energy Directive
2025,DATE,18693,18697,doc_016,Renewable Energy Directive
at least two,CARDINAL,18770,18782,doc_016,Renewable Energy Directive
annual,DATE,18841,18847,doc_016,Renewable Energy Directive
2033,DATE,18950,18954,doc_016,Renewable Energy Directive
Commission Imple menting Regulation,ORG,19072,19107,doc_016,Renewable Energy Directive
2020/1294,DATE,19113,19122,doc_016,Renewable Energy Directive
11)would,CARDINAL,19124,19132,doc_016,Renewable Energy Directive
Implementing Regulation,WORK_OF_ART,19203,19226,doc_016,Renewable Energy Directive
2020/1294,CARDINAL,19232,19241,doc_016,Renewable Energy Directive
17.9.2020,CARDINAL,19326,19335,doc_016,Renewable Energy Directive
November 2020,DATE,19406,19419,doc_016,Renewable Energy Directive
2022/869,CARDINAL,19802,19810,doc_016,Renewable Energy Directive
2040,DATE,20073,20077,doc_016,Renewable Energy Directive
Article 15,LAW,21450,21460,doc_016,Renewable Energy Directive
two years,DATE,22528,22537,doc_016,Renewable Energy Directive
Article 17 of Regulation,LAW,22686,22710,doc_016,Renewable Energy Directive
the Member State,ORG,22818,22834,doc_016,Renewable Energy Directive
Directive (,ORG,22883,22894,doc_016,Renewable Energy Directive
Article 16,LAW,23040,23050,doc_016,Renewable Energy Directive
the last decade,DATE,23919,23934,doc_016,Renewable Energy Directive
May 2022,DATE,24455,24463,doc_016,Renewable Energy Directive
trans-European,NORP,24482,24496,doc_016,Renewable Energy Directive
2019/942,DATE,24566,24574,doc_016,Renewable Energy Directive
2019/943,CARDINAL,24584,24592,doc_016,Renewable Energy Directive
2019/944,CARDINAL,24629,24637,doc_016,Renewable Energy Directive
3.6.2022,CARDINAL,24692,24700,doc_016,Renewable Energy Directive
45).OJ,CARDINAL,24705,24711,doc_016,Renewable Energy Directive
the two previous years,DATE,25636,25658,doc_016,Renewable Energy Directive
nearly zero,CARDINAL,26612,26623,doc_016,Renewable Energy Directive
Article 24 of Directive,LAW,27206,27229,doc_016,Renewable Energy Directive
tota,PERSON,27408,27412,doc_016,Renewable Energy Directive
primar,CARDINAL,27422,27428,doc_016,Renewable Energy Directive
Article 23 of Directive,LAW,27670,27693,doc_016,Renewable Energy Directive
provid ed,PERSON,27821,27832,doc_016,Renewable Energy Directive
one,CARDINAL,28242,28245,doc_016,Renewable Energy Directive
ten,CARDINAL,28928,28931,doc_016,Renewable Energy Directive
13)Regulation,CARDINAL,29460,29473,doc_016,Renewable Energy Directive
Octo,ORG,29544,29548,doc_016,Renewable Energy Directive
2008,DATE,29553,29557,doc_016,Renewable Energy Directive
14.11.2008,CARDINAL,29591,29601,doc_016,Renewable Energy Directive
relat ed infrastr,PERSON,32326,32343,doc_016,Renewable Energy Directive
Article 3(1,LAW,32477,32488,doc_016,Renewable Energy Directive
Articles 3,PERSON,33078,33088,doc_016,Renewable Energy Directive
Annex III,PERSON,33846,33855,doc_016,Renewable Energy Directive
December 2011,DATE,34954,34967,doc_016,Renewable Energy Directive
28.1.2012,DATE,35070,35079,doc_016,Renewable Energy Directive
8/77should,CARDINAL,35114,35124,doc_016,Renewable Energy Directive
at least one,CARDINAL,35174,35186,doc_016,Renewable Energy Directive
conte xt,PERSON,35856,35864,doc_016,Renewable Energy Directive
2001/42,CARDINAL,36351,36358,doc_016,Renewable Energy Directive
15)establishes,CARDINAL,36409,36423,doc_016,Renewable Energy Directive
the United Nations Economic Commission for Europe Convention,ORG,38645,38706,doc_016,Renewable Energy Directive
Aarhus,GPE,38837,38843,doc_016,Renewable Energy Directive
25 June 1998,DATE,38847,38859,doc_016,Renewable Energy Directive
ed deplo,PERSON,39252,39260,doc_016,Renewable Energy Directive
ed areas,PERSON,39778,39788,doc_016,Renewable Energy Directive
the Council of 27 June 2001,ORG,39995,40022,doc_016,Renewable Energy Directive
21.7.2001,DATE,40119,40128,doc_016,Renewable Energy Directive
16)OJ,CARDINAL,40139,40144,doc_016,Renewable Energy Directive
"L 124, 17.5.2005",EVENT,40145,40161,doc_016,Renewable Energy Directive
4.OJ,CARDINAL,40166,40170,doc_016,Renewable Energy Directive
xt(17,ORG,41558,41563,doc_016,Renewable Energy Directive
Espoo,ORG,41576,41581,doc_016,Renewable Energy Directive
1991,DATE,41598,41602,doc_016,Renewable Energy Directive
countr y.,PERSON,41735,41745,doc_016,Renewable Energy Directive
Directive,GPE,41778,41787,doc_016,Renewable Energy Directive
2000/60,CARDINAL,41788,41795,doc_016,Renewable Energy Directive
ed.,PERSON,42182,42186,doc_016,Renewable Energy Directive
ed administrative,PERSON,42567,42584,doc_016,Renewable Energy Directive
Article 7 of Directive 2011/92/,LAW,43690,43721,doc_016,Renewable Energy Directive
six months,DATE,44947,44958,doc_016,Renewable Energy Directive
17)OJ,CARDINAL,45178,45183,doc_016,Renewable Energy Directive
24.4.1992,DATE,45191,45200,doc_016,Renewable Energy Directive
18)Directive 2000/60,CARDINAL,45209,45229,doc_016,Renewable Energy Directive
the Council of 23 October 2000,ORG,45267,45297,doc_016,Renewable Energy Directive
22.12.2000,CARDINAL,45385,45395,doc_016,Renewable Energy Directive
19)Council,CARDINAL,45405,45415,doc_016,Renewable Energy Directive
21 May 1992,DATE,45439,45450,doc_016,Renewable Energy Directive
22.7.1992,CARDINAL,45532,45541,doc_016,Renewable Energy Directive
7).OJ,CARDINAL,45546,45551,doc_016,Renewable Energy Directive
10/77such,CARDINAL,45576,45585,doc_016,Renewable Energy Directive
ed under,PERSON,47305,47313,doc_016,Renewable Energy Directive
Directives,PERSON,47549,47559,doc_016,Renewable Energy Directive
Repoweri,ORG,48506,48514,doc_016,Renewable Energy Directive
kno wledge,PERSON,48632,48642,doc_016,Renewable Energy Directive
one year,DATE,49346,49354,doc_016,Renewable Energy Directive
20)Directive,CARDINAL,50113,50125,doc_016,Renewable Energy Directive
November 2009,DATE,50190,50203,doc_016,Renewable Energy Directive
26.1.2010,TIME,50250,50259,doc_016,Renewable Energy Directive
lower than,CARDINAL,52871,52881,doc_016,Renewable Energy Directive
"10,8",CARDINAL,52982,52986,doc_016,Renewable Energy Directive
tertiary,ORDINAL,53395,53403,doc_016,Renewable Energy Directive
industr y.,PERSON,53696,53706,doc_016,Renewable Energy Directive
almost half,CARDINAL,54361,54372,doc_016,Renewable Energy Directive
Techn,ORG,55702,55707,doc_016,Renewable Energy Directive
2021/240,CARDINAL,55766,55774,doc_016,Renewable Energy Directive
ed infrastr,PERSON,56631,56642,doc_016,Renewable Energy Directive
Infrastr,ORG,56932,56940,doc_016,Renewable Energy Directive
mitig ation,ORG,57391,57402,doc_016,Renewable Energy Directive
Natura,ORG,57857,57863,doc_016,Renewable Energy Directive
2000,DATE,57865,57869,doc_016,Renewable Energy Directive
designat ed,PERSON,57886,57897,doc_016,Renewable Energy Directive
satory,ORG,59969,59975,doc_016,Renewable Energy Directive
21)Regulation,CARDINAL,60832,60845,doc_016,Renewable Energy Directive
the Council of 10 Febr,ORG,60894,60916,doc_016,Renewable Energy Directive
2021,CARDINAL,60922,60926,doc_016,Renewable Energy Directive
Instr,PERSON,60962,60967,doc_016,Renewable Energy Directive
L 57,DATE,60978,60982,doc_016,Renewable Energy Directive
18.2.2021,DATE,60984,60993,doc_016,Renewable Energy Directive
Infrastr,PERSON,62836,62844,doc_016,Renewable Energy Directive
more than 30 million,CARDINAL,63457,63477,doc_016,Renewable Energy Directive
Regulations,PERSON,64240,64251,doc_016,Renewable Energy Directive
2023/1804,DATE,64257,64266,doc_016,Renewable Energy Directive
22)and,CARDINAL,64268,64274,doc_016,Renewable Energy Directive
2023/1542,DATE,64281,64290,doc_016,Renewable Energy Directive
23)of,CARDINAL,64292,64297,doc_016,Renewable Energy Directive
24)and,CARDINAL,64419,64425,doc_016,Renewable Energy Directive
aggreg ation,ORG,64589,64601,doc_016,Renewable Energy Directive
22.9.2023,DATE,65494,65503,doc_016,Renewable Energy Directive
the Council of 12 July 2023,ORG,65576,65603,doc_016,Renewable Energy Directive
2019/1020,DATE,65699,65708,doc_016,Renewable Energy Directive
2006/66,CARDINAL,65733,65740,doc_016,Renewable Energy Directive
28.7.2023,GPE,65755,65764,doc_016,Renewable Energy Directive
the Council of 5 June 2019,ORG,65836,65862,doc_016,Renewable Energy Directive
Directive 2012/27/EU,ORG,66094,66114,doc_016,Renewable Energy Directive
125).OJ,CARDINAL,66140,66147,doc_016,Renewable Energy Directive
14/77basis,CARDINAL,66172,66182,doc_016,Renewable Energy Directive
zero,CARDINAL,66235,66239,doc_016,Renewable Energy Directive
manag ed,PERSON,67936,67944,doc_016,Renewable Energy Directive
15/77imp,CARDINAL,71139,71147,doc_016,Renewable Energy Directive
stora ge,PERSON,73513,73521,doc_016,Renewable Energy Directive
system s,PERSON,73522,73530,doc_016,Renewable Energy Directive
25 %,PERCENT,73891,73895,doc_016,Renewable Energy Directive
91 %,PERCENT,74009,74013,doc_016,Renewable Energy Directive
50 %,PERCENT,74041,74045,doc_016,Renewable Energy Directive
industr y,PERSON,74500,74509,doc_016,Renewable Energy Directive
Hydroge,ORG,77038,77045,doc_016,Renewable Energy Directive
8 July 2020,DATE,77252,77263,doc_016,Renewable Energy Directive
2030,CARDINAL,77472,77476,doc_016,Renewable Energy Directive
the Union’s Innovation Fund,ORG,77591,77618,doc_016,Renewable Energy Directive
Article 10a(8,LAW,77635,77648,doc_016,Renewable Energy Directive
Directive 2003/87/EC of the European Parliament,ORG,77653,77700,doc_016,Renewable Energy Directive
the Inno vation Fund,ORG,78295,78315,doc_016,Renewable Energy Directive
70 %,PERCENT,78449,78453,doc_016,Renewable Energy Directive
owledg ed,PERSON,78542,78551,doc_016,Renewable Energy Directive
Annex II,PRODUCT,79640,79648,doc_016,Renewable Energy Directive
around half,CARDINAL,79842,79853,doc_016,Renewable Energy Directive
"0,8",CARDINAL,80243,80246,doc_016,Renewable Energy Directive
between 2021 and 2025,DATE,80266,80287,doc_016,Renewable Energy Directive
"1,1",CARDINAL,80296,80299,doc_016,Renewable Energy Directive
between 2026 and 2030,DATE,80318,80339,doc_016,Renewable Energy Directive
ed specifi,PERSON,80483,80494,doc_016,Renewable Energy Directive
"1,8",CARDINAL,80564,80567,doc_016,Renewable Energy Directive
2003,DATE,80913,80917,doc_016,Renewable Energy Directive
32).OJ,CARDINAL,81070,81076,doc_016,Renewable Energy Directive
first,ORDINAL,81342,81347,doc_016,Renewable Energy Directive
two,CARDINAL,81539,81542,doc_016,Renewable Energy Directive
accompan,PERSON,81947,81955,doc_016,Renewable Energy Directive
"2,2",CARDINAL,82668,82671,doc_016,Renewable Energy Directive
provid ing additional,PERSON,83399,83420,doc_016,Renewable Energy Directive
mal stora ge,ORG,83797,83809,doc_016,Renewable Energy Directive
second,ORDINAL,84150,84156,doc_016,Renewable Energy Directive
Specifi,ORG,85487,85494,doc_016,Renewable Energy Directive
al waste,PERSON,85892,85900,doc_016,Renewable Energy Directive
18/77(71,CARDINAL,85994,86002,doc_016,Renewable Energy Directive
"at least 1,2 %",PERCENT,88540,88554,doc_016,Renewable Energy Directive
2023/1805,DATE,88703,88712,doc_016,Renewable Energy Directive
2023/2405,DATE,88726,88735,doc_016,Renewable Energy Directive
28)of,CARDINAL,88737,88742,doc_016,Renewable Energy Directive
mar ine bunker ing,PERSON,89027,89045,doc_016,Renewable Energy Directive
mar ine bunk,PERSON,89138,89151,doc_016,Renewable Energy Directive
13 %,PERCENT,89969,89973,doc_016,Renewable Energy Directive
more than a third,CARDINAL,90179,90196,doc_016,Renewable Energy Directive
5 %,PERCENT,90255,90258,doc_016,Renewable Energy Directive
the Council of 13 September 2023,ORG,90623,90655,doc_016,Renewable Energy Directive
2009/16,CARDINAL,90751,90758,doc_016,Renewable Energy Directive
22.9.2023,CARDINAL,90773,90782,doc_016,Renewable Energy Directive
31.10.2023,CARDINAL,90992,91002,doc_016,Renewable Energy Directive
s. The Union,ORG,93183,93195,doc_016,Renewable Energy Directive
chang e.,PERSON,93353,93361,doc_016,Renewable Energy Directive
100 %,PERCENT,95852,95857,doc_016,Renewable Energy Directive
rega rdless,PERSON,97621,97632,doc_016,Renewable Energy Directive
1 July 2028,DATE,97940,97951,doc_016,Renewable Energy Directive
industr y. (,PERSON,99416,99428,doc_016,Renewable Energy Directive
2008/56,CARDINAL,100278,100285,doc_016,Renewable Energy Directive
2009/147,CARDINAL,100354,100362,doc_016,Renewable Energy Directive
the Council of 17 June 2008,ORG,100839,100866,doc_016,Renewable Energy Directive
mar ine,PERSON,100931,100938,doc_016,Renewable Energy Directive
Mar ine Strategy Framewo rk Directive,ORG,100961,100998,doc_016,Renewable Energy Directive
19).OJ,CARDINAL,101025,101031,doc_016,Renewable Energy Directive
21/77agricultural,CARDINAL,101056,101073,doc_016,Renewable Energy Directive
approac h provid,ORG,101112,101128,doc_016,Renewable Energy Directive
specifi ed,PERSON,101681,101691,doc_016,Renewable Energy Directive
ed adap,PERSON,101946,101953,doc_016,Renewable Energy Directive
2018/841,CARDINAL,102166,102174,doc_016,Renewable Energy Directive
Article 349 TFEU,LAW,102489,102505,doc_016,Renewable Energy Directive
rega,PERSON,103570,103574,doc_016,Renewable Energy Directive
30 May 2018,DATE,105708,105719,doc_016,Renewable Energy Directive
"OJ L 156, 19.6.2018",ORG,105938,105957,doc_016,Renewable Energy Directive
Union,LOC,106078,106083,doc_016,Renewable Energy Directive
Commission Implementing Regulation,ORG,106612,106646,doc_016,Renewable Energy Directive
2022/996,DATE,106652,106660,doc_016,Renewable Energy Directive
55 %,PERCENT,108440,108444,doc_016,Renewable Energy Directive
2022/996,CARDINAL,109749,109757,doc_016,Renewable Energy Directive
14 June 2022,DATE,109761,109773,doc_016,Renewable Energy Directive
27.6.2022,GPE,109913,109922,doc_016,Renewable Energy Directive
1998,DATE,110015,110019,doc_016,Renewable Energy Directive
28.12.1998,DATE,110124,110134,doc_016,Renewable Energy Directive
58).OJ L,PRODUCT,110139,110147,doc_016,Renewable Energy Directive
Council Directive,ORG,110180,110197,doc_016,Renewable Energy Directive
Article 7a,LAW,110288,110298,doc_016,Renewable Energy Directive
Directive,PERSON,110426,110435,doc_016,Renewable Energy Directive
7 %,PERCENT,110585,110588,doc_016,Renewable Energy Directive
FAME,ORG,110616,110620,doc_016,Renewable Energy Directive
7 % to 10 %,PERCENT,110914,110925,doc_016,Renewable Energy Directive
B10,ORG,110961,110964,doc_016,Renewable Energy Directive
10 %,PERCENT,111003,111007,doc_016,Renewable Energy Directive
Article 4(1,LAW,111230,111241,doc_016,Renewable Energy Directive
Directive 98/70/EC,ORG,111269,111287,doc_016,Renewable Energy Directive
98/70,CARDINAL,111468,111473,doc_016,Renewable Energy Directive
Article 5 of the Treaty on European Union,LAW,111873,111914,doc_016,Renewable Energy Directive
Sept ember 2011,DATE,112154,112169,doc_016,Renewable Energy Directive
accompan y,PERSON,112274,112284,doc_016,Renewable Energy Directive
European,NORP,112678,112686,doc_016,Renewable Energy Directive
Justice,ORG,112697,112704,doc_016,Renewable Energy Directive
Case Commission,ORG,112708,112723,doc_016,Renewable Energy Directive
Belgium,GPE,112727,112734,doc_016,Renewable Energy Directive
Article 1 Amendments to Directiv,LAW,113170,113202,doc_016,Renewable Energy Directive
33)Council Directive,ORG,113720,113740,doc_016,Renewable Energy Directive
25.4.2015,CARDINAL,113974,113983,doc_016,Renewable Energy Directive
34)OJ,CARDINAL,113994,113999,doc_016,Renewable Energy Directive
17.12.2011,CARDINAL,114007,114017,doc_016,Renewable Energy Directive
July 2019,DATE,114069,114078,doc_016,Renewable Energy Directive
Commission v Belgium,ORG,114080,114100,doc_016,Renewable Energy Directive
24/77(1a,CARDINAL,114158,114166,doc_016,Renewable Energy Directive
node density,ORG,114428,114440,doc_016,Renewable Energy Directive
Member State,ORG,114516,114528,doc_016,Renewable Energy Directive
14a,DATE,115517,115520,doc_016,Renewable Energy Directive
the Council (*,ORG,115658,115672,doc_016,Renewable Energy Directive
14b,DATE,115676,115679,doc_016,Renewable Energy Directive
14c,CARDINAL,115996,115999,doc_016,Renewable Energy Directive
smar t meter,PERSON,116002,116014,doc_016,Renewable Energy Directive
rech,ORG,116183,116187,doc_016,Renewable Energy Directive
2 kwh,QUANTITY,116694,116699,doc_016,Renewable Energy Directive
14h,DATE,116775,116778,doc_016,Renewable Energy Directive
14i,DATE,116970,116973,doc_016,Renewable Energy Directive
14j,DATE,117100,117103,doc_016,Renewable Energy Directive
14k,DATE,117216,117219,doc_016,Renewable Energy Directive
2023/1542;OJ L,DATE,117322,117336,doc_016,Renewable Energy Directive
14o,CARDINAL,118010,118013,doc_016,Renewable Energy Directive
14p,DATE,118145,118148,doc_016,Renewable Energy Directive
al market,PERSON,118891,118900,doc_016,Renewable Energy Directive
2023,DATE,119078,119082,doc_016,Renewable Energy Directive
NA CE REV .2,ORG,119701,119713,doc_016,Renewable Energy Directive
18b,DATE,119812,119815,doc_016,Renewable Energy Directive
the Council of 20 December 2006,ORG,120020,120051,doc_016,Renewable Energy Directive
NACE Revision 2,LAW,120120,120135,doc_016,Renewable Energy Directive
Council Regulation,ORG,120149,120168,doc_016,Renewable Energy Directive
EC Regulations,ORG,120205,120219,doc_016,Renewable Energy Directive
30.12.2006,DATE,120264,120274,doc_016,Renewable Energy Directive
22b,CARDINAL,120440,120443,doc_016,Renewable Energy Directive
26/77(h,DATE,120808,120815,doc_016,Renewable Energy Directive
44a,CARDINAL,120856,120859,doc_016,Renewable Energy Directive
2023/1115,DATE,120964,120973,doc_016,Renewable Energy Directive
44c,CARDINAL,121171,121174,doc_016,Renewable Energy Directive
44e,DATE,121540,121543,doc_016,Renewable Energy Directive
the Council of 31 May 2023,ORG,121918,121944,doc_016,Renewable Energy Directive
the Union of certain,ORG,122012,122032,doc_016,Renewable Energy Directive
9.6.2023,CARDINAL,122166,122174,doc_016,Renewable Energy Directive
"at least 42,5 %",PERCENT,122426,122441,doc_016,Renewable Energy Directive
27/773a,CARDINAL,123894,123901,doc_016,Renewable Energy Directive
salvag,PERSON,124514,124520,doc_016,Renewable Energy Directive
Article 11 of Regulation,LAW,125815,125839,doc_016,Renewable Energy Directive
2021/1056,DATE,125845,125854,doc_016,Renewable Energy Directive
Article 29(11,LAW,125999,126012,doc_016,Renewable Energy Directive
CO 2,PRODUCT,126069,126073,doc_016,Renewable Energy Directive
2027,DATE,126433,126437,doc_016,Renewable Energy Directive
the Council of 24 June 2021,ORG,126834,126861,doc_016,Renewable Energy Directive
30.6.2021,DATE,126912,126921,doc_016,Renewable Energy Directive
the Member State’s,ORG,127229,127247,doc_016,Renewable Energy Directive
Article 17,LAW,128439,128449,doc_016,Renewable Energy Directive
Article 7,LAW,128477,128486,doc_016,Renewable Energy Directive
mar ine bunk ers,PERSON,130919,130935,doc_016,Renewable Energy Directive
Article 9,LAW,130943,130952,doc_016,Renewable Energy Directive
31 December 2025,DATE,131028,131044,doc_016,Renewable Energy Directive
31 December 2030,DATE,131250,131266,doc_016,Renewable Energy Directive
31 December 2033,DATE,131362,131378,doc_016,Renewable Energy Directive
more than 100,CARDINAL,131440,131453,doc_016,Renewable Energy Directive
Article 14(2,LAW,131748,131760,doc_016,Renewable Energy Directive
Article 30(1,LAW,131912,131924,doc_016,Renewable Energy Directive
29/77Member,CARDINAL,132099,132110,doc_016,Renewable Energy Directive
State,ORG,132111,132116,doc_016,Renewable Energy Directive
Article 14 of Regulation,LAW,133502,133526,doc_016,Renewable Energy Directive
2022/869,DATE,133532,133540,doc_016,Renewable Energy Directive
Official Journal of the European Union,ORG,135786,135824,doc_016,Renewable Energy Directive
Regulation,ORG,135861,135871,doc_016,Renewable Energy Directive
2017/1369,DATE,135877,135886,doc_016,Renewable Energy Directive
2009/125,CARDINAL,135952,135960,doc_016,Renewable Energy Directive
30/772a,PRODUCT,136318,136325,doc_016,Renewable Energy Directive
a limite d period,DATE,136525,136542,doc_016,Renewable Energy Directive
safegua,GPE,136621,136628,doc_016,Renewable Energy Directive
al mark,PERSON,136755,136762,doc_016,Renewable Energy Directive
the Council of 4 July 2017,ORG,137995,138021,doc_016,Renewable Energy Directive
28.7.2017,CARDINAL,138111,138120,doc_016,Renewable Energy Directive
October 2009,DATE,138208,138220,doc_016,Renewable Energy Directive
31.10.2009,DATE,138329,138339,doc_016,Renewable Energy Directive
21 November 2025,DATE,139906,139922,doc_016,Renewable Energy Directive
Article 15a Mains,LAW,140257,140274,doc_016,Renewable Energy Directive
at least a,CARDINAL,140672,140682,doc_016,Renewable Energy Directive
49 %,PERCENT,140683,140687,doc_016,Renewable Energy Directive
20 %,PERCENT,141185,141189,doc_016,Renewable Energy Directive
half,CARDINAL,141278,141282,doc_016,Renewable Energy Directive
Article 4 of,LAW,142212,142224,doc_016,Renewable Energy Directive
militar,ORG,143279,143286,doc_016,Renewable Energy Directive
provid ing,PERSON,143630,143640,doc_016,Renewable Energy Directive
32/776,CARDINAL,144025,144031,doc_016,Renewable Energy Directive
Article 11,LAW,144659,144669,doc_016,Renewable Energy Directive
Article 15b Mapping,LAW,145098,145117,doc_016,Renewable Energy Directive
21 May 2025,DATE,145232,145243,doc_016,Renewable Energy Directive
Article 15c,LAW,147776,147787,doc_016,Renewable Energy Directive
Renewables,NORP,147788,147798,doc_016,Renewable Energy Directive
2026,DATE,147837,147841,doc_016,Renewable Energy Directive
Article 15b(1,LAW,147980,147993,doc_016,Renewable Energy Directive
33/77(a,CARDINAL,148222,148229,doc_016,Renewable Energy Directive
mar ine mammal migrat ory,PERSON,149055,149080,doc_016,Renewable Energy Directive
Article 6(2,LAW,150469,150480,doc_016,Renewable Energy Directive
Article 12(1,LAW,150486,150498,doc_016,Renewable Energy Directive
Directive 92/43/EEC,ORG,150503,150522,doc_016,Renewable Energy Directive
Article 5 of,LAW,150524,150536,doc_016,Renewable Energy Directive
Directive 2000/60/EC of the European Parliament,ORG,150596,150643,doc_016,Renewable Energy Directive
Directive 2000/60/EC,ORG,150810,150830,doc_016,Renewable Energy Directive
Article 16a(4,LAW,151408,151421,doc_016,Renewable Energy Directive
Article 6(3,LAW,152643,152654,doc_016,Renewable Energy Directive
34/773,DATE,152707,152713,doc_016,Renewable Energy Directive
21 May 2024,DATE,153554,153565,doc_016,Renewable Energy Directive
Article 16a,DATE,154514,154525,doc_016,Renewable Energy Directive
Article 15d,LAW,154584,154595,doc_016,Renewable Energy Directive
Article 15c(1,LAW,154748,154761,doc_016,Renewable Energy Directive
Article 6 of Directive 2001/42/,LAW,154803,154834,doc_016,Renewable Energy Directive
Article 15e,LAW,155073,155084,doc_016,Renewable Energy Directive
necessar,GPE,155128,155136,doc_016,Renewable Energy Directive
the site;OJ L,ORG,155964,155977,doc_016,Renewable Energy Directive
35/77(b,CARDINAL,156000,156007,doc_016,Renewable Energy Directive
Natura 2000,ORG,156041,156052,doc_016,Renewable Energy Directive
Article 2(1,LAW,156821,156832,doc_016,Renewable Energy Directive
Article 4(2,LAW,156838,156849,doc_016,Renewable Energy Directive
Annex,PERSON,156858,156863,doc_016,Renewable Energy Directive
Annex II,PERSON,156881,156889,doc_016,Renewable Energy Directive
mitig ation measures,ORG,157953,157974,doc_016,Renewable Energy Directive
Article,PRODUCT,158042,158049,doc_016,Renewable Energy Directive
20 November 2023,DATE,158154,158170,doc_016,Renewable Energy Directive
Article 7 of Directive 2011/92/EU,LAW,158486,158519,doc_016,Renewable Energy Directive
30 days,DATE,159100,159108,doc_016,Renewable Energy Directive
Article 4 of Directive 2011/92/EU,LAW,160751,160784,doc_016,Renewable Energy Directive
2014/89,CARDINAL,161021,161028,doc_016,Renewable Energy Directive
the Council of 23 July 2014,ORG,161066,161093,doc_016,Renewable Energy Directive
22.7.1992,DATE,161312,161321,doc_016,Renewable Energy Directive
Novem,PERSON,161409,161414,doc_016,Renewable Energy Directive
2009,DATE,161419,161423,doc_016,Renewable Energy Directive
Community,ORG,161610,161619,doc_016,Renewable Energy Directive
Article 16 Organisation,LAW,162150,162173,doc_016,Renewable Energy Directive
compris,PERSON,162808,162815,doc_016,Renewable Energy Directive
45 days,DATE,163195,163202,doc_016,Renewable Energy Directive
dela y.,PERSON,163572,163579,doc_016,Renewable Energy Directive
more than one,CARDINAL,164040,164053,doc_016,Renewable Energy Directive
November 2025,DATE,164740,164753,doc_016,Renewable Energy Directive
37/774,CARDINAL,164880,164886,doc_016,Renewable Energy Directive
ed necessar y,PERSON,167100,167113,doc_016,Renewable Energy Directive
Article 16a,LAW,167683,167694,doc_016,Renewable Energy Directive
Article 16(1,LAW,167836,167848,doc_016,Renewable Energy Directive
12 months,DATE,167867,167877,doc_016,Renewable Energy Directive
up to six months,DATE,168185,168201,doc_016,Renewable Energy Directive
less than 150,CARDINAL,168472,168485,doc_016,Renewable Energy Directive
six-month,DATE,169115,169124,doc_016,Renewable Energy Directive
up to three months,DATE,169135,169153,doc_016,Renewable Energy Directive
12-month,DATE,169162,169170,doc_016,Renewable Energy Directive
6(c,CARDINAL,169517,169520,doc_016,Renewable Energy Directive
13(a,CARDINAL,169558,169562,doc_016,Renewable Energy Directive
Article 7 of Directive 2011/92,LAW,171664,171694,doc_016,Renewable Energy Directive
Article 16b,LAW,175762,175773,doc_016,Renewable Energy Directive
three years,DATE,176150,176161,doc_016,Renewable Energy Directive
92/43/EEC,ORG,176630,176639,doc_016,Renewable Energy Directive
ed necessar,PERSON,177194,177205,doc_016,Renewable Energy Directive
ed under Article 12(1,PERSON,177280,177301,doc_016,Renewable Energy Directive
up to three,CARDINAL,178611,178622,doc_016,Renewable Energy Directive
40/77Article 16c,DATE,178785,178801,doc_016,Renewable Energy Directive
15 %,PERCENT,179007,179011,doc_016,Renewable Energy Directive
three months,DATE,179259,179271,doc_016,Renewable Energy Directive
Article 16d,LAW,180444,180455,doc_016,Renewable Energy Directive
3(a,CARDINAL,181059,181062,doc_016,Renewable Energy Directive
100 kW,QUANTITY,181683,181689,doc_016,Renewable Energy Directive
one month,DATE,181792,181801,doc_016,Renewable Energy Directive
Article 16e,LAW,182438,182449,doc_016,Renewable Energy Directive
41/772,CARDINAL,182794,182800,doc_016,Renewable Energy Directive
two weeks,DATE,183089,183098,doc_016,Renewable Energy Directive
up to,CARDINAL,183165,183170,doc_016,Renewable Energy Directive
at least 60 %,PERCENT,183427,183440,doc_016,Renewable Energy Directive
Article 16f,LAW,183871,183882,doc_016,Renewable Energy Directive
2024,DATE,183926,183930,doc_016,Renewable Energy Directive
Article 6(4,LAW,184365,184376,doc_016,Renewable Energy Directive
Article 4(7,LAW,184433,184444,doc_016,Renewable Energy Directive
Article 9(1,LAW,184474,184485,doc_016,Renewable Energy Directive
Article 18,LAW,185040,185050,doc_016,Renewable Energy Directive
voltaic,ORG,185375,185382,doc_016,Renewable Energy Directive
42/774,CARDINAL,187158,187164,doc_016,Renewable Energy Directive
Article 19,LAW,187531,187541,doc_016,Renewable Energy Directive
1 Wh,CARDINAL,188494,188498,doc_016,Renewable Energy Directive
less than 50,CARDINAL,188793,188805,doc_016,Renewable Energy Directive
fourth,ORDINAL,188862,188868,doc_016,Renewable Energy Directive
the latest 18 months,DATE,189451,189471,doc_016,Renewable Energy Directive
the latest six months,DATE,189776,189797,doc_016,Renewable Energy Directive
hourly,TIME,190325,190331,doc_016,Renewable Energy Directive
generat ed,PERSON,191883,191893,doc_016,Renewable Energy Directive
13a,DATE,192055,192058,doc_016,Renewable Energy Directive
30 June 2025,DATE,192155,192168,doc_016,Renewable Energy Directive
Article 20,LAW,192347,192357,doc_016,Renewable Energy Directive
submitt ed,PERSON,192497,192507,doc_016,Renewable Energy Directive
Article is inser ted: ‘Article 20a Facilitat,LAW,193394,193438,doc_016,Renewable Energy Directive
no more than one hour,MONEY,193889,193910,doc_016,Renewable Energy Directive
the European Netw,ORG,194215,194232,doc_016,Renewable Energy Directive
Transmission System Operators,ORG,194240,194269,doc_016,Renewable Energy Directive
Electr,ORG,194274,194280,doc_016,Renewable Energy Directive
44/773,DATE,195305,195311,doc_016,Renewable Energy Directive
relat ed,PERSON,196063,196071,doc_016,Renewable Energy Directive
provid ers,PERSON,196419,196429,doc_016,Renewable Energy Directive
2018/858,CARDINAL,196653,196661,doc_016,Renewable Energy Directive
Article 15(3,LAW,197207,197219,doc_016,Renewable Energy Directive
2007/46,CARDINAL,198513,198520,doc_016,Renewable Energy Directive
OJ L 151,ORG,198525,198533,doc_016,Renewable Energy Directive
14.6.2018,DATE,198535,198544,doc_016,Renewable Energy Directive
Article 22a Mains,LAW,198600,198617,doc_016,Renewable Energy Directive
"at least 1,6",CARDINAL,198866,198878,doc_016,Renewable Energy Directive
"0,4",CARDINAL,199115,199118,doc_016,Renewable Energy Directive
only one,CARDINAL,199278,199286,doc_016,Renewable Energy Directive
45/77Member States,PERCENT,199593,199611,doc_016,Renewable Energy Directive
at least 42 %,PERCENT,200876,200889,doc_016,Renewable Energy Directive
60 %,PERCENT,200980,200984,doc_016,Renewable Energy Directive
2035,DATE,200988,200992,doc_016,Renewable Energy Directive
Annex III,PRODUCT,202078,202087,doc_016,Renewable Energy Directive
fifth,ORDINAL,202140,202145,doc_016,Renewable Energy Directive
manuf actur,PERSON,202850,202861,doc_016,Renewable Energy Directive
2021/2279,DATE,202988,202997,doc_016,Renewable Energy Directive
Article 22b,LAW,204254,204265,doc_016,Renewable Energy Directive
Article 22a(1,LAW,204540,204553,doc_016,Renewable Energy Directive
ed national,PERSON,204798,204809,doc_016,Renewable Energy Directive
Annex II,EVENT,204872,204880,doc_016,Renewable Energy Directive
more than 23 %,PERCENT,205037,205051,doc_016,Renewable Energy Directive
more than 20 %,PERCENT,205068,205082,doc_016,Renewable Energy Directive
Article 17 of that Regulation,LAW,205569,205598,doc_016,Renewable Energy Directive
15 December 2021,DATE,206105,206121,doc_016,Renewable Energy Directive
30.12.2021,DATE,206285,206295,doc_016,Renewable Energy Directive
Article 23,LAW,206311,206321,doc_016,Renewable Energy Directive
"at least 0,8",CARDINAL,206562,206574,doc_016,Renewable Energy Directive
the period 2021 to,DATE,206631,206649,doc_016,Renewable Energy Directive
"at least 1,1",CARDINAL,206662,206674,doc_016,Renewable Energy Directive
"1,0",CARDINAL,207308,207311,doc_016,Renewable Energy Directive
"1,3",CARDINAL,207366,207369,doc_016,Renewable Energy Directive
2030.OJ L,ORG,207411,207420,doc_016,Renewable Energy Directive
higher than 100 %,PERCENT,208273,208290,doc_016,Renewable Energy Directive
two previous years,DATE,209649,209667,doc_016,Renewable Energy Directive
Article 14(1,LAW,210778,210790,doc_016,Renewable Energy Directive
Annex Ia,PERSON,211175,211183,doc_016,Renewable Energy Directive
’;OJ L,PERSON,211610,211616,doc_016,Renewable Energy Directive
48/77(c,DATE,211639,211646,doc_016,Renewable Energy Directive
industr y. When,PERSON,214367,214382,doc_016,Renewable Energy Directive
Article 24,LAW,214635,214645,doc_016,Renewable Energy Directive
.’;OJ L,PERSON,215344,215351,doc_016,Renewable Energy Directive
49/77(b,CARDINAL,215374,215381,doc_016,Renewable Energy Directive
up to 60 %,PERCENT,217687,217697,doc_016,Renewable Energy Directive
MWth,ORG,218206,218210,doc_016,Renewable Energy Directive
cold;OJ L,PERSON,219127,219136,doc_016,Renewable Energy Directive
50/77(b,MONEY,219159,219166,doc_016,Renewable Energy Directive
s necessar,PERSON,219254,219264,doc_016,Renewable Energy Directive
ed via,PERSON,220778,220785,doc_016,Renewable Energy Directive
four years,DATE,221408,221418,doc_016,Renewable Energy Directive
distr ict,PERSON,222408,222417,doc_016,Renewable Energy Directive
operat ors,ORG,222672,222682,doc_016,Renewable Energy Directive
51/779,CARDINAL,222767,222773,doc_016,Renewable Energy Directive
2 %,PERCENT,223212,223215,doc_016,Renewable Energy Directive
24 December 2018,DATE,223285,223301,doc_016,Renewable Energy Directive
Article 23(1b,LAW,223715,223728,doc_016,Renewable Energy Directive
90 %,PERCENT,223754,223758,doc_016,Renewable Energy Directive
Article 25,LAW,223916,223926,doc_016,Renewable Energy Directive
Article 25 Increase,LAW,223958,223977,doc_016,Renewable Energy Directive
at least 29 %,PERCENT,224351,224364,doc_016,Renewable Energy Directive
"at least 14,5 %",PERCENT,224422,224437,doc_016,Renewable Energy Directive
Article 27(1,LAW,224485,224497,doc_016,Renewable Energy Directive
at least 1 %,PERCENT,224794,224806,doc_016,Renewable Energy Directive
"5,5 %",PERCENT,224820,224825,doc_016,Renewable Energy Directive
at least 1,CARDINAL,224855,224865,doc_016,Renewable Energy Directive
Article 28(6,LAW,226007,226019,doc_016,Renewable Energy Directive
52/772,CARDINAL,226222,226228,doc_016,Renewable Energy Directive
Article 26,LAW,228481,228491,doc_016,Renewable Energy Directive
Article 7 and,LAW,228730,228743,doc_016,Renewable Energy Directive
Article 25(1,LAW,228853,228865,doc_016,Renewable Energy Directive
2019,DATE,230817,230821,doc_016,Renewable Energy Directive
1 Septembe,PERCENT,231023,231033,doc_016,Renewable Energy Directive
delega,PERSON,231242,231248,doc_016,Renewable Energy Directive
Article 35,LAW,231277,231287,doc_016,Renewable Energy Directive
Article 27,LAW,232902,232912,doc_016,Renewable Energy Directive
Article 27 Calculation,LAW,232944,232966,doc_016,Renewable Energy Directive
Article 31,LAW,233503,233513,doc_016,Renewable Energy Directive
Article 29a(3,LAW,233787,233800,doc_016,Renewable Energy Directive
EF(t,PERSON,234253,234257,doc_016,Renewable Energy Directive
1 Januar y 2031,DATE,234285,234300,doc_016,Renewable Energy Directive
ISO,ORG,235235,235238,doc_016,Renewable Energy Directive
Cypr,PERSON,236088,236092,doc_016,Renewable Energy Directive
Malta,GPE,236100,236105,doc_016,Renewable Energy Directive
"1,7 %",PERCENT,236122,236127,doc_016,Renewable Energy Directive
Annex IX,ORG,237738,237746,doc_016,Renewable Energy Directive
ent;OJ L,ORG,237842,237850,doc_016,Renewable Energy Directive
four,CARDINAL,237944,237948,doc_016,Renewable Energy Directive
"1,5",CARDINAL,238035,238038,doc_016,Renewable Energy Directive
"1,2",CARDINAL,238285,238288,doc_016,Renewable Energy Directive
adap ting,PERSON,240332,240341,doc_016,Renewable Energy Directive
"at least 1,7 %",PERCENT,240531,240545,doc_016,Renewable Energy Directive
five-years,DATE,240846,240856,doc_016,Renewable Energy Directive
no more than 13 %,PERCENT,241768,241785,doc_016,Renewable Energy Directive
no more than 5 %,PERCENT,241982,241998,doc_016,Renewable Energy Directive
56/776,CARDINAL,242079,242085,doc_016,Renewable Energy Directive
two years before the year,DATE,242345,242370,doc_016,Renewable Energy Directive
Electr,PERSON,243025,243031,doc_016,Renewable Energy Directive
31 December 2021,DATE,243383,243399,doc_016,Renewable Energy Directive
Article 22a,LAW,244442,244453,doc_016,Renewable Energy Directive
industr y.’,PERSON,245313,245324,doc_016,Renewable Energy Directive
Article 28,LAW,245331,245341,doc_016,Renewable Energy Directive
30 June 2024,DATE,245459,245471,doc_016,Renewable Energy Directive
57/77The Commission,ORG,246452,246471,doc_016,Renewable Energy Directive
Article 29,LAW,246701,246711,doc_016,Renewable Energy Directive
Article 15a(1,LAW,246956,246969,doc_016,Renewable Energy Directive
Article 23(1,LAW,246988,247000,doc_016,Renewable Energy Directive
Article 24(4,LAW,247003,247015,doc_016,Renewable Energy Directive
0 °,CARDINAL,248589,248592,doc_016,Renewable Energy Directive
Januar,ORG,249426,249432,doc_016,Renewable Energy Directive
ed;OJ L,ORG,249807,249814,doc_016,Renewable Energy Directive
58/77(b,CARDINAL,249837,249844,doc_016,Renewable Energy Directive
Intern,ORG,250590,250596,doc_016,Renewable Energy Directive
Conser,PERSON,250620,250626,doc_016,Renewable Energy Directive
Nature,WORK_OF_ART,250637,250643,doc_016,Renewable Energy Directive
Article 30(4,LAW,250693,250705,doc_016,Renewable Energy Directive
a)(vi,FAC,251585,251590,doc_016,Renewable Energy Directive
Article 34(3,LAW,252073,252085,doc_016,Renewable Energy Directive
Januar,GPE,252767,252773,doc_016,Renewable Energy Directive
uction;OJ L,PERSON,253509,253520,doc_016,Renewable Energy Directive
59/77(iv,CARDINAL,253543,253551,doc_016,Renewable Energy Directive
al processes,PERSON,255008,255020,doc_016,Renewable Energy Directive
Article 30(3,LAW,255076,255088,doc_016,Renewable Energy Directive
Article 4 of Regulation,LAW,256830,256853,doc_016,Renewable Energy Directive
2021-2030,DATE,257426,257435,doc_016,Renewable Energy Directive
andOJ L,ORG,257722,257729,doc_016,Renewable Energy Directive
60/77(c,CARDINAL,257752,257759,doc_016,Renewable Energy Directive
submitt ed pursuant,PERSON,258091,258111,doc_016,Renewable Energy Directive
OJ L 156,ORG,258480,258488,doc_016,Renewable Energy Directive
19.6.2018,DATE,258491,258500,doc_016,Renewable Energy Directive
at least 80 %,PERCENT,258738,258751,doc_016,Renewable Energy Directive
at least 70 %,PERCENT,258983,258996,doc_016,Renewable Energy Directive
31 December 2029,DATE,259003,259019,doc_016,Renewable Energy Directive
15 years,DATE,259352,259360,doc_016,Renewable Energy Directive
lower than 10,CARDINAL,259927,259940,doc_016,Renewable Energy Directive
80 %,PERCENT,260002,260006,doc_016,Renewable Energy Directive
10 and 11,CARDINAL,260831,260840,doc_016,Renewable Energy Directive
61/77(b,CARDINAL,261476,261483,doc_016,Renewable Energy Directive
Article is inser ted: ‘Article 29a,LAW,261748,261782,doc_016,Renewable Energy Directive
Articles 3(1,DATE,262054,262066,doc_016,Renewable Energy Directive
23(1,CARDINAL,262085,262089,doc_016,Renewable Energy Directive
24(4,CARDINAL,262092,262096,doc_016,Renewable Energy Directive
Article 30,LAW,263124,263134,doc_016,Renewable Energy Directive
Article 29(2,LAW,263749,263761,doc_016,Renewable Energy Directive
Article 29a(1,LAW,263783,263796,doc_016,Renewable Energy Directive
62/77(c,DATE,265171,265178,doc_016,Renewable Energy Directive
Article 29(3,LAW,265875,265887,doc_016,Renewable Energy Directive
Article 29(4,LAW,265920,265932,doc_016,Renewable Energy Directive
Article 29(5,LAW,265947,265959,doc_016,Renewable Energy Directive
Article 29(6,LAW,265962,265974,doc_016,Renewable Energy Directive
Article 29(7,LAW,265992,266004,doc_016,Renewable Energy Directive
ed against fraud,PERSON,266229,266245,doc_016,Renewable Energy Directive
Article 29(10,LAW,267369,267382,doc_016,Renewable Energy Directive
Article 27(6,LAW,267440,267452,doc_016,Renewable Energy Directive
Article 31a(5,LAW,267459,267472,doc_016,Renewable Energy Directive
Internati onal Union,ORG,268017,268037,doc_016,Renewable Energy Directive
Article shall,LAW,269543,269556,doc_016,Renewable Energy Directive
"between 7,5 and 20",CARDINAL,269869,269887,doc_016,Renewable Energy Directive
Article 29(1,LAW,271639,271651,doc_016,Renewable Energy Directive
Article 31a Union,LAW,272171,272188,doc_016,Renewable Energy Directive
the ‘Union,ORG,272373,272383,doc_016,Renewable Energy Directive
withdra,PERSON,274944,274951,doc_016,Renewable Energy Directive
65/77Member,CARDINAL,277252,277263,doc_016,Renewable Energy Directive
Aggreg,GPE,277655,277661,doc_016,Renewable Energy Directive
Article 33,LAW,278286,278296,doc_016,Renewable Energy Directive
31 December 2027,DATE,278424,278440,doc_016,Renewable Energy Directive
the European Scientific Advisor,ORG,278843,278874,doc_016,Renewable Energy Directive
Board on Climate Change,ORG,278877,278900,doc_016,Renewable Energy Directive
Article 10a,LAW,278919,278930,doc_016,Renewable Energy Directive
Article 4(4,LAW,279085,279096,doc_016,Renewable Energy Directive
the Council of 23 Apr il 2009,ORG,279627,279656,doc_016,Renewable Energy Directive
the European Environment Age,ORG,279660,279689,doc_016,Renewable Energy Directive
the European Environment Information,ORG,279698,279734,doc_016,Renewable Energy Directive
21.5.2009,DATE,279772,279781,doc_016,Renewable Energy Directive
Article 29(7a,LAW,280189,280202,doc_016,Renewable Energy Directive
Article 8(3,LAW,280483,280494,doc_016,Renewable Energy Directive
Article 26(2,LAW,280518,280530,doc_016,Renewable Energy Directive
Article 27(3,LAW,280589,280601,doc_016,Renewable Energy Directive
Article 27(4,LAW,280604,280616,doc_016,Renewable Energy Directive
Article 28(5,LAW,280656,280668,doc_016,Renewable Energy Directive
Article 31(5,LAW,280723,280735,doc_016,Renewable Energy Directive
Article 31a(2,LAW,280764,280777,doc_016,Renewable Energy Directive
five years,DATE,280855,280865,doc_016,Renewable Energy Directive
nine months,DATE,280984,280995,doc_016,Renewable Energy Directive
five,CARDINAL,281018,281022,doc_016,Renewable Energy Directive
Article 7(3,LAW,281351,281362,doc_016,Renewable Energy Directive
article 27(4,LAW,281506,281518,doc_016,Renewable Energy Directive
the day,DATE,281878,281885,doc_016,Renewable Energy Directive
the Official Journal of the European Union,ORG,281932,281974,doc_016,Renewable Energy Directive
specifi ed therein,PERSON,281995,282013,doc_016,Renewable Energy Directive
a period of,DATE,282631,282642,doc_016,Renewable Energy Directive
two months,DATE,282643,282653,doc_016,Renewable Energy Directive
Annexes,ORG,283039,283046,doc_016,Renewable Energy Directive
Article 2 Amendments to Regulation,LAW,283066,283100,doc_016,Renewable Energy Directive
Union’s 2030,ORG,283260,283272,doc_016,Renewable Energy Directive
the European Council,ORG,283841,283861,doc_016,Renewable Energy Directive
1).’;OJ,CARDINAL,284117,284124,doc_016,Renewable Energy Directive
67/77(b,CARDINAL,284149,284156,doc_016,Renewable Energy Directive
2022,DATE,285078,285082,doc_016,Renewable Energy Directive
at least 18 %,PERCENT,285145,285158,doc_016,Renewable Energy Directive
at least 43 %,PERCENT,285402,285416,doc_016,Renewable Energy Directive
2020,CARDINAL,285522,285526,doc_016,Renewable Energy Directive
at least 65 %,PERCENT,285657,285670,doc_016,Renewable Energy Directive
43 %,PERCENT,287265,287269,doc_016,Renewable Energy Directive
65 %,PERCENT,287282,287286,doc_016,Renewable Energy Directive
Article 3 Amendments to Directiv,LAW,287584,287616,doc_016,Renewable Energy Directive
68/77‘Article 1,DATE,287741,287756,doc_016,Renewable Energy Directive
up to 7 %,PERCENT,288983,288992,doc_016,Renewable Energy Directive
10 mg/kg,QUANTITY,289281,289289,doc_016,Renewable Energy Directive
delet ed,PERSON,289674,289682,doc_016,Renewable Energy Directive
Article 4 Transitional,LAW,289800,289822,doc_016,Renewable Energy Directive
the year 2023,DATE,289971,289984,doc_016,Renewable Energy Directive
Article 7a(1),LAW,290022,290035,doc_016,Renewable Energy Directive
Article 7a(7,LAW,290061,290073,doc_016,Renewable Energy Directive
Article 5 Transposition,LAW,290345,290368,doc_016,Renewable Energy Directive
69/77By,CARDINAL,290547,290554,doc_016,Renewable Energy Directive
Articles 16,PERSON,290859,290870,doc_016,Renewable Energy Directive
16d,DATE,290881,290884,doc_016,Renewable Energy Directive
16e,DATE,290886,290889,doc_016,Renewable Energy Directive
16f,CARDINAL,290894,290897,doc_016,Renewable Energy Directive
1 July 2024,DATE,290921,290932,doc_016,Renewable Energy Directive
Article 6 Repeal Council Directive,LAW,291416,291450,doc_016,Renewable Energy Directive
Article 7 Entr,LAW,291512,291526,doc_016,Renewable Energy Directive
the twentieth day,DATE,291581,291598,doc_016,Renewable Energy Directive
Strasbourg,GPE,291739,291749,doc_016,Renewable Energy Directive
18 October 2023,DATE,291751,291766,doc_016,Renewable Energy Directive
J. M. ALBA RES,PERSON,291853,291867,doc_016,Renewable Energy Directive
BUENOOJ L,ORG,291868,291877,doc_016,Renewable Energy Directive
70/77ANNEX,MONEY,291900,291910,doc_016,Renewable Energy Directive
NATIONAL HEA TING,ORG,292081,292098,doc_016,Renewable Energy Directive
2020-2030,DATE,292197,292206,doc_016,Renewable Energy Directive
2021-2025,DATE,292285,292294,doc_016,Renewable Energy Directive
2026-2030,DATE,292375,292384,doc_016,Renewable Energy Directive
Bulg,PERSON,292498,292502,doc_016,Renewable Energy Directive
Denmark,GPE,292541,292548,doc_016,Renewable Energy Directive
"1,1 1,6",CARDINAL,292553,292560,doc_016,Renewable Energy Directive
German,NORP,292561,292567,doc_016,Renewable Energy Directive
Eston,PERSON,292582,292587,doc_016,Renewable Energy Directive
Ireland,GPE,292603,292610,doc_016,Renewable Energy Directive
"2,3",CARDINAL,292611,292614,doc_016,Renewable Energy Directive
Greece,GPE,292623,292629,doc_016,Renewable Energy Directive
"2,1",CARDINAL,292638,292641,doc_016,Renewable Energy Directive
Spain,GPE,292642,292647,doc_016,Renewable Energy Directive
"1,7",CARDINAL,292656,292659,doc_016,Renewable Energy Directive
France,GPE,292660,292666,doc_016,Renewable Energy Directive
Italy,GPE,292699,292704,doc_016,Renewable Energy Directive
"1,1 0,8",CARDINAL,292705,292712,doc_016,Renewable Energy Directive
"1,9",CARDINAL,292713,292716,doc_016,Renewable Energy Directive
"0,8 0,5 1,6",QUANTITY,292725,292736,doc_016,Renewable Energy Directive
Latvia,GPE,292737,292743,doc_016,Renewable Energy Directive
Lithuania,GPE,292756,292765,doc_016,Renewable Energy Directive
"1,6 2,1",CARDINAL,292770,292777,doc_016,Renewable Energy Directive
Luxembourg,GPE,292778,292788,doc_016,Renewable Energy Directive
Netherlands,GPE,292840,292851,doc_016,Renewable Energy Directive
Poland,GPE,292885,292891,doc_016,Renewable Energy Directive
"1,6",CARDINAL,292900,292903,doc_016,Renewable Energy Directive
Portugal,GPE,292904,292912,doc_016,Renewable Energy Directive
Romania,GPE,292925,292932,doc_016,Renewable Energy Directive
Slovenia,GPE,293246,293254,doc_016,Renewable Energy Directive
Slovakia,ORG,293267,293275,doc_016,Renewable Energy Directive
Finland,GPE,293288,293295,doc_016,Renewable Energy Directive
Sweden,GPE,293308,293314,doc_016,Renewable Energy Directive
Article 23(2,LAW,293352,293364,doc_016,Renewable Energy Directive
FuelEnergy,ORG,293707,293717,doc_016,Renewable Energy Directive
kg)Energy,PERSON,293765,293774,doc_016,Renewable Energy Directive
MJ/l,ORG,293819,293823,doc_016,Renewable Energy Directive
BIOMASS,ORG,293836,293843,doc_016,Renewable Energy Directive
46 24,DATE,293895,293900,doc_016,Renewable Energy Directive
50 - Hydrotreat ed,QUANTITY,294295,294313,doc_016,Renewable Energy Directive
Hydrotreat ed,ORG,294671,294684,doc_016,Renewable Energy Directive
liquefi ed petroleum,PERSON,294783,294804,doc_016,Renewable Energy Directive
24OJ L,PRODUCT,294811,294817,doc_016,Renewable Energy Directive
petrol44 32,DATE,295262,295273,doc_016,Renewable Energy Directive
fuel43 33,DATE,295418,295427,doc_016,Renewable Energy Directive
liquefi ed,PERSON,295568,295578,doc_016,Renewable Energy Directive
INCL UDING BIOMASS Methanol,ORG,295672,295699,doc_016,Renewable Energy Directive
27 21,CARDINAL,295760,295765,doc_016,Renewable Energy Directive
Propanol,PERSON,295766,295774,doc_016,Renewable Energy Directive
31 25,CARDINAL,295798,295803,doc_016,Renewable Energy Directive
33 27,CARDINAL,295835,295840,doc_016,Renewable Energy Directive
Fischer-Tropsch,ORG,296123,296138,doc_016,Renewable Energy Directive
DME,ORG,296445,296448,doc_016,Renewable Energy Directive
dimeth ylether,PERSON,296450,296464,doc_016,Renewable Energy Directive
28 19,DATE,296466,296471,doc_016,Renewable Energy Directive
33 %,PERCENT,296590,296594,doc_016,Renewable Energy Directive
methanol)35,PERSON,296870,296881,doc_016,Renewable Energy Directive
22 %,PERCENT,296892,296896,doc_016,Renewable Energy Directive
29 %,PERCENT,297044,297048,doc_016,Renewable Energy Directive
18 %,PERCENT,297198,297202,doc_016,Renewable Energy Directive
THxME,GPE,297423,297428,doc_016,Renewable Energy Directive
14 %,PERCENT,297505,297509,doc_016,Renewable Energy Directive
43 32,DATE,297605,297610,doc_016,Renewable Energy Directive
Diesel,ORG,297611,297617,doc_016,Renewable Energy Directive
43 36,DATE,297618,297623,doc_016,Renewable Energy Directive
43 34,DATE,297633,297638,doc_016,Renewable Energy Directive
Annex IV,PERSON,297687,297695,doc_016,Renewable Energy Directive
Article 18(3,LAW,298048,298060,doc_016,Renewable Energy Directive
laborat ory,PERSON,299417,299428,doc_016,Renewable Energy Directive
buff,PERSON,302478,302482,doc_016,Renewable Energy Directive
6(d,CARDINAL,302703,302706,doc_016,Renewable Energy Directive
relat ed subsidies,PERSON,303263,303281,doc_016,Renewable Energy Directive
Solar Keymark,ORG,303513,303526,doc_016,Renewable Energy Directive
relat ed national,PERSON,303533,303550,doc_016,Renewable Energy Directive
ences:’;OJ L,PRODUCT,303625,303637,doc_016,Renewable Energy Directive
75/77(ii,CARDINAL,303660,303668,doc_016,Renewable Energy Directive
several years,DATE,305131,305144,doc_016,Renewable Energy Directive
2036,DATE,305937,305941,doc_016,Renewable Energy Directive
"ep, etd",ORG,306133,306140,doc_016,Renewable Energy Directive
interi m,ORG,307099,307107,doc_016,Renewable Energy Directive
provid ing heat and/or electr,PERSON,307307,307336,doc_016,Renewable Energy Directive
Annex VI,PERSON,307483,307491,doc_016,Renewable Energy Directive
76/77‘6,CARDINAL,307591,307598,doc_016,Renewable Energy Directive
CO2,PRODUCT,309004,309007,doc_016,Renewable Energy Directive
Article 7(4,LAW,310978,310989,doc_016,Renewable Energy Directive
77/77ANNEX II Annex,MONEY,311527,311547,doc_016,Renewable Energy Directive
228:2012+A1:2017,CARDINAL,311838,311854,doc_016,Renewable Energy Directive
4259-1:2017,DATE,312176,312187,doc_016,Renewable Energy Directive
"7,0",CARDINAL,312943,312946,doc_016,Renewable Energy Directive
2)The,CARDINAL,313372,313377,doc_016,Renewable Energy Directive
European Union,ORG,7,9,doc_017,Renewable Fuels of Non-Biological Origins
RFNBOS,ORG,60,66,doc_017,Renewable Fuels of Non-Biological Origins
20 2-6,PRODUCT,111,117,doc_017,Renewable Fuels of Non-Biological Origins
Non -Biological Origin,ORG,138,161,doc_017,Renewable Fuels of Non-Biological Origins
1.4,CARDINAL,354,357,doc_017,Renewable Fuels of Non-Biological Origins
02 January 2025,DATE,371,386,doc_017,Renewable Fuels of Non-Biological Origins
202 4,CARDINAL,410,415,doc_017,Renewable Fuels of Non-Biological Origins
ISCC,ORG,512,516,doc_017,Renewable Fuels of Non-Biological Origins
Normative References,ORG,924,944,doc_017,Renewable Fuels of Non-Biological Origins
4.1,CARDINAL,1263,1266,doc_017,Renewable Fuels of Non-Biological Origins
90%,PERCENT,1570,1573,doc_017,Renewable Fuels of Non-Biological Origins
18 gCO 2eq,DATE,1655,1665,doc_017,Renewable Fuels of Non-Biological Origins
4.2.3 Electricity,WORK_OF_ART,1789,1806,doc_017,Renewable Fuels of Non-Biological Origins
4.3,CARDINAL,2065,2068,doc_017,Renewable Fuels of Non-Biological Origins
4.3.1,CARDINAL,2166,2171,doc_017,Renewable Fuels of Non-Biological Origins
4.3.2,CARDINAL,2292,2297,doc_017,Renewable Fuels of Non-Biological Origins
4.3.3,CARDINAL,2410,2415,doc_017,Renewable Fuels of Non-Biological Origins
Guarantees of Origin,ORG,3053,3073,doc_017,Renewable Fuels of Non-Biological Origins
The Renewable Energy Directive,ORG,3778,3808,doc_017,Renewable Fuels of Non-Biological Origins
2018/2001,DATE,3814,3823,doc_017,Renewable Fuels of Non-Biological Origins
RED II,EVENT,3845,3851,doc_017,Renewable Fuels of Non-Biological Origins
14%,PERCENT,4173,4176,doc_017,Renewable Fuels of Non-Biological Origins
Carbon Fuels,PERSON,4468,4480,doc_017,Renewable Fuels of Non-Biological Origins
RCF s,GPE,4856,4861,doc_017,Renewable Fuels of Non-Biological Origins
at least a,CARDINAL,5153,5163,doc_017,Renewable Fuels of Non-Biological Origins
70%,PERCENT,5164,5167,doc_017,Renewable Fuels of Non-Biological Origins
Art,PERSON,5670,5673,doc_017,Renewable Fuels of Non-Biological Origins
27(3,ORDINAL,5675,5679,doc_017,Renewable Fuels of Non-Biological Origins
RED II,ORG,5681,5687,doc_017,Renewable Fuels of Non-Biological Origins
Regula,PERSON,5711,5717,doc_017,Renewable Fuels of Non-Biological Origins
2023/,CARDINAL,5726,5731,doc_017,Renewable Fuels of Non-Biological Origins
2023/2413,DATE,5891,5900,doc_017,Renewable Fuels of Non-Biological Origins
2018/1999,DATE,5952,5961,doc_017,Renewable Fuels of Non-Biological Origins
European Commission,ORG,5983,5985,doc_017,Renewable Fuels of Non-Biological Origins
Council Directive,ORG,6062,6079,doc_017,Renewable Fuels of Non-Biological Origins
2015/652,CARDINAL,6086,6094,doc_017,Renewable Fuels of Non-Biological Origins
RED II,PRODUCT,6130,6136,doc_017,Renewable Fuels of Non-Biological Origins
RED III,PRODUCT,6175,6182,doc_017,Renewable Fuels of Non-Biological Origins
The RED II,WORK_OF_ART,6228,6238,doc_017,Renewable Fuels of Non-Biological Origins
Delegated Acts,WORK_OF_ART,6331,6348,doc_017,Renewable Fuels of Non-Biological Origins
the EU Commission,ORG,6382,6399,doc_017,Renewable Fuels of Non-Biological Origins
The Delegated Act,LAW,6537,6554,doc_017,Renewable Fuels of Non-Biological Origins
Article 28,LAW,6564,6574,doc_017,Renewable Fuels of Non-Biological Origins
Renewable Fuels,WORK_OF_ART,6886,6901,doc_017,Renewable Fuels of Non-Biological Origins
Non-Biological Origin,ORG,6906,6927,doc_017,Renewable Fuels of Non-Biological Origins
Carbon Fuels - Greenhouse Gas Emissions,PERSON,6941,6981,doc_017,Renewable Fuels of Non-Biological Origins
this System Document,LAW,7144,7164,doc_017,Renewable Fuels of Non-Biological Origins
Article 4 of Directive 2008/98/EC7,LAW,7566,7600,doc_017,Renewable Fuels of Non-Biological Origins
the RED II,LAW,7878,7888,doc_017,Renewable Fuels of Non-Biological Origins
the Delegated Act,LAW,7893,7910,doc_017,Renewable Fuels of Non-Biological Origins
European Parliament,ORG,8264,8287,doc_017,Renewable Fuels of Non-Biological Origins
European Council,ORG,8300,8307,doc_017,Renewable Fuels of Non-Biological Origins
10 February 2023,DATE,8509,8525,doc_017,Renewable Fuels of Non-Biological Origins
the Official Journal of the European Union,ORG,8562,8605,doc_017,Renewable Fuels of Non-Biological Origins
20 June 2023,DATE,8609,8621,doc_017,Renewable Fuels of Non-Biological Origins
13 February 2023,DATE,9089,9105,doc_017,Renewable Fuels of Non-Biological Origins
the Official Journal,ORG,9127,9148,doc_017,Renewable Fuels of Non-Biological Origins
the ISCC EU Document,ORG,9195,9215,doc_017,Renewable Fuels of Non-Biological Origins
RFNBOs,ORG,9267,9273,doc_017,Renewable Fuels of Non-Biological Origins
RCF,ORG,9278,9281,doc_017,Renewable Fuels of Non-Biological Origins
March 14th 2024,DATE,9296,9311,doc_017,Renewable Fuels of Non-Biological Origins
1(1,CARDINAL,9443,9446,doc_017,Renewable Fuels of Non-Biological Origins
RED II 6 Art,PRODUCT,9457,9470,doc_017,Renewable Fuels of Non-Biological Origins
2008/98,CARDINAL,9498,9505,doc_017,Renewable Fuels of Non-Biological Origins
Definitions,ORG,9551,9562,doc_017,Renewable Fuels of Non-Biological Origins
the RED II,EVENT,9663,9673,doc_017,Renewable Fuels of Non-Biological Origins
Annex,PERSON,9989,9994,doc_017,Renewable Fuels of Non-Biological Origins
first,ORDINAL,11044,11049,doc_017,Renewable Fuels of Non-Biological Origins
CO 2,PRODUCT,11442,11446,doc_017,Renewable Fuels of Non-Biological Origins
RCF s,ORG,12502,12507,doc_017,Renewable Fuels of Non-Biological Origins
three,CARDINAL,12574,12579,doc_017,Renewable Fuels of Non-Biological Origins
The CO 2,PRODUCT,12635,12643,doc_017,Renewable Fuels of Non-Biological Origins
the CO 2,PRODUCT,13099,13107,doc_017,Renewable Fuels of Non-Biological Origins
Renewable Fuels of Non -Biological Origin,WORK_OF_ART,13831,13872,doc_017,Renewable Fuels of Non-Biological Origins
material8,PERSON,14186,14195,doc_017,Renewable Fuels of Non-Biological Origins
chapter 4,LAW,14738,14747,doc_017,Renewable Fuels of Non-Biological Origins
chapter 5,LAW,14948,14957,doc_017,Renewable Fuels of Non-Biological Origins
Obligati,PERSON,16057,16065,doc_017,Renewable Fuels of Non-Biological Origins
chapter 4.1,LAW,16446,16457,doc_017,Renewable Fuels of Non-Biological Origins
4.2.3,DATE,16467,16472,doc_017,Renewable Fuels of Non-Biological Origins
4.2.4,CARDINAL,16477,16482,doc_017,Renewable Fuels of Non-Biological Origins
chapter 4.2.1,LAW,16598,16611,doc_017,Renewable Fuels of Non-Biological Origins
Article 4(1,LAW,16700,16711,doc_017,Renewable Fuels of Non-Biological Origins
United Kingdom,GPE,17600,17602,doc_017,Renewable Fuels of Non-Biological Origins
United States,GPE,17643,17645,doc_017,Renewable Fuels of Non-Biological Origins
Canada,GPE,17648,17654,doc_017,Renewable Fuels of Non-Biological Origins
Australia,GPE,17656,17665,doc_017,Renewable Fuels of Non-Biological Origins
Annex II,PERSON,17789,17797,doc_017,Renewable Fuels of Non-Biological Origins
Annex III,PERSON,17907,17916,doc_017,Renewable Fuels of Non-Biological Origins
chapter 4.4,LAW,18329,18340,doc_017,Renewable Fuels of Non-Biological Origins
zero,CARDINAL,18465,18469,doc_017,Renewable Fuels of Non-Biological Origins
the ISCC EU System,ORG,18657,18677,doc_017,Renewable Fuels of Non-Biological Origins
two years before the year,DATE,19050,19075,doc_017,Renewable Fuels of Non-Biological Origins
the year,DATE,19090,19098,doc_017,Renewable Fuels of Non-Biological Origins
Article 7(2,LAW,19646,19657,doc_017,Renewable Fuels of Non-Biological Origins
1099/2008,DATE,19778,19787,doc_017,Renewable Fuels of Non-Biological Origins
GoOs,ORG,19970,19974,doc_017,Renewable Fuels of Non-Biological Origins
GoOs,PERSON,20159,20163,doc_017,Renewable Fuels of Non-Biological Origins
the Member State,ORG,20353,20369,doc_017,Renewable Fuels of Non-Biological Origins
five,CARDINAL,20891,20895,doc_017,Renewable Fuels of Non-Biological Origins
Electricit,PERSON,21227,21237,doc_017,Renewable Fuels of Non-Biological Origins
ISCC System GmbH,ORG,21619,21635,doc_017,Renewable Fuels of Non-Biological Origins
fourth,ORDINAL,21969,21975,doc_017,Renewable Fuels of Non-Biological Origins
earlier than 36 months,DATE,22854,22876,doc_017,Renewable Fuels of Non-Biological Origins
no later than 36 months,DATE,23234,23257,doc_017,Renewable Fuels of Non-Biological Origins
GoO,ORG,24605,24608,doc_017,Renewable Fuels of Non-Biological Origins
Annex II,EVENT,25196,25204,doc_017,Renewable Fuels of Non-Biological Origins
Four,CARDINAL,25366,25370,doc_017,Renewable Fuels of Non-Biological Origins
chapter 4.2.2,LAW,25905,25918,doc_017,Renewable Fuels of Non-Biological Origins
chapter 4.2.3,LAW,26060,26073,doc_017,Renewable Fuels of Non-Biological Origins
chapter 4.2.4,LAW,26132,26145,doc_017,Renewable Fuels of Non-Biological Origins
4.2.1 Electricity,ORG,26148,26165,doc_017,Renewable Fuels of Non-Biological Origins
hours,TIME,26507,26512,doc_017,Renewable Fuels of Non-Biological Origins
as many hours,TIME,26665,26678,doc_017,Renewable Fuels of Non-Biological Origins
zone10,PERSON,27021,27027,doc_017,Renewable Fuels of Non-Biological Origins
sources11,PRODUCT,27080,27089,doc_017,Renewable Fuels of Non-Biological Origins
at least one year,DATE,27770,27787,doc_017,Renewable Fuels of Non-Biological Origins
six,CARDINAL,27801,27804,doc_017,Renewable Fuels of Non-Biological Origins
Eurostat,ORG,27917,27925,doc_017,Renewable Fuels of Non-Biological Origins
Calculated,ORG,28040,28050,doc_017,Renewable Fuels of Non-Biological Origins
RED II 11,PRODUCT,28102,28112,doc_017,Renewable Fuels of Non-Biological Origins
the Council of 22 October 2008,ORG,28225,28255,doc_017,Renewable Fuels of Non-Biological Origins
International Energy Agency,ORG,28625,28628,doc_017,Renewable Fuels of Non-Biological Origins
Europe,LOC,28827,28833,doc_017,Renewable Fuels of Non-Biological Origins
annual,DATE,28888,28894,doc_017,Renewable Fuels of Non-Biological Origins
4. 4,DATE,29004,29008,doc_017,Renewable Fuels of Non-Biological Origins
the remaining hours,TIME,29072,29091,doc_017,Renewable Fuels of Non-Biological Origins
GoO,PRODUCT,29314,29317,doc_017,Renewable Fuels of Non-Biological Origins
2022,DATE,29891,29895,doc_017,Renewable Fuels of Non-Biological Origins
one,CARDINAL,30422,30425,doc_017,Renewable Fuels of Non-Biological Origins
3.4,CARDINAL,30896,30899,doc_017,Renewable Fuels of Non-Biological Origins
at least one,CARDINAL,31651,31663,doc_017,Renewable Fuels of Non-Biological Origins
Appropriate,ORG,32127,32138,doc_017,Renewable Fuels of Non-Biological Origins
ISCC System GmbH Intermediaries,ORG,32591,32624,doc_017,Renewable Fuels of Non-Biological Origins
4.2.3 Electricity,ORG,33230,33247,doc_017,Renewable Fuels of Non-Biological Origins
Article 13 of Regulation,LAW,33780,33804,doc_017,Renewable Fuels of Non-Biological Origins
2019/943,CARDINAL,33811,33819,doc_017,Renewable Fuels of Non-Biological Origins
two,CARDINAL,34083,34086,doc_017,Renewable Fuels of Non-Biological Origins
4.2.4 Electricity,ORG,34811,34828,doc_017,Renewable Fuels of Non-Biological Origins
chapters 4.2.1,GPE,34893,34907,doc_017,Renewable Fuels of Non-Biological Origins
4.2.2,DATE,34910,34915,doc_017,Renewable Fuels of Non-Biological Origins
Criteria,GPE,35541,35549,doc_017,Renewable Fuels of Non-Biological Origins
4.3.1 Additionality,MONEY,35857,35878,doc_017,Renewable Fuels of Non-Biological Origins
Ending of PPA,ORG,37949,37965,doc_017,Renewable Fuels of Non-Biological Origins
later than 36 months,DATE,38419,38439,doc_017,Renewable Fuels of Non-Biological Origins
GoO,FAC,39009,39012,doc_017,Renewable Fuels of Non-Biological Origins
01 January 2038,DATE,40152,40168,doc_017,Renewable Fuels of Non-Biological Origins
01 January 2028,DATE,40235,40251,doc_017,Renewable Fuels of Non-Biological Origins
31 December 2029,DATE,41461,41477,doc_017,Renewable Fuels of Non-Biological Origins
the same calendar month,DATE,41929,41952,doc_017,Renewable Fuels of Non-Biological Origins
1 January 203015,DATE,42074,42090,doc_017,Renewable Fuels of Non-Biological Origins
one-hour,TIME,42204,42212,doc_017,Renewable Fuels of Non-Biological Origins
single day,DATE,42870,42880,doc_017,Renewable Fuels of Non-Biological Origins
Article 39,LAW,42944,42954,doc_017,Renewable Fuels of Non-Biological Origins
2015/122216,DATE,42990,43001,doc_017,Renewable Fuels of Non-Biological Origins
one tonne,QUANTITY,43101,43110,doc_017,Renewable Fuels of Non-Biological Origins
2003/87,CARDINAL,43247,43254,doc_017,Renewable Fuels of Non-Biological Origins
2nd,ORDINAL,43469,43472,doc_017,Renewable Fuels of Non-Biological Origins
Member States,GPE,43501,43514,doc_017,Renewable Fuels of Non-Biological Origins
1 July 2027,DATE,43567,43578,doc_017,Renewable Fuels of Non-Biological Origins
16 Commission Regulation,ORG,43704,43728,doc_017,Renewable Fuels of Non-Biological Origins
2015/1222,CARDINAL,43734,43743,doc_017,Renewable Fuels of Non-Biological Origins
24 July 2015,DATE,43747,43759,doc_017,Renewable Fuels of Non-Biological Origins
October 2003,DATE,43912,43924,doc_017,Renewable Fuels of Non-Biological Origins
Community,ORG,44005,44014,doc_017,Renewable Fuels of Non-Biological Origins
December,DATE,44067,44078,doc_017,Renewable Fuels of Non-Biological Origins
01 January,DATE,44083,44097,doc_017,Renewable Fuels of Non-Biological Origins
the previous trading day,DATE,44333,44357,doc_017,Renewable Fuels of Non-Biological Origins
the ongoing year,DATE,44375,44391,doc_017,Renewable Fuels of Non-Biological Origins
EEX,ORG,44415,44418,doc_017,Renewable Fuels of Non-Biological Origins
hourly,TIME,44603,44609,doc_017,Renewable Fuels of Non-Biological Origins
01 January 2030,DATE,44646,44661,doc_017,Renewable Fuels of Non-Biological Origins
Chapter 4.4,LAW,44664,44675,doc_017,Renewable Fuels of Non-Biological Origins
4.2 .1,CARDINAL,45098,45104,doc_017,Renewable Fuels of Non-Biological Origins
the day -ahead,DATE,46098,46112,doc_017,Renewable Fuels of Non-Biological Origins
chapter 4.3.2,LAW,46136,46149,doc_017,Renewable Fuels of Non-Biological Origins
Documentation,ORG,46895,46908,doc_017,Renewable Fuels of Non-Biological Origins
each hour,TIME,47615,47624,doc_017,Renewable Fuels of Non-Biological Origins
Hourly,TIME,49216,49222,doc_017,Renewable Fuels of Non-Biological Origins
Two,CARDINAL,49578,49581,doc_017,Renewable Fuels of Non-Biological Origins
Waste and Residues,WORK_OF_ART,50333,50351,doc_017,Renewable Fuels of Non-Biological Origins
Chapter 3,LAW,50388,50397,doc_017,Renewable Fuels of Non-Biological Origins
Directive 2008/98/EC,ORG,50468,50488,doc_017,Renewable Fuels of Non-Biological Origins
Article 3(1,LAW,50490,50501,doc_017,Renewable Fuels of Non-Biological Origins
Chapter 5,LAW,50615,50624,doc_017,Renewable Fuels of Non-Biological Origins
Traceability,ORG,51477,51489,doc_017,Renewable Fuels of Non-Biological Origins
Sustainability Declarations,ORG,51672,51699,doc_017,Renewable Fuels of Non-Biological Origins
20 3 “Traceability,PERCENT,52575,52593,doc_017,Renewable Fuels of Non-Biological Origins
Chain of Custody,WORK_OF_ART,52599,52615,doc_017,Renewable Fuels of Non-Biological Origins
Traceability and Chain of Custody,WORK_OF_ART,53597,53630,doc_017,Renewable Fuels of Non-Biological Origins
System Basics,WORK_OF_ART,54053,54066,doc_017,Renewable Fuels of Non-Biological Origins
EU System Document 203,ORG,54250,54272,doc_017,Renewable Fuels of Non-Biological Origins
the Sustainability Declarations,ORG,55538,55569,doc_017,Renewable Fuels of Non-Biological Origins
the Sustainability Declaration >,LAW,56329,56362,doc_017,Renewable Fuels of Non-Biological Origins
Sustainability,ORG,56384,56398,doc_017,Renewable Fuels of Non-Biological Origins
methanol,ORG,56486,56494,doc_017,Renewable Fuels of Non-Biological Origins
> Scope,WORK_OF_ART,56691,56698,doc_017,Renewable Fuels of Non-Biological Origins
3 and 4,CARDINAL,56830,56837,doc_017,Renewable Fuels of Non-Biological Origins
LHV,ORG,56931,56934,doc_017,Renewable Fuels of Non-Biological Origins
Statement(s,ORG,56968,56979,doc_017,Renewable Fuels of Non-Biological Origins
ISCC Compliant,WORK_OF_ART,56982,56996,doc_017,Renewable Fuels of Non-Biological Origins
EU RED Compliant,WORK_OF_ART,57006,57022,doc_017,Renewable Fuels of Non-Biological Origins
ISCC Document 203,ORG,57052,57069,doc_017,Renewable Fuels of Non-Biological Origins
Greenhouse Gas Emissions,WORK_OF_ART,57164,57188,doc_017,Renewable Fuels of Non-Biological Origins
205 -1 “Renewable Fuels,MONEY,57195,57218,doc_017,Renewable Fuels of Non-Biological Origins
CO 2eq,DATE,57591,57597,doc_017,Renewable Fuels of Non-Biological Origins
the Sustainability Declaration,LAW,57773,57805,doc_017,Renewable Fuels of Non-Biological Origins
Proof of Sustainability/PoS,ORG,58249,58276,doc_017,Renewable Fuels of Non-Biological Origins
One,CARDINAL,58834,58837,doc_017,Renewable Fuels of Non-Biological Origins
the Delegated Act 1,LAW,60418,60438,doc_017,Renewable Fuels of Non-Biological Origins
third,ORDINAL,60637,60642,doc_017,Renewable Fuels of Non-Biological Origins
2019/944,CARDINAL,60743,60751,doc_017,Renewable Fuels of Non-Biological Origins
30%,PERCENT,61525,61528,doc_017,Renewable Fuels of Non-Biological Origins
Article 2(23,LAW,61677,61689,doc_017,Renewable Fuels of Non-Biological Origins
2019/94421,DATE,61704,61714,doc_017,Renewable Fuels of Non-Biological Origins
2019/94322,DATE,61841,61851,doc_017,Renewable Fuels of Non-Biological Origins
2(65,CARDINAL,61926,61930,doc_017,Renewable Fuels of Non-Biological Origins
2(41,PERSON,62152,62156,doc_017,Renewable Fuels of Non-Biological Origins
2019/ 944,CARDINAL,62948,62957,doc_017,Renewable Fuels of Non-Biological Origins
l andfill gas,ORG,63446,63459,doc_017,Renewable Fuels of Non-Biological Origins
the RED II,FAC,65141,65152,doc_017,Renewable Fuels of Non-Biological Origins
Article 2(17,LAW,65154,65166,doc_017,Renewable Fuels of Non-Biological Origins
inter mediary,ORG,65562,65575,doc_017,Renewable Fuels of Non-Biological Origins
ISCC System GmbH Guarantee of Origin,ORG,65748,65786,doc_017,Renewable Fuels of Non-Biological Origins
Article 2(12,LAW,65810,65822,doc_017,Renewable Fuels of Non-Biological Origins
Article 19 RED II,LAW,65975,65992,doc_017,Renewable Fuels of Non-Biological Origins
12 months,DATE,66970,66979,doc_017,Renewable Fuels of Non-Biological Origins
GoGs,PERSON,67682,67686,doc_017,Renewable Fuels of Non-Biological Origins
Energy Attribute Certificates,ORG,67719,67749,doc_017,Renewable Fuels of Non-Biological Origins
North America,LOC,67846,67859,doc_017,Renewable Fuels of Non-Biological Origins
International,ORG,67919,67932,doc_017,Renewable Fuels of Non-Biological Origins
Tradable Instruments for Global Renewables,ORG,67951,67994,doc_017,Renewable Fuels of Non-Biological Origins
Latin America,LOC,68049,68062,doc_017,Renewable Fuels of Non-Biological Origins
Africa,LOC,68064,68070,doc_017,Renewable Fuels of Non-Biological Origins
Asia,LOC,68072,68076,doc_017,Renewable Fuels of Non-Biological Origins
2023/1185,DATE,69485,69494,doc_017,Renewable Fuels of Non-Biological Origins
4.3.2,DATE,70078,70083,doc_017,Renewable Fuels of Non-Biological Origins
the Article 2(41,LAW,70136,70152,doc_017,Renewable Fuels of Non-Biological Origins
Chapter 4.2.3,LAW,72119,72132,doc_017,Renewable Fuels of Non-Biological Origins
ISCC System GmbH Annex IV: Requirements,ORG,72736,72777,doc_017,Renewable Fuels of Non-Biological Origins
the ISCC Audit Procedure,ORG,72876,72901,doc_017,Renewable Fuels of Non-Biological Origins
ISCC System GmbH Ensure,ORG,76628,76653,doc_017,Renewable Fuels of Non-Biological Origins
hou rs,PERSON,78714,78720,doc_017,Renewable Fuels of Non-Biological Origins
18 gCO 2EQ,DATE,79060,79070,doc_017,Renewable Fuels of Non-Biological Origins
Geographical Correlation,WORK_OF_ART,80003,80028,doc_017,Renewable Fuels of Non-Biological Origins
Proof,PERSON,80310,80315,doc_017,Renewable Fuels of Non-Biological Origins
GEOGRAPHICAL CORRELATION Verify,PERSON,83748,83780,doc_017,Renewable Fuels of Non-Biological Origins
Transparent,PRODUCT,84464,84475,doc_017,Renewable Fuels of Non-Biological Origins
1 January 2030,DATE,86129,86143,doc_017,Renewable Fuels of Non-Biological Origins
one - hour,TIME,86971,86981,doc_017,Renewable Fuels of Non-Biological Origins
EU M,ORG,87482,87486,doc_017,Renewable Fuels of Non-Biological Origins
CO2,PRODUCT,60,63,doc_018,sustainable-aviation-fuels
"Strategy&2,000",PERSON,65,80,doc_018,sustainable-aviation-fuels
"1,000",CARDINAL,80,85,doc_018,sustainable-aviation-fuels
2030,DATE,101,105,doc_018,sustainable-aviation-fuels
2040,DATE,121,125,doc_018,sustainable-aviation-fuels
2050,DATE,126,130,doc_018,sustainable-aviation-fuels
2060,DATE,131,135,doc_018,sustainable-aviation-fuels
2070Aviation,CARDINAL,136,148,doc_018,sustainable-aviation-fuels
about 3 -5%,PERCENT,162,173,doc_018,sustainable-aviation-fuels
2020,DATE,362,366,doc_018,sustainable-aviation-fuels
"Energy Technology Perspectives, Strategy& Analysis•CO2emissions",ORG,369,432,doc_018,sustainable-aviation-fuels
the last decade,DATE,475,490,doc_018,sustainable-aviation-fuels
3-5%,PERCENT,507,511,doc_018,sustainable-aviation-fuels
COVID-19,PERSON,562,570,doc_018,sustainable-aviation-fuels
2023,DATE,645,649,doc_018,sustainable-aviation-fuels
Sustainable Aviation Fuel,PRODUCT,938,941,doc_018,sustainable-aviation-fuels
MMT CO2/yr,ORG,1062,1072,doc_018,sustainable-aviation-fuels
Stated Policies Scenario Sustainable Development Scenario Reduction,WORK_OF_ART,1074,1141,doc_018,sustainable-aviation-fuels
Avoided demand Technology,ORG,1152,1177,doc_018,sustainable-aviation-fuels
Simplified,PERSON,1395,1405,doc_018,sustainable-aviation-fuels
SynMeOH,ORG,1483,1490,doc_018,sustainable-aviation-fuels
Fatty Acids,PERSON,1556,1567,doc_018,sustainable-aviation-fuels
ATJ,ORG,1569,1572,doc_018,sustainable-aviation-fuels
Challenges Production,ORG,1802,1823,doc_018,sustainable-aviation-fuels
Synfuels,PERSON,1839,1847,doc_018,sustainable-aviation-fuels
Biofuels,ORG,1878,1886,doc_018,sustainable-aviation-fuels
TraceabilityFeedstocks Conversion,ORG,1980,2013,doc_018,sustainable-aviation-fuels
Kerosene,PERSON,2173,2181,doc_018,sustainable-aviation-fuels
"Strategy&1,9 -1",MONEY,2321,2337,doc_018,sustainable-aviation-fuels
today,DATE,2349,2354,doc_018,sustainable-aviation-fuels
"1,1",CARDINAL,2423,2426,doc_018,sustainable-aviation-fuels
Fraunhofer IKTS,PERSON,2745,2760,doc_018,sustainable-aviation-fuels
ICAO,ORG,2762,2766,doc_018,sustainable-aviation-fuels
EIA,ORG,2768,2771,doc_018,sustainable-aviation-fuels
PwC,GPE,2773,2776,doc_018,sustainable-aviation-fuels
valueFT,ORG,3257,3264,doc_018,sustainable-aviation-fuels
scaleHEFA,ORG,3298,3307,doc_018,sustainable-aviation-fuels
update2563,ORG,3669,3679,doc_018,sustainable-aviation-fuels
2025,DATE,3680,3684,doc_018,sustainable-aviation-fuels
2020,CARDINAL,3780,3784,doc_018,sustainable-aviation-fuels
Fit For,WORK_OF_ART,3828,3835,doc_018,sustainable-aviation-fuels
Lufthansa,ORG,4123,4132,doc_018,sustainable-aviation-fuels
2030 50%,PERCENT,4156,4164,doc_018,sustainable-aviation-fuels
2emissions,CARDINAL,4168,4178,doc_018,sustainable-aviation-fuels
American Airlines,ORG,4207,4224,doc_018,sustainable-aviation-fuels
2.5GJ,CARDINAL,4237,4242,doc_018,sustainable-aviation-fuels
10%,PERCENT,4274,4277,doc_018,sustainable-aviation-fuels
2050 Net zero,QUANTITY,4299,4312,doc_018,sustainable-aviation-fuels
IATA,ORG,4313,4317,doc_018,sustainable-aviation-fuels
2021,DATE,4318,4322,doc_018,sustainable-aviation-fuels
zero,CARDINAL,4337,4341,doc_018,sustainable-aviation-fuels
one,CARDINAL,4453,4456,doc_018,sustainable-aviation-fuels
six,CARDINAL,4478,4481,doc_018,sustainable-aviation-fuels
Regional SAF,PRODUCT,5103,5116,doc_018,sustainable-aviation-fuels
1 2,CARDINAL,5195,5198,doc_018,sustainable-aviation-fuels
3 4,CARDINAL,5199,5202,doc_018,sustainable-aviation-fuels
Non-Exhaustive Strategy& Key,ORG,5207,5236,doc_018,sustainable-aviation-fuels
Net Zero / Sustainable Aviation Fuels Strategy,ORG,5398,5444,doc_018,sustainable-aviation-fuels
Sourcing,PERSON,5542,5550,doc_018,sustainable-aviation-fuels
Portfolio Strategy,PERSON,5555,5573,doc_018,sustainable-aviation-fuels
Implementation Roadmap,PERSON,5709,5731,doc_018,sustainable-aviation-fuels
Dirk Niemeier Dr.,ORG,6054,6071,doc_018,sustainable-aviation-fuels
Eva Poglitsch,ORG,6072,6085,doc_018,sustainable-aviation-fuels
Jürgen Peterseim,PERSON,6096,6112,doc_018,sustainable-aviation-fuels
9242 6858,DATE,6290,6299,doc_018,sustainable-aviation-fuels
European Union,ORG,18,20,doc_019,The-EU-Chemical-Industry
Contents,PRODUCT,39,47,doc_019,The-EU-Chemical-Industry
Chemical,ORG,73,81,doc_019,The-EU-Chemical-Industry
December 2025Policy,DATE,89,108,doc_019,The-EU-Chemical-Industry
EU Sectoral Briefings,ORG,171,192,doc_019,The-EU-Chemical-Industry
United Nations,ORG,383,397,doc_019,The-EU-Chemical-Industry
the European Banking Federation,ORG,401,432,doc_019,The-EU-Chemical-Industry
the United Nations Environment Programme,ORG,681,721,doc_019,The-EU-Chemical-Industry
United Nations Environment Programme Finance Initiative,ORG,1317,1372,doc_019,The-EU-Chemical-Industry
2025,DATE,1374,1378,doc_019,The-EU-Chemical-Industry
Switzerland,GPE,1490,1496,doc_019,The-EU-Chemical-Industry
daytime,TIME,1577,1584,doc_019,The-EU-Chemical-Industry
Rocio Falcones,PERSON,1747,1761,doc_019,The-EU-Chemical-Industry
Mia Brinkmann,PERSON,1773,1786,doc_019,The-EU-Chemical-Industry
UNEP FI,ORG,1788,1795,doc_019,The-EU-Chemical-Industry
Lilly Bidenharn,ORG,1798,1813,doc_019,The-EU-Chemical-Industry
Elodie Feller,PERSON,1825,1838,doc_019,The-EU-Chemical-Industry
Denisa Avermaete,ORG,1850,1866,doc_019,The-EU-Chemical-Industry
EBF,ORG,1868,1871,doc_019,The-EU-Chemical-Industry
Janis Priekulis,PERSON,1874,1889,doc_019,The-EU-Chemical-Industry
Gwen Yu,PERSON,1897,1904,doc_019,The-EU-Chemical-Industry
Careen Abb,PERSON,2019,2029,doc_019,The-EU-Chemical-Industry
Bachurova,ORG,2035,2044,doc_019,The-EU-Chemical-Industry
Daniel Bouzas,PERSON,2046,2059,doc_019,The-EU-Chemical-Industry
Guilherme Cassaro,PERSON,2061,2078,doc_019,The-EU-Chemical-Industry
Emily Dahl,PERSON,2081,2091,doc_019,The-EU-Chemical-Industry
Johanna Dichtl,PERSON,2093,2107,doc_019,The-EU-Chemical-Industry
Peggy Lefort,PERSON,2109,2121,doc_019,The-EU-Chemical-Industry
Simon Messenger,PERSON,2123,2138,doc_019,The-EU-Chemical-Industry
Joana Pedro,PERSON,2140,2151,doc_019,The-EU-Chemical-Industry
Jan Raes,PERSON,2153,2161,doc_019,The-EU-Chemical-Industry
Benjamin Warr,PERSON,2164,2177,doc_019,The-EU-Chemical-Industry
Jacqueline Alvarez,PERSON,2213,2231,doc_019,The-EU-Chemical-Industry
UNEP Chemicals,ORG,2240,2254,doc_019,The-EU-Chemical-Industry
BRS Basel,PERSON,2537,2546,doc_019,The-EU-Chemical-Industry
Rotterdam,PERSON,2548,2557,doc_019,The-EU-Chemical-Industry
CBAM Carbon Border Adjustment,ORG,2584,2613,doc_019,The-EU-Chemical-Industry
CCfDs Carbon,ORG,2670,2682,doc_019,The-EU-Chemical-Industry
CEA Circular Economy Act,PRODUCT,2708,2733,doc_019,The-EU-Chemical-Industry
ECHA European Chemical Agency,ORG,2964,2993,doc_019,The-EU-Chemical-Industry
EIB European Investment Bank,ORG,2994,3022,doc_019,The-EU-Chemical-Industry
Kunming-Montreal Global Biodiversity Framework,ORG,3059,3106,doc_019,The-EU-Chemical-Industry
Industrial Decarbonization Bank,ORG,3190,3221,doc_019,The-EU-Chemical-Industry
Inter-Organization Programme for the Sound Management of Chemicals,ORG,3259,3326,doc_019,The-EU-Chemical-Industry
MFF Multiannual Financial Framework PFAS Per-,ORG,3326,3371,doc_019,The-EU-Chemical-Industry
PPA Power,ORG,3425,3434,doc_019,The-EU-Chemical-Industry
PPWR Packaging,ORG,3454,3468,doc_019,The-EU-Chemical-Industry
Restriction of Chemicals,ORG,3550,3574,doc_019,The-EU-Chemical-Industry
SUPD Single-Use Plastics,PERSON,3581,3605,doc_019,The-EU-Chemical-Industry
UNEP United Nations Environment Programme,ORG,3616,3657,doc_019,The-EU-Chemical-Industry
UNEP FI United Nations Environment Programme Finance,ORG,3658,3710,doc_019,The-EU-Chemical-Industry
1.1,CARDINAL,4310,4313,doc_019,The-EU-Chemical-Industry
1.2,CARDINAL,4445,4448,doc_019,The-EU-Chemical-Industry
Sustainability,ORG,4449,4463,doc_019,The-EU-Chemical-Industry
1.3 Mitigation,PRODUCT,4577,4591,doc_019,The-EU-Chemical-Industry
1.4,CARDINAL,4695,4698,doc_019,The-EU-Chemical-Industry
Interdependence,LOC,4699,4714,doc_019,The-EU-Chemical-Industry
3.1,CARDINAL,5110,5113,doc_019,The-EU-Chemical-Industry
3.2,CARDINAL,5196,5199,doc_019,The-EU-Chemical-Industry
3.3,CARDINAL,5493,5496,doc_019,The-EU-Chemical-Industry
3.4,CARDINAL,5684,5687,doc_019,The-EU-Chemical-Industry
3.5,CARDINAL,5870,5873,doc_019,The-EU-Chemical-Industry
3.6 Ensuring,ORG,5956,5968,doc_019,The-EU-Chemical-Industry
3.7,CARDINAL,6048,6051,doc_019,The-EU-Chemical-Industry
Contents,ORG,7132,7140,doc_019,The-EU-Chemical-Industry
The European Union’s,ORG,7179,7199,doc_019,The-EU-Chemical-Industry
second,ORDINAL,7223,7229,doc_019,The-EU-Chemical-Industry
Cefic,ORG,7248,7253,doc_019,The-EU-Chemical-Industry
2024a,DATE,7255,7260,doc_019,The-EU-Chemical-Industry
fourth,ORDINAL,7285,7291,doc_019,The-EU-Chemical-Industry
over a million,CARDINAL,7390,7404,doc_019,The-EU-Chemical-Industry
European Commission,ORG,7413,7432,doc_019,The-EU-Chemical-Industry
2025c,DATE,7775,7780,doc_019,The-EU-Chemical-Industry
Europe,LOC,8440,8446,doc_019,The-EU-Chemical-Industry
Three,CARDINAL,8682,8687,doc_019,The-EU-Chemical-Industry
the Global Framework on Chemicals,ORG,9044,9077,doc_019,The-EU-Chemical-Industry
EU Chemicals Industry Package,ORG,9089,9118,doc_019,The-EU-Chemical-Industry
12.6%,PERCENT,9990,9995,doc_019,The-EU-Chemical-Industry
2023,DATE,10012,10016,doc_019,The-EU-Chemical-Industry
2025b,DATE,10419,10424,doc_019,The-EU-Chemical-Industry
n.d.,GPE,10433,10437,doc_019,The-EU-Chemical-Industry
approximately 164 million tons,QUANTITY,10508,10538,doc_019,The-EU-Chemical-Industry
2019,DATE,10544,10548,doc_019,The-EU-Chemical-Industry
2050,DATE,10574,10578,doc_019,The-EU-Chemical-Industry
net-zero,CARDINAL,10579,10587,doc_019,The-EU-Chemical-Industry
Accenture,WORK_OF_ART,10596,10605,doc_019,The-EU-Chemical-Industry
2022,DATE,10607,10611,doc_019,The-EU-Chemical-Industry
million,CARDINAL,10705,10712,doc_019,The-EU-Chemical-Industry
"roughly 29,000",CARDINAL,10727,10741,doc_019,The-EU-Chemical-Industry
19 million,CARDINAL,10788,10798,doc_019,The-EU-Chemical-Industry
2017,DATE,11552,11556,doc_019,The-EU-Chemical-Industry
UNEP,ORG,11664,11668,doc_019,The-EU-Chemical-Industry
September 2023,DATE,11672,11686,doc_019,The-EU-Chemical-Industry
five,CARDINAL,11732,11736,doc_019,The-EU-Chemical-Industry
2024b,DATE,11904,11909,doc_019,The-EU-Chemical-Industry
◾The Chemicals Industry Package,ORG,12091,12122,doc_019,The-EU-Chemical-Industry
the Chemicals Industry Package,ORG,12176,12206,doc_019,The-EU-Chemical-Industry
European Chemicals Agency,ORG,12431,12457,doc_019,The-EU-Chemical-Industry
PFAS,ORG,12669,12673,doc_019,The-EU-Chemical-Industry
Simplification Package,PERSON,12712,12734,doc_019,The-EU-Chemical-Industry
the European Climate Law,LAW,13020,13044,doc_019,The-EU-Chemical-Industry
2021,DATE,13046,13050,doc_019,The-EU-Chemical-Industry
the Clean Industrial Deal,LAW,13054,13079,doc_019,The-EU-Chemical-Industry
2025)-integrating,CARDINAL,13081,13098,doc_019,The-EU-Chemical-Industry
the Industrial Decarbonization Accelerator Act,ORG,13116,13163,doc_019,The-EU-Chemical-Industry
the Industrial Decarbonization Bank,ORG,13175,13210,doc_019,The-EU-Chemical-Industry
2026,DATE,13245,13249,doc_019,The-EU-Chemical-Industry
the The European Pillar,ORG,13308,13331,doc_019,The-EU-Chemical-Industry
Social Rights Action Plan,ORG,13336,13361,doc_019,The-EU-Chemical-Industry
nearly 18%,PERCENT,13727,13737,doc_019,The-EU-Chemical-Industry
25%,PERCENT,13766,13769,doc_019,The-EU-Chemical-Industry
2025h,DATE,13841,13846,doc_019,The-EU-Chemical-Industry
annual,DATE,13927,13933,doc_019,The-EU-Chemical-Industry
tens of billions,MONEY,13966,13982,doc_019,The-EU-Chemical-Industry
euros (European Commission,ORG,13986,14012,doc_019,The-EU-Chemical-Industry
seven,CARDINAL,14479,14484,doc_019,The-EU-Chemical-Industry
three,CARDINAL,14500,14505,doc_019,The-EU-Chemical-Industry
transition3,PERSON,15251,15262,doc_019,The-EU-Chemical-Industry
four,CARDINAL,15856,15860,doc_019,The-EU-Chemical-Industry
Q4 2025,WORK_OF_ART,16444,16451,doc_019,The-EU-Chemical-Industry
2026+,DATE,16468,16473,doc_019,The-EU-Chemical-Industry
the coming months,DATE,16593,16610,doc_019,The-EU-Chemical-Industry
The Chemicals Industry Package,ORG,16711,16741,doc_019,The-EU-Chemical-Industry
the Clean Industrial Deal and Industrial Decarbonization Bank,LAW,16776,16837,doc_019,The-EU-Chemical-Industry
first,ORDINAL,17214,17219,doc_019,The-EU-Chemical-Industry
the United Nations Principles for Responsible Banking,ORG,17508,17562,doc_019,The-EU-Chemical-Industry
PRB,ORG,17564,17567,doc_019,The-EU-Chemical-Industry
PRB Target Setting on Financial Health and Inclusion,ORG,17621,17673,doc_019,The-EU-Chemical-Industry
Radar,PERSON,17701,17706,doc_019,The-EU-Chemical-Industry
the Regulatory Implementation Support Programme,ORG,17713,17760,doc_019,The-EU-Chemical-Industry
4th,ORDINAL,18653,18656,doc_019,The-EU-Chemical-Industry
Germany,GPE,18725,18732,doc_019,The-EU-Chemical-Industry
France,GPE,18734,18740,doc_019,The-EU-Chemical-Industry
Italy,GPE,18742,18747,doc_019,The-EU-Chemical-Industry
Netherlands,GPE,18757,18768,doc_019,The-EU-Chemical-Industry
two thirds,CARDINAL,18777,18787,doc_019,The-EU-Chemical-Industry
1.2 million,CARDINAL,18830,18841,doc_019,The-EU-Chemical-Industry
2020,DATE,18862,18866,doc_019,The-EU-Chemical-Industry
9.3%,PERCENT,18902,18906,doc_019,The-EU-Chemical-Industry
9.9%,PERCENT,18923,18927,doc_019,The-EU-Chemical-Industry
Over 50%,PERCENT,18961,18969,doc_019,The-EU-Chemical-Industry
96%,PERCENT,19034,19037,doc_019,The-EU-Chemical-Industry
70%,PERCENT,19075,19078,doc_019,The-EU-Chemical-Industry
the past decade,DATE,19266,19281,doc_019,The-EU-Chemical-Industry
Lorbeer,ORG,19326,19333,doc_019,The-EU-Chemical-Industry
2024,DATE,19347,19351,doc_019,The-EU-Chemical-Industry
Kortenkamp,GPE,20118,20128,doc_019,The-EU-Chemical-Industry
2014,DATE,20130,20134,doc_019,The-EU-Chemical-Industry
S&P Global,ORG,20354,20364,doc_019,The-EU-Chemical-Industry
Cleantech for Europe,ORG,21121,21141,doc_019,The-EU-Chemical-Industry
2024a)-as,CARDINAL,21427,21436,doc_019,The-EU-Chemical-Industry
about 50%,PERCENT,22049,22058,doc_019,The-EU-Chemical-Industry
International Energy Agency,ORG,22265,22268,doc_019,The-EU-Chemical-Industry
2024c,DATE,23267,23272,doc_019,The-EU-Chemical-Industry
Only 29%,PERCENT,23964,23972,doc_019,The-EU-Chemical-Industry
2016-2021,DATE,24026,24035,doc_019,The-EU-Chemical-Industry
77%,PERCENT,24150,24153,doc_019,The-EU-Chemical-Industry
23%,PERCENT,24225,24228,doc_019,The-EU-Chemical-Industry
"Between 31,000 and",CARDINAL,24473,24491,doc_019,The-EU-Chemical-Industry
"42,000 tonnes",QUANTITY,24492,24505,doc_019,The-EU-Chemical-Industry
annually,DATE,24535,24543,doc_019,The-EU-Chemical-Industry
Cleaner,PERSON,25277,25284,doc_019,The-EU-Chemical-Industry
Yankovitz,ORG,25849,25858,doc_019,The-EU-Chemical-Industry
2015,DATE,26437,26441,doc_019,The-EU-Chemical-Industry
CO2,PRODUCT,26568,26571,doc_019,The-EU-Chemical-Industry
(European Commission,ORG,27563,27583,doc_019,The-EU-Chemical-Industry
The Commission’s Transition Pathway,ORG,27678,27713,doc_019,The-EU-Chemical-Industry
2023b,DATE,27905,27910,doc_019,The-EU-Chemical-Industry
SectorChemical,ORG,29356,29370,doc_019,The-EU-Chemical-Industry
Agriculture & foodFertilizers,ORG,29414,29444,doc_019,The-EU-Chemical-Industry
Healthcare & pharmaceuticalsMedicines,ORG,29800,29838,doc_019,The-EU-Chemical-Industry
Current Good Manufacturing Practice,ORG,30072,30108,doc_019,The-EU-Chemical-Industry
Energy Refining,ORG,30143,30158,doc_019,The-EU-Chemical-Industry
Clean,NORP,30266,30271,doc_019,The-EU-Chemical-Industry
Transport & automotiveFuels,ORG,30663,30691,doc_019,The-EU-Chemical-Industry
Mining Reagents,PERSON,31396,31411,doc_019,The-EU-Chemical-Industry
new European Chemicals Agency,ORG,33421,33450,doc_019,The-EU-Chemical-Industry
Agency,ORG,33541,33547,doc_019,The-EU-Chemical-Industry
the Affordable Energy Action Plan,ORG,34114,34147,doc_019,The-EU-Chemical-Industry
2030,DATE,34474,34478,doc_019,The-EU-Chemical-Industry
2025d,DATE,34502,34507,doc_019,The-EU-Chemical-Industry
Innovation and Substitution Hubs,WORK_OF_ART,34568,34601,doc_019,The-EU-Chemical-Industry
Horizon Europe,LOC,34687,34701,doc_019,The-EU-Chemical-Industry
the Circular Economy Act,LAW,34946,34970,doc_019,The-EU-Chemical-Industry
2025e,DATE,35075,35080,doc_019,The-EU-Chemical-Industry
the Omnibus Simplification Package,ORG,35348,35382,doc_019,The-EU-Chemical-Industry
EUR,ORG,35401,35404,doc_019,The-EU-Chemical-Industry
Description Key,PERSON,35739,35754,doc_019,The-EU-Chemical-Industry
Clean Industrial Deal,WORK_OF_ART,35761,35783,doc_019,The-EU-Chemical-Industry
Q1 2025,DATE,35931,35938,doc_019,The-EU-Chemical-Industry
Industrial Decarbonization Accelerator Act*Accelerates,ORG,35939,35995,doc_019,The-EU-Chemical-Industry
CEAP,ORG,36239,36243,doc_019,The-EU-Chemical-Industry
CID,ORG,36338,36341,doc_019,The-EU-Chemical-Industry
CEA,ORG,36488,36491,doc_019,The-EU-Chemical-Industry
Industrial Decarbonization BankMobilizes,ORG,36680,36721,doc_019,The-EU-Chemical-Industry
Q2 2026,DATE,36841,36848,doc_019,The-EU-Chemical-Industry
Clean Industrial Deal State Aid Framework,WORK_OF_ART,36850,36892,doc_019,The-EU-Chemical-Industry
Q2 2025,DATE,37033,37040,doc_019,The-EU-Chemical-Industry
EIB,ORG,37052,37055,doc_019,The-EU-Chemical-Industry
500 million,CARDINAL,37061,37072,doc_019,The-EU-Chemical-Industry
2021-2027,DATE,37327,37336,doc_019,The-EU-Chemical-Industry
FoodTightens,ORG,37518,37530,doc_019,The-EU-Chemical-Industry
17.7%,PERCENT,38119,38124,doc_019,The-EU-Chemical-Industry
more than 25%,PERCENT,38227,38240,doc_019,The-EU-Chemical-Industry
The European Commission,ORG,38610,38633,doc_019,The-EU-Chemical-Industry
EUR 35 billion,MONEY,38704,38718,doc_019,The-EU-Chemical-Industry
between 2030,DATE,38732,38744,doc_019,The-EU-Chemical-Industry
37%,PERCENT,38814,38817,doc_019,The-EU-Chemical-Industry
EUR 12.95 billion,MONEY,38861,38878,doc_019,The-EU-Chemical-Industry
one,CARDINAL,39006,39009,doc_019,The-EU-Chemical-Industry
yearly,DATE,39071,39077,doc_019,The-EU-Chemical-Industry
EUR 12.6 billion,MONEY,39137,39153,doc_019,The-EU-Chemical-Industry
Chapter 1.1,LAW,39217,39228,doc_019,The-EU-Chemical-Industry
two to five,CARDINAL,39457,39468,doc_019,The-EU-Chemical-Industry
U.S,GPE,39488,39491,doc_019,The-EU-Chemical-Industry
China,GPE,39496,39501,doc_019,The-EU-Chemical-Industry
Pitchbook,ORG,39906,39915,doc_019,The-EU-Chemical-Industry
MSCI,ORG,40207,40211,doc_019,The-EU-Chemical-Industry
3.44%,PERCENT,40238,40243,doc_019,The-EU-Chemical-Industry
3.61%,PERCENT,40411,40416,doc_019,The-EU-Chemical-Industry
five years,DATE,40793,40803,doc_019,The-EU-Chemical-Industry
Morningstar,PERSON,40817,40828,doc_019,The-EU-Chemical-Industry
McKinsey,PERSON,40983,40991,doc_019,The-EU-Chemical-Industry
Lorbeer & Ezekoye,ORG,41098,41115,doc_019,The-EU-Chemical-Industry
EUR ~497.3 billion,MONEY,41234,41252,doc_019,The-EU-Chemical-Industry
USD 5.5 billion,MONEY,41301,41316,doc_019,The-EU-Chemical-Industry
EUR ~4.8 billion,MONEY,41318,41334,doc_019,The-EU-Chemical-Industry
Bloomberg,ORG,41366,41375,doc_019,The-EU-Chemical-Industry
"August 25, 2025",DATE,41387,41402,doc_019,The-EU-Chemical-Industry
2024 to July 2025,DATE,41410,41427,doc_019,The-EU-Chemical-Industry
USD 6.76 billion,MONEY,41475,41491,doc_019,The-EU-Chemical-Industry
EUR ~5.8 billion,MONEY,41493,41509,doc_019,The-EU-Chemical-Industry
recent years,DATE,41806,41818,doc_019,The-EU-Chemical-Industry
ESG,ORG,41827,41830,doc_019,The-EU-Chemical-Industry
◾The Industrial Decarbonization Bank,ORG,44279,44315,doc_019,The-EU-Chemical-Industry
CCfDs,ORG,44500,44505,doc_019,The-EU-Chemical-Industry
n.d (,ORG,44658,44663,doc_019,The-EU-Chemical-Industry
CISAF,ORG,44718,44723,doc_019,The-EU-Chemical-Industry
MFF,ORG,45018,45021,doc_019,The-EU-Chemical-Industry
2028-2034,DATE,45027,45036,doc_019,The-EU-Chemical-Industry
◾The European Commission,ORG,45437,45461,doc_019,The-EU-Chemical-Industry
Recovery and Resilience Facility,ORG,45596,45628,doc_019,The-EU-Chemical-Industry
Just Transition Fund,ORG,45702,45722,doc_019,The-EU-Chemical-Industry
Digital Europe Program,ORG,45728,45750,doc_019,The-EU-Chemical-Industry
Annex 2,ORG,45784,45791,doc_019,The-EU-Chemical-Industry
Chemicals,ORG,46339,46348,doc_019,The-EU-Chemical-Industry
Hydrogen Bank,ORG,47423,47436,doc_019,The-EU-Chemical-Industry
Bank of Circularity,ORG,47518,47537,doc_019,The-EU-Chemical-Industry
UNEP FI's,ORG,48235,48244,doc_019,The-EU-Chemical-Industry
Circular Economy,WORK_OF_ART,48245,48261,doc_019,The-EU-Chemical-Industry
Enabler,PERSON,48269,48276,doc_019,The-EU-Chemical-Industry
CSRD,ORG,49276,49280,doc_019,The-EU-Chemical-Industry
the European Sustainability Reporting Standards,ORG,49696,49743,doc_019,The-EU-Chemical-Industry
ESRS,ORG,49745,49749,doc_019,The-EU-Chemical-Industry
the Digital Product Passport,ORG,49806,49834,doc_019,The-EU-Chemical-Industry
DPP,ORG,49836,49839,doc_019,The-EU-Chemical-Industry
Ursula von,PERSON,49943,49953,doc_019,The-EU-Chemical-Industry
Leyen,GPE,49958,49963,doc_019,The-EU-Chemical-Industry
State of the Union,ORG,49987,50005,doc_019,The-EU-Chemical-Industry
2025a,DATE,50067,50072,doc_019,The-EU-Chemical-Industry
The UN Principles for Responsible Banking,ORG,50075,50116,doc_019,The-EU-Chemical-Industry
Sectors Mapping,PERSON,50155,50170,doc_019,The-EU-Chemical-Industry
◾One,CARDINAL,51301,51305,doc_019,The-EU-Chemical-Industry
enabler,PERSON,51310,51317,doc_019,The-EU-Chemical-Industry
2029,DATE,51394,51398,doc_019,The-EU-Chemical-Industry
more than 96%,PERCENT,52395,52408,doc_019,The-EU-Chemical-Industry
2023b)-to,CARDINAL,52445,52454,doc_019,The-EU-Chemical-Industry
the PRB Clients and Customers SME Engagement,ORG,52551,52595,doc_019,The-EU-Chemical-Industry
Financial Health,ORG,52744,52760,doc_019,The-EU-Chemical-Industry
Gender Equality and Women’s Empowerment,ORG,52784,52823,doc_019,The-EU-Chemical-Industry
European,NORP,53499,53507,doc_019,The-EU-Chemical-Industry
United States,GPE,53585,53587,doc_019,The-EU-Chemical-Industry
OPIS,PRODUCT,53689,53693,doc_019,The-EU-Chemical-Industry
the Action Plan on Affordable Energy,LAW,53729,53765,doc_019,The-EU-Chemical-Industry
the European Grids Package,ORG,53767,53793,doc_019,The-EU-Chemical-Industry
the Renewable Energy Directive,ORG,53800,53830,doc_019,The-EU-Chemical-Industry
Circular Economy Act,LAW,54087,54107,doc_019,The-EU-Chemical-Industry
the Single-Use Plastics Directive,FAC,54238,54272,doc_019,The-EU-Chemical-Industry
European Commisssion,ORG,54623,54643,doc_019,The-EU-Chemical-Industry
the European Climate Law’s 2030,LAW,56035,56066,doc_019,The-EU-Chemical-Industry
2040,DATE,56068,56072,doc_019,The-EU-Chemical-Industry
Chemicals Package,ORG,57652,57669,doc_019,The-EU-Chemical-Industry
the Clean Industrial Deal (EBF,LAW,58262,58292,doc_019,The-EU-Chemical-Industry
EUR 30 million,PRODUCT,58397,58411,doc_019,The-EU-Chemical-Industry
Green Steel,ORG,58735,58746,doc_019,The-EU-Chemical-Industry
Swedish,NORP,58752,58759,doc_019,The-EU-Chemical-Industry
up to 95%,PERCENT,58955,58964,doc_019,The-EU-Chemical-Industry
EU Innovation Fund,ORG,59096,59114,doc_019,The-EU-Chemical-Industry
Riksgälden,ORG,59116,59126,doc_019,The-EU-Chemical-Industry
Euler Hermes,ORG,59128,59140,doc_019,The-EU-Chemical-Industry
3.4 billion,CARDINAL,59461,59472,doc_019,The-EU-Chemical-Industry
Italy’s Palermo-Catania,ORG,59515,59538,doc_019,The-EU-Chemical-Industry
Intesa Sanpaolo Imi Corporate & Investment Banking Division,ORG,59582,59641,doc_019,The-EU-Chemical-Industry
CDP,ORG,59652,59655,doc_019,The-EU-Chemical-Industry
Agriculture Bioeconomy,PERSON,59930,59952,doc_019,The-EU-Chemical-Industry
Marine Sites Association,ORG,59957,59982,doc_019,The-EU-Chemical-Industry
BaMS,ORG,60052,60056,doc_019,The-EU-Chemical-Industry
BMEL,ORG,60266,60270,doc_019,The-EU-Chemical-Industry
The European Commission's,ORG,60436,60461,doc_019,The-EU-Chemical-Industry
Chemicals Industry Package,ORG,60462,60488,doc_019,The-EU-Chemical-Industry
the Chemicals Industry,ORG,60631,60653,doc_019,The-EU-Chemical-Industry
Critical Chemicals Alliance,ORG,60820,60847,doc_019,The-EU-Chemical-Industry
Global Framework on Chemicals International Conference,ORG,61311,61365,doc_019,The-EU-Chemical-Industry
November 2026,DATE,61368,61381,doc_019,The-EU-Chemical-Industry
the Global Framework on Chemicals Implementation Programs,ORG,61453,61510,doc_019,The-EU-Chemical-Industry
Q4 2025,ORG,61696,61703,doc_019,The-EU-Chemical-Industry
Topics,NORP,62723,62729,doc_019,The-EU-Chemical-Industry
Wages Social,ORG,63408,63420,doc_019,The-EU-Chemical-Industry
ECHARevision,PRODUCT,64049,64061,doc_019,The-EU-Chemical-Industry
Global Framework,PERSON,64092,64108,doc_019,The-EU-Chemical-Industry
ChemicalsThe Global Framework on Chemicals,WORK_OF_ART,64113,64155,doc_019,The-EU-Chemical-Industry
GFC,ORG,64158,64161,doc_019,The-EU-Chemical-Industry
Sweden,GPE,64390,64399,doc_019,The-EU-Chemical-Industry
ConventionsThree,ORG,64402,64418,doc_019,The-EU-Chemical-Industry
2013,DATE,64774,64778,doc_019,The-EU-Chemical-Industry
Minimata Convention,LOC,64779,64798,doc_019,The-EU-Chemical-Industry
MercuryDesigned,ORG,64803,64818,doc_019,The-EU-Chemical-Industry
55%,PERCENT,65045,65048,doc_019,The-EU-Chemical-Industry
Global Plastic Treaty,ORG,66107,66129,doc_019,The-EU-Chemical-Industry
a Global Plastic Treaty,WORK_OF_ART,66184,66208,doc_019,The-EU-Chemical-Industry
Q1 2025 Revision,DATE,66534,66550,doc_019,The-EU-Chemical-Industry
Carbon Border Adjustment Mechanism) Revision,ORG,66561,66607,doc_019,The-EU-Chemical-Industry
Carbon Border Adjustment Mechanism,LAW,66641,66645,doc_019,The-EU-Chemical-Industry
January 2026,DATE,66749,66761,doc_019,The-EU-Chemical-Industry
2027,DATE,67164,67168,doc_019,The-EU-Chemical-Industry
CLP,ORG,67467,67470,doc_019,The-EU-Chemical-Industry
the end of 2025,DATE,67539,67554,doc_019,The-EU-Chemical-Industry
Social Fairness,ORG,67879,67895,doc_019,The-EU-Chemical-Industry
Modern EconomyPromotes,ORG,67904,67926,doc_019,The-EU-Chemical-Industry
Social Climate Fund,ORG,68307,68326,doc_019,The-EU-Chemical-Industry
2032,DATE,68354,68358,doc_019,The-EU-Chemical-Industry
Emissions Trading System 2,ORG,68413,68439,doc_019,The-EU-Chemical-Industry
Occupational Safety and Health Framework,ORG,68461,68503,doc_019,The-EU-Chemical-Industry
Social Rights Action Plan Initiative,ORG,68654,68691,doc_019,The-EU-Chemical-Industry
Union of Skills,ORG,69449,69464,doc_019,The-EU-Chemical-Industry
March 2025,DATE,69607,69617,doc_019,The-EU-Chemical-Industry
Joint Pact,WORK_OF_ART,69618,69628,doc_019,The-EU-Chemical-Industry
European Social DialogueFormal,ORG,69634,69665,doc_019,The-EU-Chemical-Industry
100 billion,MONEY,70418,70429,doc_019,The-EU-Chemical-Industry
Clean Industrial Deal State,WORK_OF_ART,70547,70575,doc_019,The-EU-Chemical-Industry
Digital Agenda,ORG,71920,71934,doc_019,The-EU-Chemical-Industry
States LIFE Programme Finances,ORG,72115,72145,doc_019,The-EU-Chemical-Industry
Horizon Europe,ORG,72360,72374,doc_019,The-EU-Chemical-Industry
Digital Europe,ORG,72779,72793,doc_019,The-EU-Chemical-Industry
ProgrammeProvides,ORG,72795,72812,doc_019,The-EU-Chemical-Industry
around 13%,PERCENT,73368,73378,doc_019,The-EU-Chemical-Industry
Umbrella,ORG,73682,73690,doc_019,The-EU-Chemical-Industry
"130,000",CARDINAL,73708,73715,doc_019,The-EU-Chemical-Industry
REACH,ORG,73889,73894,doc_019,The-EU-Chemical-Industry
CLP,WORK_OF_ART,73896,73899,doc_019,The-EU-Chemical-Industry
BPR,ORG,73902,73905,doc_019,The-EU-Chemical-Industry
PIC,ORG,73907,73910,doc_019,The-EU-Chemical-Industry
70+,DATE,74916,74919,doc_019,The-EU-Chemical-Industry
zero,CARDINAL,75265,75269,doc_019,The-EU-Chemical-Industry
Blumenthal,PERSON,75469,75479,doc_019,The-EU-Chemical-Industry
Wang,PERSON,75513,75517,doc_019,The-EU-Chemical-Industry
Break,GPE,75538,75543,doc_019,The-EU-Chemical-Industry
Bioökonomie,PERSON,75704,75715,doc_019,The-EU-Chemical-Industry
Deutschland-Chancen,ORG,75720,75739,doc_019,The-EU-Chemical-Industry
Zukunft,ORG,75778,75785,doc_019,The-EU-Chemical-Industry
German Federal Ministry of Education and Research,ORG,75787,75837,doc_019,The-EU-Chemical-Industry
Federal Ministry of Food and Agriculture,ORG,75843,75883,doc_019,The-EU-Chemical-Industry
2024,CARDINAL,76089,76093,doc_019,The-EU-Chemical-Industry
Facts and Figures,WORK_OF_ART,76094,76111,doc_019,The-EU-Chemical-Industry
pean,NORP,76162,76166,doc_019,The-EU-Chemical-Industry
Chemical Industry,ORG,76202,76219,doc_019,The-EU-Chemical-Industry
Requirements,PERSON,76701,76713,doc_019,The-EU-Chemical-Industry
Circular,ORG,76721,76729,doc_019,The-EU-Chemical-Industry
Autono,PERSON,76752,76758,doc_019,The-EU-Chemical-Industry
EU Chemical Industry-The,ORG,76766,76790,doc_019,The-EU-Chemical-Industry
Policy-Requirements,ORG,76885,76904,doc_019,The-EU-Chemical-Industry
Cleantech,ORG,77014,77023,doc_019,The-EU-Chemical-Industry
Europe Cleantech,FAC,77070,77086,doc_019,The-EU-Chemical-Industry
reurope.com/publications/cleantech-reali,NORP,77113,77153,doc_019,The-EU-Chemical-Industry
Hinshawa H.,PERSON,77205,77216,doc_019,The-EU-Chemical-Industry
Landrigane,GPE,77219,77229,doc_019,The-EU-Chemical-Industry
Park,PERSON,77236,77240,doc_019,The-EU-Chemical-Industry
Symeonides,GPE,77247,77257,doc_019,The-EU-Chemical-Industry
National Academy of Sciences of,ORG,77350,77381,doc_019,The-EU-Chemical-Industry
Transition & the Clean Industrial Deal,ORG,77823,77861,doc_019,The-EU-Chemical-Industry
European Banking Federation,ORG,77864,77891,doc_019,The-EU-Chemical-Industry
the European Central Bank,ORG,78155,78181,doc_019,The-EU-Chemical-Industry
May 2025,DATE,78187,78195,doc_019,The-EU-Chemical-Industry
European Central Bank,ORG,78314,78336,doc_019,The-EU-Chemical-Industry
Health European Environment Agency,ORG,78456,78491,doc_019,The-EU-Chemical-Industry
Europe European,NORP,78634,78649,doc_019,The-EU-Chemical-Industry
European Environmental Agency,ORG,78804,78833,doc_019,The-EU-Chemical-Industry
Zero,CARDINAL,78931,78935,doc_019,The-EU-Chemical-Industry
European Environment Agency,ORG,78976,79003,doc_019,The-EU-Chemical-Industry
european,NORP,79211,79219,doc_019,The-EU-Chemical-Industry
European Investment Bank,ORG,79400,79424,doc_019,The-EU-Chemical-Industry
EIB Group,ORG,79508,79517,doc_019,The-EU-Chemical-Industry
2025,CARDINAL,81192,81196,doc_019,The-EU-Chemical-Industry
State of the Union Address,ORG,81198,81224,doc_019,The-EU-Chemical-Industry
von,PERSON,81238,81243,doc_019,The-EU-Chemical-Industry
ReferencesEuropean Commission,ORG,81622,81651,doc_019,The-EU-Chemical-Industry
competi - tion-policy.ec.europa.eu/about/contribu,PERSON,81735,81784,doc_019,The-EU-Chemical-Industry
Jørgensen,PERSON,81929,81938,doc_019,The-EU-Chemical-Industry
eu/commission,ORG,82244,82257,doc_019,The-EU-Chemical-Industry
commission.europa.eu/,PERSON,82738,82759,doc_019,The-EU-Chemical-Industry
Sustainable Finance,ORG,82876,82895,doc_019,The-EU-Chemical-Industry
Global Chemicals Outlook II Chapter Highlight: Overview of the Global Chemical Industry,ORG,83320,83409,doc_019,The-EU-Chemical-Industry
International Institute,ORG,83411,83434,doc_019,The-EU-Chemical-Industry
Kortenkamp,PERSON,83574,83584,doc_019,The-EU-Chemical-Industry
Curr Opin Pharmacol,PERSON,83729,83748,doc_019,The-EU-Chemical-Industry
McKinsey & Company,ORG,83899,83917,doc_019,The-EU-Chemical-Industry
MSCI,PERSON,84045,84049,doc_019,The-EU-Chemical-Industry
Standard,PERSON,84091,84099,doc_019,The-EU-Chemical-Industry
MSCI ACWI Index,PERSON,84308,84324,doc_019,The-EU-Chemical-Industry
USD,ORG,84326,84329,doc_019,The-EU-Chemical-Industry
Europe Chemical Industry,ORG,84605,84629,doc_019,The-EU-Chemical-Industry
Jean-Marc Poilpré,ORG,84907,84924,doc_019,The-EU-Chemical-Industry
Stoxx,GPE,85034,85039,doc_019,The-EU-Chemical-Industry
INDEX,ORG,85066,85071,doc_019,The-EU-Chemical-Industry
stoxx.com/document/ Bookmarks/CurrentComponents/SXXGV.pdf,PERSON,85134,85191,doc_019,The-EU-Chemical-Industry
Commodity Insights,ORG,85417,85435,doc_019,The-EU-Chemical-Industry
UNEP-UN Environment Programme,ORG,85679,85709,doc_019,The-EU-Chemical-Industry
Programme,LOC,85935,85944,doc_019,The-EU-Chemical-Industry
Advancing Gender Equality,PERSON,86050,86076,doc_019,The-EU-Chemical-Industry
Finan-,FAC,86242,86248,doc_019,The-EU-Chemical-Industry
Health and Inclusion of Individuals,ORG,86254,86289,doc_019,The-EU-Chemical-Industry
World Health Organization,ORG,86863,86888,doc_019,The-EU-Chemical-Industry
who.int/,DATE,86890,86898,doc_019,The-EU-Chemical-Industry
Yankovitz,PERSON,87057,87066,doc_019,The-EU-Chemical-Industry
Hardin,GPE,87072,87078,doc_019,The-EU-Chemical-Industry
Christian,NORP,87099,87108,doc_019,The-EU-Chemical-Industry
Chemical Industry Outlook,ORG,87126,87152,doc_019,The-EU-Chemical-Industry
Deloitte Insights,PERSON,87154,87171,doc_019,The-EU-Chemical-Industry
more than 30 years,DATE,87599,87617,doc_019,The-EU-Chemical-Industry
Initiative,ORG,87622,87632,doc_019,The-EU-Chemical-Industry
more than 500,CARDINAL,87965,87978,doc_019,The-EU-Chemical-Industry
FI’s Principles for Responsible Banking and Principles for Sustainable Insurance,WORK_OF_ART,88034,88115,doc_019,The-EU-Chemical-Industry
1992,DATE,88381,88385,doc_019,The-EU-Chemical-Industry
Today,DATE,88470,88475,doc_019,The-EU-Chemical-Industry
Initiative,NORP,88481,88491,doc_019,The-EU-Chemical-Industry
Africa,LOC,88642,88648,doc_019,The-EU-Chemical-Industry
the Middle East,LOC,88652,88667,doc_019,The-EU-Chemical-Industry
Asia Pacific,LOC,88669,88681,doc_019,The-EU-Chemical-Industry
Latin America &,ORG,88691,88707,doc_019,The-EU-Chemical-Industry
Caribbean,LOC,88712,88721,doc_019,The-EU-Chemical-Industry
North America,GPE,88726,88739,doc_019,The-EU-Chemical-Industry
Background,FAC,63,73,doc_020,WWF Hydrogen Recommendation
the Paris Agreement,EVENT,114,133,doc_020,WWF Hydrogen Recommendation
Germany,GPE,135,142,doc_020,WWF Hydrogen Recommendation
1.5,CARDINAL,211,214,doc_020,WWF Hydrogen Recommendation
2045,CARDINAL,266,270,doc_020,WWF Hydrogen Recommendation
the coming decades,DATE,494,512,doc_020,WWF Hydrogen Recommendation
this decade,DATE,568,579,doc_020,WWF Hydrogen Recommendation
WWF,ORG,709,712,doc_020,WWF Hydrogen Recommendation
first,ORDINAL,1310,1315,doc_020,WWF Hydrogen Recommendation
European,NORP,1584,1592,doc_020,WWF Hydrogen Recommendation
2030,DATE,1818,1822,doc_020,WWF Hydrogen Recommendation
Background,PERSON,2130,2140,doc_020,WWF Hydrogen Recommendation
Publication,PRODUCT,2208,2219,doc_020,WWF Hydrogen Recommendation
German,NORP,2656,2662,doc_020,WWF Hydrogen Recommendation
2.1,CARDINAL,2859,2862,doc_020,WWF Hydrogen Recommendation
today,DATE,2886,2891,doc_020,WWF Hydrogen Recommendation
grey hydrogen,ORG,2989,3003,doc_020,WWF Hydrogen Recommendation
100%,PERCENT,3266,3270,doc_020,WWF Hydrogen Recommendation
Klimaneutrales Deutschland,PERSON,4143,4169,doc_020,WWF Hydrogen Recommendation
2045,DATE,4174,4178,doc_020,WWF Hydrogen Recommendation
Agora Energiewende,ORG,4239,4257,doc_020,WWF Hydrogen Recommendation
approx,GPE,4397,4403,doc_020,WWF Hydrogen Recommendation
30%,PERCENT,4405,4408,doc_020,WWF Hydrogen Recommendation
2022.2,CARDINAL,4603,4609,doc_020,WWF Hydrogen Recommendation
C(2021)2800 / -Assessment,ORG,5049,5076,doc_020,WWF Hydrogen Recommendation
2 Fraunhofer ISE,ORG,5152,5168,doc_020,WWF Hydrogen Recommendation
2023,DATE,5170,5174,doc_020,WWF Hydrogen Recommendation
Öffentliche Nettostromerzeugung,PERSON,5177,5208,doc_020,WWF Hydrogen Recommendation
Jahr 2022,PERSON,5227,5236,doc_020,WWF Hydrogen Recommendation
the Buildings Energy Act,LAW,5916,5940,doc_020,WWF Hydrogen Recommendation
at least 65%,PERCENT,6161,6173,doc_020,WWF Hydrogen Recommendation
1 January 2025,DATE,6194,6208,doc_020,WWF Hydrogen Recommendation
Russian,NORP,6231,6238,doc_020,WWF Hydrogen Recommendation
Ukraine,GPE,6260,6267,doc_020,WWF Hydrogen Recommendation
one year,DATE,6340,6348,doc_020,WWF Hydrogen Recommendation
1 January 2024,DATE,6383,6397,doc_020,WWF Hydrogen Recommendation
65%,PERCENT,6496,6499,doc_020,WWF Hydrogen Recommendation
the coming years,DATE,6691,6707,doc_020,WWF Hydrogen Recommendation
69%,PERCENT,7477,7480,doc_020,WWF Hydrogen Recommendation
26%,PERCENT,7502,7505,doc_020,WWF Hydrogen Recommendation
13%,PERCENT,7526,7529,doc_020,WWF Hydrogen Recommendation
mu st be given,PERSON,8285,8299,doc_020,WWF Hydrogen Recommendation
Gebäudesektor,PERSON,8478,8491,doc_020,WWF Hydrogen Recommendation
Publikationen,ORG,8504,8517,doc_020,WWF Hydrogen Recommendation
Klima,PERSON,8523,8528,doc_020,WWF Hydrogen Recommendation
BUND,ORG,8591,8595,doc_020,WWF Hydrogen Recommendation
DUH,ORG,8597,8600,doc_020,WWF Hydrogen Recommendation
Gebäude,PERSON,8640,8647,doc_020,WWF Hydrogen Recommendation
2018,DATE,8751,8755,doc_020,WWF Hydrogen Recommendation
Kosten,PERSON,8774,8780,doc_020,WWF Hydrogen Recommendation
strombasierter synth,DATE,8781,8801,doc_020,WWF Hydrogen Recommendation
Brennstoffe,PERSON,8812,8823,doc_020,WWF Hydrogen Recommendation
Today,DATE,9615,9620,doc_020,WWF Hydrogen Recommendation
83%,PERCENT,9704,9707,doc_020,WWF Hydrogen Recommendation
71%,PERCENT,9774,9777,doc_020,WWF Hydrogen Recommendation
87%,PERCENT,9801,9804,doc_020,WWF Hydrogen Recommendation
99.9%,PERCENT,9833,9838,doc_020,WWF Hydrogen Recommendation
60%,PERCENT,10327,10330,doc_020,WWF Hydrogen Recommendation
CO 2,PRODUCT,10417,10421,doc_020,WWF Hydrogen Recommendation
90%,PERCENT,10827,10830,doc_020,WWF Hydrogen Recommendation
one,CARDINAL,10886,10889,doc_020,WWF Hydrogen Recommendation
35%,PERCENT,10943,10946,doc_020,WWF Hydrogen Recommendation
49%,PERCENT,11042,11045,doc_020,WWF Hydrogen Recommendation
"1,450",CARDINAL,11148,11153,doc_020,WWF Hydrogen Recommendation
Federal Ministry for Economic Affairs,ORG,11178,11215,doc_020,WWF Hydrogen Recommendation
Climate Action,ORG,11220,11234,doc_020,WWF Hydrogen Recommendation
BMWK,ORG,11236,11240,doc_020,WWF Hydrogen Recommendation
2019,DATE,11243,11247,doc_020,WWF Hydrogen Recommendation
dem Energiesektor,ORG,11318,11335,doc_020,WWF Hydrogen Recommendation
7 International PtX Hub/PtX Training,ORG,11426,11462,doc_020,WWF Hydrogen Recommendation
2021,DATE,11464,11468,doc_020,WWF Hydrogen Recommendation
International Energy Agency,ORG,11480,11483,doc_020,WWF Hydrogen Recommendation
2020,DATE,11485,11489,doc_020,WWF Hydrogen Recommendation
Iron and Steel,ORG,11492,11506,doc_020,WWF Hydrogen Recommendation
8 WWF,MONEY,11646,11651,doc_020,WWF Hydrogen Recommendation
Klimaschutz,PERSON,11660,11671,doc_020,WWF Hydrogen Recommendation
Beton,ORG,11679,11684,doc_020,WWF Hydrogen Recommendation
Zementindustrie - Hintergrund,PERSON,11691,11720,doc_020,WWF Hydrogen Recommendation
Handlungsoptionen,PERSON,11726,11743,doc_020,WWF Hydrogen Recommendation
PDF/WWF_Klimaschutz_in_der_Beton,ORG,11774,11806,doc_020,WWF Hydrogen Recommendation
70%,PERCENT,12239,12242,doc_020,WWF Hydrogen Recommendation
20%,PERCENT,12255,12258,doc_020,WWF Hydrogen Recommendation
587 kg CO 2,QUANTITY,12503,12514,doc_020,WWF Hydrogen Recommendation
Chemical,ORG,13116,13124,doc_020,WWF Hydrogen Recommendation
74%,PERCENT,13203,13206,doc_020,WWF Hydrogen Recommendation
11%,PERCENT,13320,13323,doc_020,WWF Hydrogen Recommendation
only 13%,PERCENT,13356,13364,doc_020,WWF Hydrogen Recommendation
Tod,PERSON,13582,13585,doc_020,WWF Hydrogen Recommendation
more than half,CARDINAL,14024,14038,doc_020,WWF Hydrogen Recommendation
BMK,ORG,14517,14520,doc_020,WWF Hydrogen Recommendation
10 WWF,MONEY,14642,14648,doc_020,WWF Hydrogen Recommendation
11 WWF,MONEY,14834,14840,doc_020,WWF Hydrogen Recommendation
Wie,ORG,14849,14852,doc_020,WWF Hydrogen Recommendation
CO2,PRODUCT,14870,14873,doc_020,WWF Hydrogen Recommendation
Rohstoff,GPE,14878,14886,doc_020,WWF Hydrogen Recommendation
Hanna Dura,PERSON,14916,14926,doc_020,WWF Hydrogen Recommendation
Flexible Nutzung,PERSON,14987,15003,doc_020,WWF Hydrogen Recommendation
Ressourcen,PERSON,15017,15027,doc_020,WWF Hydrogen Recommendation
Optionen,PERSON,15035,15043,doc_020,WWF Hydrogen Recommendation
Energiesystem,ORG,15066,15079,doc_020,WWF Hydrogen Recommendation
94%,PERCENT,15402,15405,doc_020,WWF Hydrogen Recommendation
around 4%,PERCENT,15429,15438,doc_020,WWF Hydrogen Recommendation
about 2%,PERCENT,15578,15586,doc_020,WWF Hydrogen Recommendation
Power -to-Gas/Power -to-Liquid,ORG,15996,16026,doc_020,WWF Hydrogen Recommendation
the CO 2,PRODUCT,16237,16245,doc_020,WWF Hydrogen Recommendation
13 WWF,MONEY,16661,16667,doc_020,WWF Hydrogen Recommendation
Wie Klimaneutral,ORG,16676,16692,doc_020,WWF Hydrogen Recommendation
Carbon Capture,ORG,16725,16739,doc_020,WWF Hydrogen Recommendation
Power-to-X,PERSON,17222,17225,doc_020,WWF Hydrogen Recommendation
possib le,PERSON,17889,17898,doc_020,WWF Hydrogen Recommendation
European Union,ORG,17913,17915,doc_020,WWF Hydrogen Recommendation
One,CARDINAL,17923,17926,doc_020,WWF Hydrogen Recommendation
Non -Biological Origin,ORG,18025,18047,doc_020,WWF Hydrogen Recommendation
RED II,ORG,18214,18220,doc_020,WWF Hydrogen Recommendation
European Commission,ORG,18222,18245,doc_020,WWF Hydrogen Recommendation
RED II,EVENT,18375,18381,doc_020,WWF Hydrogen Recommendation
two,CARDINAL,18506,18509,doc_020,WWF Hydrogen Recommendation
• Renewable,ORG,18530,18541,doc_020,WWF Hydrogen Recommendation
National,ORG,19710,19718,doc_020,WWF Hydrogen Recommendation
the Global South,LOC,19786,19803,doc_020,WWF Hydrogen Recommendation
Sustainable Development Goals,ORG,19876,19905,doc_020,WWF Hydrogen Recommendation
the United Nations,ORG,19918,19936,doc_020,WWF Hydrogen Recommendation
Affordable and Clean Energy,ORG,19994,20021,doc_020,WWF Hydrogen Recommendation
EUR,ORG,20126,20129,doc_020,WWF Hydrogen Recommendation
Innovation and Infrastructure,WORK_OF_ART,20313,20342,doc_020,WWF Hydrogen Recommendation
• Preserving,ORG,21637,21649,doc_020,WWF Hydrogen Recommendation
9 l per kg,QUANTITY,23213,23223,doc_020,WWF Hydrogen Recommendation
• Land,ORG,23806,23812,doc_020,WWF Hydrogen Recommendation
• Human,ORG,24887,24894,doc_020,WWF Hydrogen Recommendation
the UN Charter on Human Rights,ORG,25176,25206,doc_020,WWF Hydrogen Recommendation
Nachhaltigkeitskriterien,PERSON,25650,25674,doc_020,WWF Hydrogen Recommendation
Importprojekte von,PERSON,25679,25699,doc_020,WWF Hydrogen Recommendation
• Indigenous,GPE,26089,26101,doc_020,WWF Hydrogen Recommendation
Governance,PERSON,26648,26658,doc_020,WWF Hydrogen Recommendation
more than 10 years,DATE,28022,28040,doc_020,WWF Hydrogen Recommendation
2022,DATE,28405,28409,doc_020,WWF Hydrogen Recommendation
900 million,CARDINAL,28436,28447,doc_020,WWF Hydrogen Recommendation
third,ORDINAL,28695,28700,doc_020,WWF Hydrogen Recommendation
The European Commission,ORG,28727,28751,doc_020,WWF Hydrogen Recommendation
Europe,LOC,28875,28881,doc_020,WWF Hydrogen Recommendation
The H2Global Instrument,WORK_OF_ART,28977,29001,doc_020,WWF Hydrogen Recommendation
Norway,GPE,29601,29607,doc_020,WWF Hydrogen Recommendation
16 March 2022,DATE,29611,29624,doc_020,WWF Hydrogen Recommendation
France,GPE,29827,29832,doc_020,WWF Hydrogen Recommendation
The National Hydrogen Strategy,ORG,30128,30159,doc_020,WWF Hydrogen Recommendation
a few years,DATE,30739,30750,doc_020,WWF Hydrogen Recommendation
Carbon Contracts for Difference,ORG,30861,30892,doc_020,WWF Hydrogen Recommendation
The Federal Ministry for Economic Affairs,ORG,31000,31041,doc_020,WWF Hydrogen Recommendation
CCfDs,ORG,31133,31138,doc_020,WWF Hydrogen Recommendation
50%,PERCENT,31853,31856,doc_020,WWF Hydrogen Recommendation
2030.18,CARDINAL,31881,31888,doc_020,WWF Hydrogen Recommendation
Klimaneutrales Deutschla,PERSON,32155,32179,doc_020,WWF Hydrogen Recommendation
Wie Deutschland,PERSON,32189,32204,doc_020,WWF Hydrogen Recommendation
Klimaziele,PERSON,32212,32222,doc_020,WWF Hydrogen Recommendation
2050,DATE,32233,32237,doc_020,WWF Hydrogen Recommendation
the National Hydrogen Strategy,ORG,32696,32726,doc_020,WWF Hydrogen Recommendation
LNG,ORG,32757,32760,doc_020,WWF Hydrogen Recommendation
annual,DATE,33803,33809,doc_020,WWF Hydrogen Recommendation
500 billion,MONEY,33831,33842,doc_020,WWF Hydrogen Recommendation
zero,CARDINAL,34402,34406,doc_020,WWF Hydrogen Recommendation
AVV,ORG,34967,34970,doc_020,WWF Hydrogen Recommendation
1 January 2022,DATE,35061,35075,doc_020,WWF Hydrogen Recommendation
"Andreas/Küper, Malte",ORG,35449,35469,doc_020,WWF Hydrogen Recommendation
Green Public Procurement,ORG,35478,35502,doc_020,WWF Hydrogen Recommendation
Beschaffung,GPE,35535,35546,doc_020,WWF Hydrogen Recommendation
LOHC,ORG,36698,36702,doc_020,WWF Hydrogen Recommendation
a few thousand kilometres,QUANTITY,36926,36951,doc_020,WWF Hydrogen Recommendation
20 -30 years,DATE,37775,37787,doc_020,WWF Hydrogen Recommendation
decades,DATE,38026,38033,doc_020,WWF Hydrogen Recommendation
European Hydrogen Backbone,ORG,38727,38753,doc_020,WWF Hydrogen Recommendation
21 E3G,PERCENT,38866,38872,doc_020,WWF Hydrogen Recommendation
E3G Hydrogen Factsheet Infrastructure,ORG,38881,38918,doc_020,WWF Hydrogen Recommendation
WWF Germany,GPE,39093,39104,doc_020,WWF Hydrogen Recommendation
July 2023,DATE,39106,39115,doc_020,WWF Hydrogen Recommendation
Ulrike Hinz,PERSON,39125,39136,doc_020,WWF Hydrogen Recommendation
Lisa -Maria Okken,PERSON,39138,39155,doc_020,WWF Hydrogen Recommendation
Collaborators Viviane Raddatz,ORG,39171,39200,doc_020,WWF Hydrogen Recommendation
Sebastian Breer,PERSON,39202,39217,doc_020,WWF Hydrogen Recommendation
Lobbying Register,ORG,39246,39263,doc_020,WWF Hydrogen Recommendation
